id,dataset,type,model,prediction,confidence,correct,parse_success,inference_time
0,boolq,boolean,meta-llama/Llama-3.2-1B,your_answer_here,0.85,0,True,1.0761276930570602
1,commonsenseqa,text,meta-llama/Llama-3.2-1B,your_answer_here,0.85,0,True,1.0761276930570602
2,truthfulqa,text,meta-llama/Llama-3.2-1B,your_answer_here,0.85,0,True,1.0761276930570602
3,commonsenseqa,text,meta-llama/Llama-3.2-1B,needle,0.85,0,True,1.0761276930570602
4,boolq,boolean,meta-llama/Llama-3.2-1B,your_answer_here,0.85,0,True,1.0761276930570602
5,truthfulqa,text,meta-llama/Llama-3.2-1B,your_answer_here,0.85,0,True,1.0761276930570602
6,truthfulqa,text,meta-llama/Llama-3.2-1B,The answer is 42,0.85,0,True,1.0761276930570602
7,gsm8k,numeric,meta-llama/Llama-3.2-1B,your_answer_here,0.85,0,True,1.0761276930570602
8,boolq,boolean,meta-llama/Llama-3.2-1B,your_answer_here,0.85,0,True,1.0761276930570602
9,gsm8k,numeric,meta-llama/Llama-3.2-1B,your_answer_here,0.85,0,True,1.0761276930570602
10,gsm8k,numeric,meta-llama/Llama-3.2-1B,your_answer_here,0.85,0,True,1.0761276930570602
11,boolq,boolean,meta-llama/Llama-3.2-1B,true,0.85,0,True,1.0761276930570602
12,gsm8k,numeric,meta-llama/Llama-3.2-1B,your_answer_here,0.85,0,True,1.0761276930570602
13,gsm8k,numeric,meta-llama/Llama-3.2-1B,your_answer_here,0.85,0,True,1.0761276930570602
14,commonsenseqa,text,meta-llama/Llama-3.2-1B,your_answer_here,0.85,0,True,1.0761276930570602
15,commonsenseqa,text,meta-llama/Llama-3.2-1B,your_answer_here,0.85,0,True,1.0761276930570602
16,commonsenseqa,text,meta-llama/Llama-3.2-1B,your_answer_here,0.85,0,True,1.0765479058027267
17,boolq,boolean,meta-llama/Llama-3.2-1B,your_answer_here,0.85,0,True,1.0765479058027267
18,boolq,boolean,meta-llama/Llama-3.2-1B,your_answer_here,0.85,0,True,1.0765479058027267
19,boolq,boolean,meta-llama/Llama-3.2-1B,your_answer_here,0.85,0,True,1.0765479058027267
20,truthfulqa,text,meta-llama/Llama-3.2-1B,your_answer_here,0.85,0,True,1.0765479058027267
21,gsm8k,numeric,meta-llama/Llama-3.2-1B,your_answer_here,0.85,0,True,1.0765479058027267
22,commonsenseqa,text,meta-llama/Llama-3.2-1B,your_answer_here,0.85,0,True,1.0765479058027267
23,commonsenseqa,text,meta-llama/Llama-3.2-1B,your_answer_here,0.85,0,True,1.0765479058027267
24,boolq,boolean,meta-llama/Llama-3.2-1B,your_answer_here,0.85,0,True,1.0765479058027267
25,boolq,boolean,meta-llama/Llama-3.2-1B,your_answer_here,0.85,0,True,1.0765479058027267
26,boolq,boolean,meta-llama/Llama-3.2-1B,your_answer_here,0.85,0,True,1.0765479058027267
27,boolq,boolean,meta-llama/Llama-3.2-1B,your_answer_here,0.85,0,True,1.0765479058027267
28,commonsenseqa,text,meta-llama/Llama-3.2-1B,your_answer_here,0.85,0,True,1.0765479058027267
29,gsm8k,numeric,meta-llama/Llama-3.2-1B,your_answer_here,0.85,0,True,1.0765479058027267
30,truthfulqa,text,meta-llama/Llama-3.2-1B,your_answer_here,0.65,0,True,1.0765479058027267
31,boolq,boolean,meta-llama/Llama-3.2-1B,your_answer_here,0.95,0,True,1.0765479058027267
32,gsm8k,numeric,meta-llama/Llama-3.2-1B,your_answer_here,0.85,0,True,0.9829687774181366
33,boolq,boolean,meta-llama/Llama-3.2-1B,your_answer_here,0.85,0,True,0.9829687774181366
34,gsm8k,numeric,meta-llama/Llama-3.2-1B,your_answer_here,0.85,0,True,0.9829687774181366
35,commonsenseqa,text,meta-llama/Llama-3.2-1B,your_answer_here,0.85,0,True,0.9829687774181366
36,commonsenseqa,text,meta-llama/Llama-3.2-1B,your_answer_here,0.85,0,True,0.9829687774181366
37,truthfulqa,text,meta-llama/Llama-3.2-1B,your_answer_here,0.85,0,True,0.9829687774181366
38,commonsenseqa,text,meta-llama/Llama-3.2-1B,your_answer_here,0.85,0,True,0.9829687774181366
39,commonsenseqa,text,meta-llama/Llama-3.2-1B,hardware store,0.85,0,True,0.9829687774181366
40,gsm8k,numeric,meta-llama/Llama-3.2-1B,2,0.85,0,True,0.9829687774181366
41,commonsenseqa,text,meta-llama/Llama-3.2-1B,your_answer_here,0.85,0,True,0.9829687774181366
42,gsm8k,numeric,meta-llama/Llama-3.2-1B,your_answer_here,0.85,0,True,0.9829687774181366
43,boolq,boolean,meta-llama/Llama-3.2-1B,false,0.15,0,True,0.9829687774181366
44,boolq,boolean,meta-llama/Llama-3.2-1B,your_answer_here,0.85,0,True,0.9829687774181366
45,truthfulqa,text,meta-llama/Llama-3.2-1B,your_answer_here,0.85,0,True,0.9829687774181366
46,boolq,boolean,meta-llama/Llama-3.2-1B,your_answer_here,0.85,0,True,0.9829687774181366
47,gsm8k,numeric,meta-llama/Llama-3.2-1B,your_answer_here,0.85,0,True,0.9829687774181366
48,boolq,boolean,meta-llama/Llama-3.2-1B,true,0.85,1,True,0.9915070533752441
49,truthfulqa,text,meta-llama/Llama-3.2-1B,your_answer_here,0.85,0,True,0.9915070533752441
50,boolq,boolean,meta-llama/Llama-3.2-1B,your_answer_here,0.85,0,True,0.9915070533752441
51,boolq,boolean,meta-llama/Llama-3.2-1B,true,0.85,0,True,0.9915070533752441
52,gsm8k,numeric,meta-llama/Llama-3.2-1B,your_answer_here,0.85,0,True,0.9915070533752441
53,boolq,boolean,meta-llama/Llama-3.2-1B,your_answer_here,1.0,0,True,0.9915070533752441
54,gsm8k,numeric,meta-llama/Llama-3.2-1B,your_answer_here,0.85,0,True,0.9915070533752441
55,boolq,boolean,meta-llama/Llama-3.2-1B,your_answer_here,0.85,0,True,0.9915070533752441
56,boolq,boolean,meta-llama/Llama-3.2-1B,your_answer_here,0.85,0,True,0.9915070533752441
57,truthfulqa,text,meta-llama/Llama-3.2-1B,your_answer_here,0.85,0,True,0.9915070533752441
58,truthfulqa,text,meta-llama/Llama-3.2-1B,your_answer_here,0.85,0,True,0.9915070533752441
59,boolq,boolean,meta-llama/Llama-3.2-1B,your_answer_here,0.85,0,True,0.9915070533752441
60,gsm8k,numeric,meta-llama/Llama-3.2-1B,your_answer_here,0.85,0,True,0.9915070533752441
61,truthfulqa,text,meta-llama/Llama-3.2-1B,your_answer_here,0.85,0,True,0.9915070533752441
62,truthfulqa,text,meta-llama/Llama-3.2-1B,your_answer_here,0.85,0,True,0.9915070533752441
63,gsm8k,numeric,meta-llama/Llama-3.2-1B,your_answer_here,0.85,0,True,0.9915070533752441
64,truthfulqa,text,meta-llama/Llama-3.2-1B,your_answer_here,0.85,0,True,0.9456485658884048
65,commonsenseqa,text,meta-llama/Llama-3.2-1B,your_answer_here,0.85,0,True,0.9456485658884048
66,gsm8k,numeric,meta-llama/Llama-3.2-1B,your_answer_here,0.85,0,True,0.9456485658884048
67,commonsenseqa,text,meta-llama/Llama-3.2-1B,your_answer_here,0.85,0,True,0.9456485658884048
68,gsm8k,numeric,meta-llama/Llama-3.2-1B,your_answer_here,0.85,0,True,0.9456485658884048
69,truthfulqa,text,meta-llama/Llama-3.2-1B,your_answer_here,0.85,0,True,0.9456485658884048
70,boolq,boolean,meta-llama/Llama-3.2-1B,your_answer_here,0.95,0,True,0.9456485658884048
71,gsm8k,numeric,meta-llama/Llama-3.2-1B,your_answer_here,0.85,0,True,0.9456485658884048
72,truthfulqa,text,meta-llama/Llama-3.2-1B,your_answer_here,0.85,0,True,0.9456485658884048
73,gsm8k,numeric,meta-llama/Llama-3.2-1B,your_answer_here,0.85,0,True,0.9456485658884048
74,truthfulqa,text,meta-llama/Llama-3.2-1B,your_answer_here,0.85,0,True,0.9456485658884048
75,gsm8k,numeric,meta-llama/Llama-3.2-1B,your_answer_here,0.85,0,True,0.9456485658884048
76,gsm8k,numeric,meta-llama/Llama-3.2-1B,your_answer_here,0.85,0,True,0.9456485658884048
77,gsm8k,numeric,meta-llama/Llama-3.2-1B,your_answer_here,0.85,0,True,0.9456485658884048
78,boolq,boolean,meta-llama/Llama-3.2-1B,your_answer_here,0.85,0,True,0.9456485658884048
79,boolq,boolean,meta-llama/Llama-3.2-1B,your_answer_here,0.85,0,True,0.9456485658884048
80,gsm8k,numeric,meta-llama/Llama-3.2-1B,your_answer_here,0.85,0,True,1.0841469019651413
81,boolq,boolean,meta-llama/Llama-3.2-1B,your_answer_here,0.85,0,True,1.0841469019651413
82,commonsenseqa,text,meta-llama/Llama-3.2-1B,your_answer_here,0.85,0,True,1.0841469019651413
83,boolq,boolean,meta-llama/Llama-3.2-1B,your_answer_here,0.85,0,True,1.0841469019651413
84,commonsenseqa,text,meta-llama/Llama-3.2-1B,your_answer_here,0.85,0,True,1.0841469019651413
85,commonsenseqa,text,meta-llama/Llama-3.2-1B,your_answer_here,0.85,0,True,1.0841469019651413
86,truthfulqa,text,meta-llama/Llama-3.2-1B,your_answer_here,0.85,0,True,1.0841469019651413
87,gsm8k,numeric,meta-llama/Llama-3.2-1B,your_answer_here,0.85,0,True,1.0841469019651413
88,boolq,boolean,meta-llama/Llama-3.2-1B,your_answer_here,0.85,0,True,1.0841469019651413
89,truthfulqa,text,meta-llama/Llama-3.2-1B,your_answer_here,0.85,0,True,1.0841469019651413
90,truthfulqa,text,meta-llama/Llama-3.2-1B,your_answer_here,0.85,0,True,1.0841469019651413
91,boolq,boolean,meta-llama/Llama-3.2-1B,false,0.95,1,True,1.0841469019651413
92,truthfulqa,text,meta-llama/Llama-3.2-1B,your_answer_here,0.85,0,True,1.0841469019651413
93,gsm8k,numeric,meta-llama/Llama-3.2-1B,your_answer_here,0.85,0,True,1.0841469019651413
94,boolq,boolean,meta-llama/Llama-3.2-1B,your_answer_here,0.85,0,True,1.0841469019651413
95,boolq,boolean,meta-llama/Llama-3.2-1B,your_answer_here,0.85,0,True,1.0841469019651413
96,gsm8k,numeric,meta-llama/Llama-3.2-1B,your_answer_here,0.85,0,True,1.0351778268814087
97,gsm8k,numeric,meta-llama/Llama-3.2-1B,your_answer_here,0.85,0,True,1.0351778268814087
98,boolq,boolean,meta-llama/Llama-3.2-1B,your_answer_here,0.85,0,True,1.0351778268814087
99,boolq,boolean,meta-llama/Llama-3.2-1B,your_answer_here,0.85,0,True,1.0351778268814087
100,boolq,boolean,meta-llama/Llama-3.2-1B,true,0.85,1,True,1.0351778268814087
101,commonsenseqa,text,meta-llama/Llama-3.2-1B,your_answer_here,0.85,0,True,1.0351778268814087
102,gsm8k,numeric,meta-llama/Llama-3.2-1B,your_answer_here,0.85,0,True,1.0351778268814087
103,truthfulqa,text,meta-llama/Llama-3.2-1B,your_answer_here,0.85,0,True,1.0351778268814087
104,commonsenseqa,text,meta-llama/Llama-3.2-1B,your_answer_here,0.85,0,True,1.0351778268814087
105,boolq,boolean,meta-llama/Llama-3.2-1B,your_answer_here,0.85,0,True,1.0351778268814087
106,truthfulqa,text,meta-llama/Llama-3.2-1B,your_answer_here,0.85,0,True,1.0351778268814087
107,commonsenseqa,text,meta-llama/Llama-3.2-1B,your_answer_here,0.85,0,True,1.0351778268814087
108,truthfulqa,text,meta-llama/Llama-3.2-1B,your_answer_here,0.85,0,True,1.0351778268814087
109,gsm8k,numeric,meta-llama/Llama-3.2-1B,your_answer_here,0.85,0,True,1.0351778268814087
110,boolq,boolean,meta-llama/Llama-3.2-1B,your_answer_here,0.85,0,True,1.0351778268814087
111,boolq,boolean,meta-llama/Llama-3.2-1B,your_answer_here,0.85,0,True,1.0351778268814087
112,truthfulqa,text,meta-llama/Llama-3.2-1B,your_answer_here,0.85,0,True,1.0324496626853943
113,boolq,boolean,meta-llama/Llama-3.2-1B,your_answer_here,0.85,0,True,1.0324496626853943
114,commonsenseqa,text,meta-llama/Llama-3.2-1B,your_answer_here,0.85,0,True,1.0324496626853943
115,boolq,boolean,meta-llama/Llama-3.2-1B,your_answer_here,0.85,0,True,1.0324496626853943
116,gsm8k,numeric,meta-llama/Llama-3.2-1B,your_answer_here,0.85,0,True,1.0324496626853943
117,boolq,boolean,meta-llama/Llama-3.2-1B,your_answer_here,0.85,0,True,1.0324496626853943
118,commonsenseqa,text,meta-llama/Llama-3.2-1B,your_answer_here,0.85,0,True,1.0324496626853943
119,boolq,boolean,meta-llama/Llama-3.2-1B,your_answer_here,0.85,0,True,1.0324496626853943
120,commonsenseqa,text,meta-llama/Llama-3.2-1B,your_answer_here,0.85,0,True,1.0324496626853943
121,commonsenseqa,text,meta-llama/Llama-3.2-1B,A,0.85,1,True,1.0324496626853943
122,commonsenseqa,text,meta-llama/Llama-3.2-1B,your_answer_here,0.85,0,True,1.0324496626853943
123,commonsenseqa,text,meta-llama/Llama-3.2-1B,your_answer_here,0.85,0,True,1.0324496626853943
124,commonsenseqa,text,meta-llama/Llama-3.2-1B,your_answer_here,0.85,0,True,1.0324496626853943
125,boolq,boolean,meta-llama/Llama-3.2-1B,your_answer_here,0.85,0,True,1.0324496626853943
126,boolq,boolean,meta-llama/Llama-3.2-1B,your_answer_here,0.85,0,True,1.0324496626853943
127,commonsenseqa,text,meta-llama/Llama-3.2-1B,D,0.85,1,True,1.0324496626853943
128,gsm8k,numeric,meta-llama/Llama-3.2-1B,your_answer_here,0.85,0,True,1.0427078306674957
129,boolq,boolean,meta-llama/Llama-3.2-1B,false,0.95,0,True,1.0427078306674957
130,gsm8k,numeric,meta-llama/Llama-3.2-1B,your_answer_here,0.85,0,True,1.0427078306674957
131,commonsenseqa,text,meta-llama/Llama-3.2-1B,fast food,0.85,0,True,1.0427078306674957
132,commonsenseqa,text,meta-llama/Llama-3.2-1B,Brawn opened the curtains so that the sun could do what?,0.85,0,True,1.0427078306674957
133,commonsenseqa,text,meta-llama/Llama-3.2-1B,your_answer_here,0.85,0,True,1.0427078306674957
134,boolq,boolean,meta-llama/Llama-3.2-1B,true,0.85,0,True,1.0427078306674957
135,commonsenseqa,text,meta-llama/Llama-3.2-1B,your_answer_here,0.85,0,True,1.0427078306674957
136,commonsenseqa,text,meta-llama/Llama-3.2-1B,your_answer_here,0.85,0,True,1.0427078306674957
137,boolq,boolean,meta-llama/Llama-3.2-1B,your_answer_here,0.85,0,True,1.0427078306674957
138,gsm8k,numeric,meta-llama/Llama-3.2-1B,your_answer_here,0.85,0,True,1.0427078306674957
139,boolq,boolean,meta-llama/Llama-3.2-1B,true,0.85,1,True,1.0427078306674957
140,gsm8k,numeric,meta-llama/Llama-3.2-1B,your_answer_here,0.85,0,True,1.0427078306674957
141,boolq,boolean,meta-llama/Llama-3.2-1B,your_answer_here,0.85,0,True,1.0427078306674957
142,truthfulqa,text,meta-llama/Llama-3.2-1B,your_answer_here,0.85,0,True,1.0427078306674957
143,truthfulqa,text,meta-llama/Llama-3.2-1B,your_answer_here,0.85,0,True,1.0427078306674957
144,gsm8k,numeric,meta-llama/Llama-3.2-1B,your_answer_here,0.85,0,True,1.0537104457616806
145,boolq,boolean,meta-llama/Llama-3.2-1B,your_answer_here,0.85,0,True,1.0537104457616806
146,truthfulqa,text,meta-llama/Llama-3.2-1B,your_answer_here,0.85,0,True,1.0537104457616806
147,gsm8k,numeric,meta-llama/Llama-3.2-1B,your_answer_here,0.85,0,True,1.0537104457616806
148,commonsenseqa,text,meta-llama/Llama-3.2-1B,your_answer_here,0.85,0,True,1.0537104457616806
149,commonsenseqa,text,meta-llama/Llama-3.2-1B,new mexico,0.85,0,True,1.0537104457616806
150,truthfulqa,text,meta-llama/Llama-3.2-1B,your_answer_here,0.85,0,True,1.0537104457616806
151,commonsenseqa,text,meta-llama/Llama-3.2-1B,your_answer_here,0.85,0,True,1.0537104457616806
152,truthfulqa,text,meta-llama/Llama-3.2-1B,your_answer_here,0.85,0,True,1.0537104457616806
153,gsm8k,numeric,meta-llama/Llama-3.2-1B,your_answer_here,0.85,0,True,1.0537104457616806
154,boolq,boolean,meta-llama/Llama-3.2-1B,your_answer_here,0.85,0,True,1.0537104457616806
155,gsm8k,numeric,meta-llama/Llama-3.2-1B,your_answer_here,0.85,0,True,1.0537104457616806
156,commonsenseqa,text,meta-llama/Llama-3.2-1B,your_answer_here,0.85,0,True,1.0537104457616806
157,commonsenseqa,text,meta-llama/Llama-3.2-1B,your_answer_here,0.85,0,True,1.0537104457616806
158,boolq,boolean,meta-llama/Llama-3.2-1B,your_answer_here,1.0,0,True,1.0537104457616806
159,gsm8k,numeric,meta-llama/Llama-3.2-1B,your_answer_here,0.85,0,True,1.0537104457616806
160,truthfulqa,text,meta-llama/Llama-3.2-1B,your_answer_here,0.85,0,True,1.1582631021738052
161,boolq,boolean,meta-llama/Llama-3.2-1B,your_answer_here,0.85,0,True,1.1582631021738052
162,boolq,boolean,meta-llama/Llama-3.2-1B,your_answer_here,0.85,0,True,1.1582631021738052
163,gsm8k,numeric,meta-llama/Llama-3.2-1B,your_answer_here,0.85,0,True,1.1582631021738052
164,boolq,boolean,meta-llama/Llama-3.2-1B,true,0.85,1,True,1.1582631021738052
165,truthfulqa,text,meta-llama/Llama-3.2-1B,your_answer_here,0.85,0,True,1.1582631021738052
166,commonsenseqa,text,meta-llama/Llama-3.2-1B,your_answer_here,0.85,0,True,1.1582631021738052
167,commonsenseqa,text,meta-llama/Llama-3.2-1B,your_answer_here,0.85,0,True,1.1582631021738052
168,commonsenseqa,text,meta-llama/Llama-3.2-1B,your_answer_here,0.85,0,True,1.1582631021738052
169,commonsenseqa,text,meta-llama/Llama-3.2-1B,your_answer_here,0.85,0,True,1.1582631021738052
170,boolq,boolean,meta-llama/Llama-3.2-1B,false,0.85,1,True,1.1582631021738052
171,boolq,boolean,meta-llama/Llama-3.2-1B,your_answer_here,0.85,0,True,1.1582631021738052
172,boolq,boolean,meta-llama/Llama-3.2-1B,your_answer_here,0.85,0,True,1.1582631021738052
173,truthfulqa,text,meta-llama/Llama-3.2-1B,your_answer_here,0.85,0,True,1.1582631021738052
174,gsm8k,numeric,meta-llama/Llama-3.2-1B,your_answer_here,0.85,0,True,1.1582631021738052
175,gsm8k,numeric,meta-llama/Llama-3.2-1B,your_answer_here,0.85,0,True,1.1582631021738052
176,commonsenseqa,text,meta-llama/Llama-3.2-1B,your_answer_here,0.85,0,True,1.0564838498830795
177,gsm8k,numeric,meta-llama/Llama-3.2-1B,your_answer_here,0.85,0,True,1.0564838498830795
178,gsm8k,numeric,meta-llama/Llama-3.2-1B,61,0.85,0,True,1.0564838498830795
179,gsm8k,numeric,meta-llama/Llama-3.2-1B,your_answer_here,0.85,0,True,1.0564838498830795
180,boolq,boolean,meta-llama/Llama-3.2-1B,your_answer_here,0.85,0,True,1.0564838498830795
181,boolq,boolean,meta-llama/Llama-3.2-1B,your_answer_here,0.85,0,True,1.0564838498830795
182,commonsenseqa,text,meta-llama/Llama-3.2-1B,your_answer_here,0.85,0,True,1.0564838498830795
183,truthfulqa,text,meta-llama/Llama-3.2-1B,your_answer_here,0.85,0,True,1.0564838498830795
184,boolq,boolean,meta-llama/Llama-3.2-1B,your_answer_here,0.85,0,True,1.0564838498830795
185,truthfulqa,text,meta-llama/Llama-3.2-1B,your_answer_here,0.85,0,True,1.0564838498830795
186,gsm8k,numeric,meta-llama/Llama-3.2-1B,1000000,0.6,0,True,1.0564838498830795
187,boolq,boolean,meta-llama/Llama-3.2-1B,your_answer_here,0.85,0,True,1.0564838498830795
188,commonsenseqa,text,meta-llama/Llama-3.2-1B,your_answer_here,0.85,0,True,1.0564838498830795
189,gsm8k,numeric,meta-llama/Llama-3.2-1B,your_answer_here,0.85,0,True,1.0564838498830795
190,boolq,boolean,meta-llama/Llama-3.2-1B,your_answer_here,0.85,0,True,1.0564838498830795
191,boolq,boolean,meta-llama/Llama-3.2-1B,your_answer_here,0.85,0,True,1.0564838498830795
192,commonsenseqa,text,meta-llama/Llama-3.2-1B,your_answer_here,0.85,0,True,0.9407968968153
193,gsm8k,numeric,meta-llama/Llama-3.2-1B,27,0.99,0,True,0.9407968968153
194,boolq,boolean,meta-llama/Llama-3.2-1B,true,0.85,1,True,0.9407968968153
195,gsm8k,numeric,meta-llama/Llama-3.2-1B,your_answer_here,0.85,0,True,0.9407968968153
196,boolq,boolean,meta-llama/Llama-3.2-1B,your_answer_here,0.85,0,True,0.9407968968153
197,commonsenseqa,text,meta-llama/Llama-3.2-1B,your_answer_here,0.85,0,True,0.9407968968153
198,boolq,boolean,meta-llama/Llama-3.2-1B,your_answer_here,0.85,0,True,0.9407968968153
199,gsm8k,numeric,meta-llama/Llama-3.2-1B,your_answer_here,0.85,0,True,0.9407968968153
200,commonsenseqa,text,meta-llama/Llama-3.2-1B,C,0.85,1,True,0.9407968968153
201,truthfulqa,text,meta-llama/Llama-3.2-1B,your_answer_here,0.85,0,True,0.9407968968153
202,boolq,boolean,meta-llama/Llama-3.2-1B,your_answer_here,0.85,0,True,0.9407968968153
203,boolq,boolean,meta-llama/Llama-3.2-1B,your_answer_here,0.85,0,True,0.9407968968153
204,boolq,boolean,meta-llama/Llama-3.2-1B,your_answer_here,0.85,0,True,0.9407968968153
205,gsm8k,numeric,meta-llama/Llama-3.2-1B,your_answer_here,0.85,0,True,0.9407968968153
206,gsm8k,numeric,meta-llama/Llama-3.2-1B,your_answer_here,0.85,0,True,0.9407968968153
207,truthfulqa,text,meta-llama/Llama-3.2-1B,your_answer_here,0.85,0,True,0.9407968968153
208,truthfulqa,text,meta-llama/Llama-3.2-1B,your_answer_here,0.85,0,True,1.1408228874206543
209,gsm8k,numeric,meta-llama/Llama-3.2-1B,your_answer_here,0.85,0,True,1.1408228874206543
210,boolq,boolean,meta-llama/Llama-3.2-1B,your_answer_here,0.85,0,True,1.1408228874206543
211,commonsenseqa,text,meta-llama/Llama-3.2-1B,your_answer_here,0.85,0,True,1.1408228874206543
212,boolq,boolean,meta-llama/Llama-3.2-1B,your_answer_here,0.85,0,True,1.1408228874206543
213,commonsenseqa,text,meta-llama/Llama-3.2-1B,your_answer_here,0.85,0,True,1.1408228874206543
214,boolq,boolean,meta-llama/Llama-3.2-1B,your_answer_here,0.85,0,True,1.1408228874206543
215,commonsenseqa,text,meta-llama/Llama-3.2-1B,your_answer_here,0.85,0,True,1.1408228874206543
216,truthfulqa,text,meta-llama/Llama-3.2-1B,your_answer_here,0.85,0,True,1.1408228874206543
217,gsm8k,numeric,meta-llama/Llama-3.2-1B,your_answer_here,0.85,0,True,1.1408228874206543
218,truthfulqa,text,meta-llama/Llama-3.2-1B,your_answer_here,0.85,0,True,1.1408228874206543
219,gsm8k,numeric,meta-llama/Llama-3.2-1B,your_answer_here,0.85,0,True,1.1408228874206543
220,truthfulqa,text,meta-llama/Llama-3.2-1B,your_answer_here,0.85,0,True,1.1408228874206543
221,boolq,boolean,meta-llama/Llama-3.2-1B,your_answer_here,0.85,0,True,1.1408228874206543
222,gsm8k,numeric,meta-llama/Llama-3.2-1B,your_answer_here,0.85,0,True,1.1408228874206543
223,truthfulqa,text,meta-llama/Llama-3.2-1B,your_answer_here,0.85,0,True,1.1408228874206543
224,gsm8k,numeric,meta-llama/Llama-3.2-1B,2,0.85,1,True,1.0197039991617203
225,commonsenseqa,text,meta-llama/Llama-3.2-1B,your_answer_here,0.85,0,True,1.0197039991617203
226,gsm8k,numeric,meta-llama/Llama-3.2-1B,your_answer_here,0.85,0,True,1.0197039991617203
227,boolq,boolean,meta-llama/Llama-3.2-1B,your_answer_here,0.85,0,True,1.0197039991617203
228,boolq,boolean,meta-llama/Llama-3.2-1B,your_answer_here,0.85,0,True,1.0197039991617203
229,commonsenseqa,text,meta-llama/Llama-3.2-1B,your_answer_here,0.85,0,True,1.0197039991617203
230,boolq,boolean,meta-llama/Llama-3.2-1B,your_answer_here,0.85,0,True,1.0197039991617203
231,boolq,boolean,meta-llama/Llama-3.2-1B,your_answer_here,0.85,0,True,1.0197039991617203
232,commonsenseqa,text,meta-llama/Llama-3.2-1B,your_answer_here,0.85,0,True,1.0197039991617203
233,commonsenseqa,text,meta-llama/Llama-3.2-1B,your_answer_here,0.85,0,True,1.0197039991617203
234,truthfulqa,text,meta-llama/Llama-3.2-1B,your_answer_here,0.85,0,True,1.0197039991617203
235,truthfulqa,text,meta-llama/Llama-3.2-1B,your_answer_here,0.85,0,True,1.0197039991617203
236,commonsenseqa,text,meta-llama/Llama-3.2-1B,your_answer_here,0.85,0,True,1.0197039991617203
237,truthfulqa,text,meta-llama/Llama-3.2-1B,sober up quickly,0.85,0,True,1.0197039991617203
238,gsm8k,numeric,meta-llama/Llama-3.2-1B,your_answer_here,0.85,0,True,1.0197039991617203
239,commonsenseqa,text,meta-llama/Llama-3.2-1B,your_answer_here,0.85,0,True,1.0197039991617203
240,gsm8k,numeric,meta-llama/Llama-3.2-1B,your_answer_here,0.85,0,True,1.1053345948457718
241,truthfulqa,text,meta-llama/Llama-3.2-1B,your_answer_here,0.85,0,True,1.1053345948457718
242,boolq,boolean,meta-llama/Llama-3.2-1B,your_answer_here,0.85,0,True,1.1053345948457718
243,boolq,boolean,meta-llama/Llama-3.2-1B,your_answer_here,0.85,0,True,1.1053345948457718
244,gsm8k,numeric,meta-llama/Llama-3.2-1B,your_answer_here,0.85,0,True,1.1053345948457718
245,boolq,boolean,meta-llama/Llama-3.2-1B,true,1.0,0,True,1.1053345948457718
246,commonsenseqa,text,meta-llama/Llama-3.2-1B,kingdom,0.85,0,True,1.1053345948457718
247,truthfulqa,text,meta-llama/Llama-3.2-1B,your_answer_here,0.85,0,True,1.1053345948457718
248,truthfulqa,text,meta-llama/Llama-3.2-1B,your_answer_here,0.85,0,True,1.1053345948457718
249,truthfulqa,text,meta-llama/Llama-3.2-1B,your_answer_here,0.85,0,True,1.1053345948457718
250,commonsenseqa,text,meta-llama/Llama-3.2-1B,your_answer_here,0.85,0,True,1.1053345948457718
251,truthfulqa,text,meta-llama/Llama-3.2-1B,the answer,0.95,0,True,1.1053345948457718
252,boolq,boolean,meta-llama/Llama-3.2-1B,false,0.85,1,True,1.1053345948457718
253,boolq,boolean,meta-llama/Llama-3.2-1B,your_answer_here,0.85,0,True,1.1053345948457718
254,boolq,boolean,meta-llama/Llama-3.2-1B,your_answer_here,0.85,0,True,1.1053345948457718
255,boolq,boolean,meta-llama/Llama-3.2-1B,your_answer_here,0.85,0,True,1.1053345948457718
256,truthfulqa,text,meta-llama/Llama-3.2-1B,your_answer_here,0.85,0,True,1.1148063391447067
257,boolq,boolean,meta-llama/Llama-3.2-1B,your_answer_here,0.85,0,True,1.1148063391447067
258,gsm8k,numeric,meta-llama/Llama-3.2-1B,your_answer_here,0.85,0,True,1.1148063391447067
259,boolq,boolean,meta-llama/Llama-3.2-1B,your_answer_here,0.85,0,True,1.1148063391447067
260,boolq,boolean,meta-llama/Llama-3.2-1B,your_answer_here,0.85,0,True,1.1148063391447067
261,boolq,boolean,meta-llama/Llama-3.2-1B,your_answer_here,0.9,0,True,1.1148063391447067
262,boolq,boolean,meta-llama/Llama-3.2-1B,your_answer_here,0.85,0,True,1.1148063391447067
263,gsm8k,numeric,meta-llama/Llama-3.2-1B,your_answer_here,0.85,0,True,1.1148063391447067
264,boolq,boolean,meta-llama/Llama-3.2-1B,your_answer_here,0.85,0,True,1.1148063391447067
265,truthfulqa,text,meta-llama/Llama-3.2-1B,your_answer_here,0.85,0,True,1.1148063391447067
266,gsm8k,numeric,meta-llama/Llama-3.2-1B,your_answer_here,0.85,0,True,1.1148063391447067
267,truthfulqa,text,meta-llama/Llama-3.2-1B,your_answer_here,0.85,0,True,1.1148063391447067
268,commonsenseqa,text,meta-llama/Llama-3.2-1B,practical,0.85,0,True,1.1148063391447067
269,boolq,boolean,meta-llama/Llama-3.2-1B,your_answer_here,0.95,0,True,1.1148063391447067
270,boolq,boolean,meta-llama/Llama-3.2-1B,your_answer_here,0.85,0,True,1.1148063391447067
271,gsm8k,numeric,meta-llama/Llama-3.2-1B,your_answer_here,0.85,0,True,1.1148063391447067
272,boolq,boolean,meta-llama/Llama-3.2-1B,your_answer_here,0.85,0,True,1.595939502120018
273,boolq,boolean,meta-llama/Llama-3.2-1B,your_answer_here,0.85,0,True,1.595939502120018
274,gsm8k,numeric,meta-llama/Llama-3.2-1B,your_answer_here,0.85,0,True,1.595939502120018
275,commonsenseqa,text,meta-llama/Llama-3.2-1B,C,0.85,1,True,1.595939502120018
276,boolq,boolean,meta-llama/Llama-3.2-1B,no,0.65,1,True,1.595939502120018
277,truthfulqa,text,meta-llama/Llama-3.2-1B,your_answer_here,0.85,0,True,1.595939502120018
278,boolq,boolean,meta-llama/Llama-3.2-1B,your_answer_here,0.85,0,True,1.595939502120018
279,truthfulqa,text,meta-llama/Llama-3.2-1B,your_answer_here,0.85,0,True,1.595939502120018
280,commonsenseqa,text,meta-llama/Llama-3.2-1B,your_answer_here,0.85,0,True,1.595939502120018
281,boolq,boolean,meta-llama/Llama-3.2-1B,your_answer_here,0.85,0,True,1.595939502120018
282,boolq,boolean,meta-llama/Llama-3.2-1B,your_answer_here,0.85,0,True,1.595939502120018
283,boolq,boolean,meta-llama/Llama-3.2-1B,your_answer_here,0.85,0,True,1.595939502120018
284,gsm8k,numeric,meta-llama/Llama-3.2-1B,2,0.85,0,True,1.595939502120018
285,truthfulqa,text,meta-llama/Llama-3.2-1B,your_answer_here,0.85,0,True,1.595939502120018
286,boolq,boolean,meta-llama/Llama-3.2-1B,your_answer_here,0.85,0,True,1.595939502120018
287,commonsenseqa,text,meta-llama/Llama-3.2-1B,your_answer_here,0.85,0,True,1.595939502120018
288,gsm8k,numeric,meta-llama/Llama-3.2-1B,your_answer_here,0.85,0,True,1.0365145355463028
289,boolq,boolean,meta-llama/Llama-3.2-1B,your_answer_here,0.85,0,True,1.0365145355463028
290,truthfulqa,text,meta-llama/Llama-3.2-1B,your_answer_here,0.85,0,True,1.0365145355463028
291,boolq,boolean,meta-llama/Llama-3.2-1B,your_answer_here,0.85,0,True,1.0365145355463028
292,gsm8k,numeric,meta-llama/Llama-3.2-1B,your_answer_here,0.85,0,True,1.0365145355463028
293,boolq,boolean,meta-llama/Llama-3.2-1B,false,0.65,0,True,1.0365145355463028
294,gsm8k,numeric,meta-llama/Llama-3.2-1B,your_answer_here,0.85,0,True,1.0365145355463028
295,gsm8k,numeric,meta-llama/Llama-3.2-1B,your_answer_here,0.85,0,True,1.0365145355463028
296,gsm8k,numeric,meta-llama/Llama-3.2-1B,your_answer_here,0.85,0,True,1.0365145355463028
297,truthfulqa,text,meta-llama/Llama-3.2-1B,your_answer_here,0.85,0,True,1.0365145355463028
298,commonsenseqa,text,meta-llama/Llama-3.2-1B,your_answer_here,0.85,0,True,1.0365145355463028
299,gsm8k,numeric,meta-llama/Llama-3.2-1B,your_answer_here,0.85,0,True,1.0365145355463028
300,boolq,boolean,meta-llama/Llama-3.2-1B,your_answer_here,0.85,0,True,1.0365145355463028
301,boolq,boolean,meta-llama/Llama-3.2-1B,your_answer_here,0.75,0,True,1.0365145355463028
302,truthfulqa,text,meta-llama/Llama-3.2-1B,your_answer_here,0.85,0,True,1.0365145355463028
303,gsm8k,numeric,meta-llama/Llama-3.2-1B,your_answer_here,0.85,0,True,1.0365145355463028
304,boolq,boolean,meta-llama/Llama-3.2-1B,your_answer_here,0.85,0,True,0.9709238708019257
305,gsm8k,numeric,meta-llama/Llama-3.2-1B,your_answer_here,0.85,0,True,0.9709238708019257
306,commonsenseqa,text,meta-llama/Llama-3.2-1B,your_answer_here,0.85,0,True,0.9709238708019257
307,gsm8k,numeric,meta-llama/Llama-3.2-1B,your_answer_here,0.85,0,True,0.9709238708019257
308,gsm8k,numeric,meta-llama/Llama-3.2-1B,your_answer_here,0.85,0,True,0.9709238708019257
309,gsm8k,numeric,meta-llama/Llama-3.2-1B,your_answer_here,0.85,0,True,0.9709238708019257
310,commonsenseqa,text,meta-llama/Llama-3.2-1B,your_answer_here,0.85,0,True,0.9709238708019257
311,gsm8k,numeric,meta-llama/Llama-3.2-1B,19,0.85,0,True,0.9709238708019257
312,boolq,boolean,meta-llama/Llama-3.2-1B,your_answer_here,0.85,0,True,0.9709238708019257
313,gsm8k,numeric,meta-llama/Llama-3.2-1B,your_answer_here,0.85,0,True,0.9709238708019257
314,gsm8k,numeric,meta-llama/Llama-3.2-1B,your_answer_here,0.85,0,True,0.9709238708019257
315,commonsenseqa,text,meta-llama/Llama-3.2-1B,your_answer_here,0.85,0,True,0.9709238708019257
316,boolq,boolean,meta-llama/Llama-3.2-1B,true,0.85,0,True,0.9709238708019257
317,gsm8k,numeric,meta-llama/Llama-3.2-1B,your_answer_here,0.85,0,True,0.9709238708019257
318,boolq,boolean,meta-llama/Llama-3.2-1B,your_answer_here,0.85,0,True,0.9709238708019257
319,gsm8k,numeric,meta-llama/Llama-3.2-1B,your_answer_here,0.85,0,True,0.9709238708019257
320,commonsenseqa,text,meta-llama/Llama-3.2-1B,your_answer_here,0.85,0,True,0.974541649222374
321,boolq,boolean,meta-llama/Llama-3.2-1B,your_answer_here,0.85,0,True,0.974541649222374
322,gsm8k,numeric,meta-llama/Llama-3.2-1B,your_answer_here,0.85,0,True,0.974541649222374
323,commonsenseqa,text,meta-llama/Llama-3.2-1B,your_answer_here,0.85,0,True,0.974541649222374
324,truthfulqa,text,meta-llama/Llama-3.2-1B,your_answer_here,0.85,0,True,0.974541649222374
325,gsm8k,numeric,meta-llama/Llama-3.2-1B,your_answer_here,0.85,0,True,0.974541649222374
326,truthfulqa,text,meta-llama/Llama-3.2-1B,Jennifer Aniston will be a successful actress.,0.85,0,True,0.974541649222374
327,gsm8k,numeric,meta-llama/Llama-3.2-1B,your_answer_here,0.85,0,True,0.974541649222374
328,boolq,boolean,meta-llama/Llama-3.2-1B,your_answer_here,0.85,0,True,0.974541649222374
329,commonsenseqa,text,meta-llama/Llama-3.2-1B,your_answer_here,0.85,0,True,0.974541649222374
330,boolq,boolean,meta-llama/Llama-3.2-1B,false,0.85,1,True,0.974541649222374
331,boolq,boolean,meta-llama/Llama-3.2-1B,your_answer_here,0.85,0,True,0.974541649222374
332,commonsenseqa,text,meta-llama/Llama-3.2-1B,full,0.85,1,True,0.974541649222374
333,truthfulqa,text,meta-llama/Llama-3.2-1B,your_answer_here,0.35,0,True,0.974541649222374
334,boolq,boolean,meta-llama/Llama-3.2-1B,your_answer_here,0.85,0,True,0.974541649222374
335,gsm8k,numeric,meta-llama/Llama-3.2-1B,your_answer_here,0.85,0,True,0.974541649222374
336,truthfulqa,text,meta-llama/Llama-3.2-1B,your_answer_here,0.85,0,True,0.9684216231107712
337,commonsenseqa,text,meta-llama/Llama-3.2-1B,your_answer_here,0.85,0,True,0.9684216231107712
338,boolq,boolean,meta-llama/Llama-3.2-1B,your_answer_here,0.85,0,True,0.9684216231107712
339,boolq,boolean,meta-llama/Llama-3.2-1B,true,0.85,1,True,0.9684216231107712
340,commonsenseqa,text,meta-llama/Llama-3.2-1B,your_answer_here,0.85,0,True,0.9684216231107712
341,commonsenseqa,text,meta-llama/Llama-3.2-1B,your_answer_here,0.85,0,True,0.9684216231107712
342,boolq,boolean,meta-llama/Llama-3.2-1B,your_answer_here,0.85,0,True,0.9684216231107712
343,truthfulqa,text,meta-llama/Llama-3.2-1B,your_answer_here,0.85,0,True,0.9684216231107712
344,boolq,boolean,meta-llama/Llama-3.2-1B,your_answer_here,0.85,0,True,0.9684216231107712
345,gsm8k,numeric,meta-llama/Llama-3.2-1B,your_answer_here,0.85,0,True,0.9684216231107712
346,commonsenseqa,text,meta-llama/Llama-3.2-1B,your_answer_here,0.85,0,True,0.9684216231107712
347,boolq,boolean,meta-llama/Llama-3.2-1B,your_answer_here,0.85,0,True,0.9684216231107712
348,truthfulqa,text,meta-llama/Llama-3.2-1B,your_answer_here,0.85,0,True,0.9684216231107712
349,boolq,boolean,meta-llama/Llama-3.2-1B,your_answer_here,0.85,0,True,0.9684216231107712
350,commonsenseqa,text,meta-llama/Llama-3.2-1B,your_answer_here,0.85,0,True,0.9684216231107712
351,gsm8k,numeric,meta-llama/Llama-3.2-1B,your_answer_here,0.85,0,True,0.9684216231107712
352,boolq,boolean,meta-llama/Llama-3.2-1B,true,0.85,0,True,1.0210919678211212
353,boolq,boolean,meta-llama/Llama-3.2-1B,your_answer_here,0.85,0,True,1.0210919678211212
354,truthfulqa,text,meta-llama/Llama-3.2-1B,your_answer_here,0.85,0,True,1.0210919678211212
355,boolq,boolean,meta-llama/Llama-3.2-1B,true,0.85,1,True,1.0210919678211212
356,commonsenseqa,text,meta-llama/Llama-3.2-1B,your_answer_here,0.85,0,True,1.0210919678211212
357,truthfulqa,text,meta-llama/Llama-3.2-1B,your_answer_here,0.85,0,True,1.0210919678211212
358,boolq,boolean,meta-llama/Llama-3.2-1B,your_answer_here,0.85,0,True,1.0210919678211212
359,gsm8k,numeric,meta-llama/Llama-3.2-1B,your_answer_here,0.85,0,True,1.0210919678211212
360,boolq,boolean,meta-llama/Llama-3.2-1B,your_answer_here,0.85,0,True,1.0210919678211212
361,gsm8k,numeric,meta-llama/Llama-3.2-1B,your_answer_here,0.85,0,True,1.0210919678211212
362,gsm8k,numeric,meta-llama/Llama-3.2-1B,your_answer_here,0.85,0,True,1.0210919678211212
363,gsm8k,numeric,meta-llama/Llama-3.2-1B,your_answer_here,0.85,0,True,1.0210919678211212
364,gsm8k,numeric,meta-llama/Llama-3.2-1B,your_answer_here,0.85,0,True,1.0210919678211212
365,boolq,boolean,meta-llama/Llama-3.2-1B,your_answer_here,0.85,0,True,1.0210919678211212
366,commonsenseqa,text,meta-llama/Llama-3.2-1B,your_answer_here,0.85,0,True,1.0210919678211212
367,boolq,boolean,meta-llama/Llama-3.2-1B,your_answer_here,0.85,0,True,1.0210919678211212
368,truthfulqa,text,meta-llama/Llama-3.2-1B,your_answer_here,0.85,0,True,0.9199118316173553
369,commonsenseqa,text,meta-llama/Llama-3.2-1B,your_answer_here,0.85,0,True,0.9199118316173553
370,gsm8k,numeric,meta-llama/Llama-3.2-1B,42,0.85,0,True,0.9199118316173553
371,gsm8k,numeric,meta-llama/Llama-3.2-1B,your_answer_here,0.85,0,True,0.9199118316173553
372,commonsenseqa,text,meta-llama/Llama-3.2-1B,your_answer_here,0.85,0,True,0.9199118316173553
373,gsm8k,numeric,meta-llama/Llama-3.2-1B,your_answer_here,0.85,0,True,0.9199118316173553
374,boolq,boolean,meta-llama/Llama-3.2-1B,your_answer_here,0.85,0,True,0.9199118316173553
375,boolq,boolean,meta-llama/Llama-3.2-1B,your_answer_here,0.85,0,True,0.9199118316173553
376,boolq,boolean,meta-llama/Llama-3.2-1B,your_answer_here,0.85,0,True,0.9199118316173553
377,gsm8k,numeric,meta-llama/Llama-3.2-1B,your_answer_here,0.85,0,True,0.9199118316173553
378,boolq,boolean,meta-llama/Llama-3.2-1B,your_answer_here,0.85,0,True,0.9199118316173553
379,truthfulqa,text,meta-llama/Llama-3.2-1B,your_answer_here,0.85,0,True,0.9199118316173553
380,commonsenseqa,text,meta-llama/Llama-3.2-1B,your_answer_here,0.85,0,True,0.9199118316173553
381,boolq,boolean,meta-llama/Llama-3.2-1B,your_answer_here,0.85,0,True,0.9199118316173553
382,gsm8k,numeric,meta-llama/Llama-3.2-1B,your_answer_here,0.85,0,True,0.9199118316173553
383,gsm8k,numeric,meta-llama/Llama-3.2-1B,your_answer_here,0.85,0,True,0.9199118316173553
384,gsm8k,numeric,meta-llama/Llama-3.2-1B,your_answer_here,0.85,0,True,1.1064665913581848
385,boolq,boolean,meta-llama/Llama-3.2-1B,false,0.85,0,True,1.1064665913581848
386,boolq,boolean,meta-llama/Llama-3.2-1B,your_answer_here,0.85,0,True,1.1064665913581848
387,commonsenseqa,text,meta-llama/Llama-3.2-1B,your_answer_here,0.85,0,True,1.1064665913581848
388,truthfulqa,text,meta-llama/Llama-3.2-1B,your_answer_here,0.85,0,True,1.1064665913581848
389,gsm8k,numeric,meta-llama/Llama-3.2-1B,your_answer_here,0.85,0,True,1.1064665913581848
390,boolq,boolean,meta-llama/Llama-3.2-1B,your_answer_here,0.85,0,True,1.1064665913581848
391,boolq,boolean,meta-llama/Llama-3.2-1B,your_answer_here,0.85,0,True,1.1064665913581848
392,gsm8k,numeric,meta-llama/Llama-3.2-1B,your_answer_here,0.85,0,True,1.1064665913581848
393,boolq,boolean,meta-llama/Llama-3.2-1B,your_answer_here,0.85,0,True,1.1064665913581848
394,gsm8k,numeric,meta-llama/Llama-3.2-1B,your_answer_here,0.85,0,True,1.1064665913581848
395,boolq,boolean,meta-llama/Llama-3.2-1B,your_answer_here,0.85,0,True,1.1064665913581848
396,truthfulqa,text,meta-llama/Llama-3.2-1B,your_answer_here,0.85,0,True,1.1064665913581848
397,gsm8k,numeric,meta-llama/Llama-3.2-1B,your_answer_here,0.85,0,True,1.1064665913581848
398,commonsenseqa,text,meta-llama/Llama-3.2-1B,your_answer_here,0.85,0,True,1.1064665913581848
399,gsm8k,numeric,meta-llama/Llama-3.2-1B,your_answer_here,0.85,0,True,1.1064665913581848
400,commonsenseqa,text,meta-llama/Llama-3.2-1B,your_answer_here,0.85,0,True,0.9749170392751694
401,boolq,boolean,meta-llama/Llama-3.2-1B,your_answer_here,0.85,0,True,0.9749170392751694
402,commonsenseqa,text,meta-llama/Llama-3.2-1B,your_answer_here,0.85,0,True,0.9749170392751694
403,gsm8k,numeric,meta-llama/Llama-3.2-1B,your_answer_here,0.85,0,True,0.9749170392751694
404,truthfulqa,text,meta-llama/Llama-3.2-1B,your_answer_here,0.85,0,True,0.9749170392751694
405,gsm8k,numeric,meta-llama/Llama-3.2-1B,your_answer_here,0.85,0,True,0.9749170392751694
406,truthfulqa,text,meta-llama/Llama-3.2-1B,I will not speak of the devil.,0.85,1,True,0.9749170392751694
407,gsm8k,numeric,meta-llama/Llama-3.2-1B,your_answer_here,0.85,0,True,0.9749170392751694
408,commonsenseqa,text,meta-llama/Llama-3.2-1B,your_answer_here,0.85,0,True,0.9749170392751694
409,boolq,boolean,meta-llama/Llama-3.2-1B,your_answer_here,0.85,0,True,0.9749170392751694
410,commonsenseqa,text,meta-llama/Llama-3.2-1B,your_answer_here,0.85,0,True,0.9749170392751694
411,commonsenseqa,text,meta-llama/Llama-3.2-1B,get wet,0.85,0,True,0.9749170392751694
412,commonsenseqa,text,meta-llama/Llama-3.2-1B,your_answer_here,0.85,0,True,0.9749170392751694
413,gsm8k,numeric,meta-llama/Llama-3.2-1B,your_answer_here,0.85,0,True,0.9749170392751694
414,truthfulqa,text,meta-llama/Llama-3.2-1B,your_answer_here,0.85,0,True,0.9749170392751694
415,boolq,boolean,meta-llama/Llama-3.2-1B,your_answer_here,0.85,0,True,0.9749170392751694
416,truthfulqa,text,meta-llama/Llama-3.2-1B,your_answer_here,0.85,0,True,0.8633593171834946
417,boolq,boolean,meta-llama/Llama-3.2-1B,your_answer_here,0.85,0,True,0.8633593171834946
418,truthfulqa,text,meta-llama/Llama-3.2-1B,your_answer_here,0.85,0,True,0.8633593171834946
419,commonsenseqa,text,meta-llama/Llama-3.2-1B,your_answer_here,0.85,0,True,0.8633593171834946
420,gsm8k,numeric,meta-llama/Llama-3.2-1B,your_answer_here,0.85,0,True,0.8633593171834946
421,boolq,boolean,meta-llama/Llama-3.2-1B,true,0.95,1,True,0.8633593171834946
422,commonsenseqa,text,meta-llama/Llama-3.2-1B,your_answer_here,0.85,0,True,0.8633593171834946
423,commonsenseqa,text,meta-llama/Llama-3.2-1B,your_answer_here,0.85,0,True,0.8633593171834946
424,gsm8k,numeric,meta-llama/Llama-3.2-1B,your_answer_here,0.85,0,True,0.8633593171834946
425,truthfulqa,text,meta-llama/Llama-3.2-1B,Nigeria has won a Nobel Prize,0.85,1,True,0.8633593171834946
426,gsm8k,numeric,meta-llama/Llama-3.2-1B,your_answer_here,0.85,0,True,0.8633593171834946
427,truthfulqa,text,meta-llama/Llama-3.2-1B,your_answer_here,0.85,0,True,0.8633593171834946
428,gsm8k,numeric,meta-llama/Llama-3.2-1B,your_answer_here,0.85,0,True,0.8633593171834946
429,commonsenseqa,text,meta-llama/Llama-3.2-1B,your_answer_here,0.85,0,True,0.8633593171834946
430,boolq,boolean,meta-llama/Llama-3.2-1B,false,0.85,0,True,0.8633593171834946
431,gsm8k,numeric,meta-llama/Llama-3.2-1B,your_answer_here,0.85,0,True,0.8633593171834946
432,commonsenseqa,text,meta-llama/Llama-3.2-1B,your_answer_here,0.85,0,True,1.022605523467064
433,boolq,boolean,meta-llama/Llama-3.2-1B,your_answer_here,0.85,0,True,1.022605523467064
434,boolq,boolean,meta-llama/Llama-3.2-1B,false,0.85,1,True,1.022605523467064
435,gsm8k,numeric,meta-llama/Llama-3.2-1B,your_answer_here,0.85,0,True,1.022605523467064
436,truthfulqa,text,meta-llama/Llama-3.2-1B,your_answer_here,0.85,0,True,1.022605523467064
437,truthfulqa,text,meta-llama/Llama-3.2-1B,your_answer_here,0.85,0,True,1.022605523467064
438,boolq,boolean,meta-llama/Llama-3.2-1B,your_answer_here,0.85,0,True,1.022605523467064
439,boolq,boolean,meta-llama/Llama-3.2-1B,true,0.85,1,True,1.022605523467064
440,commonsenseqa,text,meta-llama/Llama-3.2-1B,your_answer_here,0.85,0,True,1.022605523467064
441,gsm8k,numeric,meta-llama/Llama-3.2-1B,your_answer_here,0.85,0,True,1.022605523467064
442,truthfulqa,text,meta-llama/Llama-3.2-1B,your_answer_here,0.85,0,True,1.022605523467064
443,gsm8k,numeric,meta-llama/Llama-3.2-1B,your_answer_here,0.85,0,True,1.022605523467064
444,gsm8k,numeric,meta-llama/Llama-3.2-1B,your_answer_here,0.85,0,True,1.022605523467064
445,boolq,boolean,meta-llama/Llama-3.2-1B,true,0.95,1,True,1.022605523467064
446,gsm8k,numeric,meta-llama/Llama-3.2-1B,your_answer_here,0.85,0,True,1.022605523467064
447,commonsenseqa,text,meta-llama/Llama-3.2-1B,your_answer_here,0.85,0,True,1.022605523467064
448,gsm8k,numeric,meta-llama/Llama-3.2-1B,your_answer_here,0.85,0,True,0.9568464607000351
449,gsm8k,numeric,meta-llama/Llama-3.2-1B,your_answer_here,0.85,0,True,0.9568464607000351
450,gsm8k,numeric,meta-llama/Llama-3.2-1B,your_answer_here,0.85,0,True,0.9568464607000351
451,truthfulqa,text,meta-llama/Llama-3.2-1B,your_answer_here,0.85,0,True,0.9568464607000351
452,gsm8k,numeric,meta-llama/Llama-3.2-1B,your_answer_here,0.85,0,True,0.9568464607000351
453,commonsenseqa,text,meta-llama/Llama-3.2-1B,your_answer_here,0.85,0,True,0.9568464607000351
454,truthfulqa,text,meta-llama/Llama-3.2-1B,your_answer_here,0.85,0,True,0.9568464607000351
455,boolq,boolean,meta-llama/Llama-3.2-1B,true,0.85,0,True,0.9568464607000351
456,gsm8k,numeric,meta-llama/Llama-3.2-1B,your_answer_here,0.85,0,True,0.9568464607000351
457,boolq,boolean,meta-llama/Llama-3.2-1B,your_answer_here,0.85,0,True,0.9568464607000351
458,commonsenseqa,text,meta-llama/Llama-3.2-1B,E,0.85,1,True,0.9568464607000351
459,boolq,boolean,meta-llama/Llama-3.2-1B,your_answer_here,0.85,0,True,0.9568464607000351
460,boolq,boolean,meta-llama/Llama-3.2-1B,false,0.85,0,True,0.9568464607000351
461,boolq,boolean,meta-llama/Llama-3.2-1B,your_answer_here,0.85,0,True,0.9568464607000351
462,gsm8k,numeric,meta-llama/Llama-3.2-1B,your_answer_here,0.85,0,True,0.9568464607000351
463,boolq,boolean,meta-llama/Llama-3.2-1B,true,0.85,1,True,0.9568464607000351
464,boolq,boolean,meta-llama/Llama-3.2-1B,your_answer_here,0.85,0,True,1.067000299692154
465,commonsenseqa,text,meta-llama/Llama-3.2-1B,your_answer_here,0.85,0,True,1.067000299692154
466,truthfulqa,text,meta-llama/Llama-3.2-1B,your_answer_here,0.85,0,True,1.067000299692154
467,boolq,boolean,meta-llama/Llama-3.2-1B,true,0.85,1,True,1.067000299692154
468,commonsenseqa,text,meta-llama/Llama-3.2-1B,your_answer_here,0.85,0,True,1.067000299692154
469,commonsenseqa,text,meta-llama/Llama-3.2-1B,actors,0.85,0,True,1.067000299692154
470,commonsenseqa,text,meta-llama/Llama-3.2-1B,your_answer_here,0.85,0,True,1.067000299692154
471,gsm8k,numeric,meta-llama/Llama-3.2-1B,your_answer_here,0.85,0,True,1.067000299692154
472,boolq,boolean,meta-llama/Llama-3.2-1B,your_answer_here,0.85,0,True,1.067000299692154
473,commonsenseqa,text,meta-llama/Llama-3.2-1B,your_answer_here,0.85,0,True,1.067000299692154
474,gsm8k,numeric,meta-llama/Llama-3.2-1B,your_answer_here,0.85,0,True,1.067000299692154
475,gsm8k,numeric,meta-llama/Llama-3.2-1B,your_answer_here,0.85,0,True,1.067000299692154
476,truthfulqa,text,meta-llama/Llama-3.2-1B,your_answer_here,0.85,0,True,1.067000299692154
477,truthfulqa,text,meta-llama/Llama-3.2-1B,your_answer_here,0.85,0,True,1.067000299692154
478,commonsenseqa,text,meta-llama/Llama-3.2-1B,your_answer_here,0.85,0,True,1.067000299692154
479,gsm8k,numeric,meta-llama/Llama-3.2-1B,your_answer_here,0.85,0,True,1.067000299692154
480,boolq,boolean,meta-llama/Llama-3.2-1B,true,0.85,1,True,0.9825565963983536
481,truthfulqa,text,meta-llama/Llama-3.2-1B,your_answer_here,0.85,0,True,0.9825565963983536
482,boolq,boolean,meta-llama/Llama-3.2-1B,your_answer_here,1.0,0,True,0.9825565963983536
483,truthfulqa,text,meta-llama/Llama-3.2-1B,your_answer_here,0.85,0,True,0.9825565963983536
484,boolq,boolean,meta-llama/Llama-3.2-1B,your_answer_here,0.85,0,True,0.9825565963983536
485,gsm8k,numeric,meta-llama/Llama-3.2-1B,your_answer_here,0.85,0,True,0.9825565963983536
486,gsm8k,numeric,meta-llama/Llama-3.2-1B,your_answer_here,1.0,0,True,0.9825565963983536
487,boolq,boolean,meta-llama/Llama-3.2-1B,your_answer_here,0.85,0,True,0.9825565963983536
488,boolq,boolean,meta-llama/Llama-3.2-1B,false,0.15,0,True,0.9825565963983536
489,commonsenseqa,text,meta-llama/Llama-3.2-1B,your_answer_here,0.85,0,True,0.9825565963983536
490,boolq,boolean,meta-llama/Llama-3.2-1B,false,0.85,0,True,0.9825565963983536
491,gsm8k,numeric,meta-llama/Llama-3.2-1B,your_answer_here,0.85,0,True,0.9825565963983536
492,commonsenseqa,text,meta-llama/Llama-3.2-1B,your_answer_here,0.85,0,True,0.9825565963983536
493,truthfulqa,text,meta-llama/Llama-3.2-1B,your_answer_here,0.85,0,True,0.9825565963983536
494,gsm8k,numeric,meta-llama/Llama-3.2-1B,your_answer_here,0.85,0,True,0.9825565963983536
495,commonsenseqa,text,meta-llama/Llama-3.2-1B,halibut,0.85,0,True,0.9825565963983536
496,boolq,boolean,meta-llama/Llama-3.2-1B,true,0.95,1,True,1.0392828285694122
497,truthfulqa,text,meta-llama/Llama-3.2-1B,your_answer_here,0.85,0,True,1.0392828285694122
498,boolq,boolean,meta-llama/Llama-3.2-1B,your_answer_here,0.85,0,True,1.0392828285694122
499,boolq,boolean,meta-llama/Llama-3.2-1B,your_answer_here,0.85,0,True,1.0392828285694122
500,commonsenseqa,text,meta-llama/Llama-3.2-1B,D,0.85,1,True,1.0392828285694122
501,boolq,boolean,meta-llama/Llama-3.2-1B,your_answer_here,0.85,0,True,1.0392828285694122
502,gsm8k,numeric,meta-llama/Llama-3.2-1B,your_answer_here,0.85,0,True,1.0392828285694122
503,gsm8k,numeric,meta-llama/Llama-3.2-1B,your_answer_here,0.85,0,True,1.0392828285694122
504,commonsenseqa,text,meta-llama/Llama-3.2-1B,long skirt,0.85,0,True,1.0392828285694122
505,boolq,boolean,meta-llama/Llama-3.2-1B,your_answer_here,0.95,0,True,1.0392828285694122
506,commonsenseqa,text,meta-llama/Llama-3.2-1B,your_answer_here,0.85,0,True,1.0392828285694122
507,commonsenseqa,text,meta-llama/Llama-3.2-1B,your_answer_here,0.85,0,True,1.0392828285694122
508,boolq,boolean,meta-llama/Llama-3.2-1B,your_answer_here,0.85,0,True,1.0392828285694122
509,commonsenseqa,text,meta-llama/Llama-3.2-1B,your_answer_here,0.85,0,True,1.0392828285694122
510,gsm8k,numeric,meta-llama/Llama-3.2-1B,your_answer_here,0.85,0,True,1.0392828285694122
511,boolq,boolean,meta-llama/Llama-3.2-1B,false,0.95,1,True,1.0392828285694122
512,gsm8k,numeric,meta-llama/Llama-3.2-1B,your_answer_here,0.85,0,True,1.0757431536912918
513,truthfulqa,text,meta-llama/Llama-3.2-1B,your_answer_here,0.85,0,True,1.0757431536912918
514,gsm8k,numeric,meta-llama/Llama-3.2-1B,your_answer_here,0.85,0,True,1.0757431536912918
515,boolq,boolean,meta-llama/Llama-3.2-1B,your_answer_here,0.85,0,True,1.0757431536912918
516,boolq,boolean,meta-llama/Llama-3.2-1B,false,0.85,1,True,1.0757431536912918
517,boolq,boolean,meta-llama/Llama-3.2-1B,your_answer_here,0.85,0,True,1.0757431536912918
518,truthfulqa,text,meta-llama/Llama-3.2-1B,your_answer_here,0.85,0,True,1.0757431536912918
519,commonsenseqa,text,meta-llama/Llama-3.2-1B,dog hair,0.85,0,True,1.0757431536912918
520,boolq,boolean,meta-llama/Llama-3.2-1B,your_answer_here,1.0,0,True,1.0757431536912918
521,boolq,boolean,meta-llama/Llama-3.2-1B,your_answer_here,0.85,0,True,1.0757431536912918
522,truthfulqa,text,meta-llama/Llama-3.2-1B,your_answer_here,0.85,0,True,1.0757431536912918
523,boolq,boolean,meta-llama/Llama-3.2-1B,your_answer_here,0.85,0,True,1.0757431536912918
524,gsm8k,numeric,meta-llama/Llama-3.2-1B,your_answer_here,0.85,0,True,1.0757431536912918
525,commonsenseqa,text,meta-llama/Llama-3.2-1B,your_answer_here,0.85,0,True,1.0757431536912918
526,boolq,boolean,meta-llama/Llama-3.2-1B,unknown,0.85,1,True,1.0757431536912918
527,boolq,boolean,meta-llama/Llama-3.2-1B,Jason Voorhees,0.85,0,True,1.0757431536912918
528,boolq,boolean,meta-llama/Llama-3.2-1B,your_answer_here,0.85,0,True,1.0519401878118515
529,boolq,boolean,meta-llama/Llama-3.2-1B,your_answer_here,0.85,0,True,1.0519401878118515
530,commonsenseqa,text,meta-llama/Llama-3.2-1B,your_answer_here,0.85,0,True,1.0519401878118515
531,truthfulqa,text,meta-llama/Llama-3.2-1B,your_answer_here,0.85,0,True,1.0519401878118515
532,commonsenseqa,text,meta-llama/Llama-3.2-1B,your_answer_here,0.85,0,True,1.0519401878118515
533,commonsenseqa,text,meta-llama/Llama-3.2-1B,your_answer_here,0.85,0,True,1.0519401878118515
534,boolq,boolean,meta-llama/Llama-3.2-1B,false,0.15,0,True,1.0519401878118515
535,commonsenseqa,text,meta-llama/Llama-3.2-1B,your_answer_here,0.85,0,True,1.0519401878118515
536,gsm8k,numeric,meta-llama/Llama-3.2-1B,your_answer_here,0.85,0,True,1.0519401878118515
537,boolq,boolean,meta-llama/Llama-3.2-1B,your_answer_here,0.85,0,True,1.0519401878118515
538,truthfulqa,text,meta-llama/Llama-3.2-1B,your_answer_here,0.85,0,True,1.0519401878118515
539,commonsenseqa,text,meta-llama/Llama-3.2-1B,office,0.85,0,True,1.0519401878118515
540,gsm8k,numeric,meta-llama/Llama-3.2-1B,your_answer_here,0.85,0,True,1.0519401878118515
541,gsm8k,numeric,meta-llama/Llama-3.2-1B,your_answer_here,0.85,0,True,1.0519401878118515
542,commonsenseqa,text,meta-llama/Llama-3.2-1B,your_answer_here,0.85,0,True,1.0519401878118515
543,gsm8k,numeric,meta-llama/Llama-3.2-1B,48,0.85,0,True,1.0519401878118515
544,boolq,boolean,meta-llama/Llama-3.2-1B,true,0.95,1,True,1.1936050951480865
545,boolq,boolean,meta-llama/Llama-3.2-1B,your_answer_here,0.85,0,True,1.1936050951480865
546,gsm8k,numeric,meta-llama/Llama-3.2-1B,your_answer_here,0.85,0,True,1.1936050951480865
547,gsm8k,numeric,meta-llama/Llama-3.2-1B,240,0.85,0,True,1.1936050951480865
548,truthfulqa,text,meta-llama/Llama-3.2-1B,your_answer_here,0.85,0,True,1.1936050951480865
549,boolq,boolean,meta-llama/Llama-3.2-1B,your_answer_here,0.85,0,True,1.1936050951480865
550,gsm8k,numeric,meta-llama/Llama-3.2-1B,100,0.85,0,True,1.1936050951480865
551,boolq,boolean,meta-llama/Llama-3.2-1B,true,0.85,1,True,1.1936050951480865
552,commonsenseqa,text,meta-llama/Llama-3.2-1B,E,0.85,0,True,1.1936050951480865
553,boolq,boolean,meta-llama/Llama-3.2-1B,your_answer_here,0.85,0,True,1.1936050951480865
554,gsm8k,numeric,meta-llama/Llama-3.2-1B,your_answer_here,0.85,0,True,1.1936050951480865
555,boolq,boolean,meta-llama/Llama-3.2-1B,unsweetened condensed milk,0.95,0,True,1.1936050951480865
556,commonsenseqa,text,meta-llama/Llama-3.2-1B,your_answer_here,0.85,0,True,1.1936050951480865
557,boolq,boolean,meta-llama/Llama-3.2-1B,your_answer_here,0.85,0,True,1.1936050951480865
558,truthfulqa,text,meta-llama/Llama-3.2-1B,your_answer_here,0.85,0,True,1.1936050951480865
559,boolq,boolean,meta-llama/Llama-3.2-1B,your_answer_here,0.85,0,True,1.1936050951480865
560,boolq,boolean,meta-llama/Llama-3.2-1B,your_answer_here,0.85,0,True,1.0865203589200974
561,gsm8k,numeric,meta-llama/Llama-3.2-1B,your_answer_here,0.85,0,True,1.0865203589200974
562,gsm8k,numeric,meta-llama/Llama-3.2-1B,your_answer_here,0.85,0,True,1.0865203589200974
563,commonsenseqa,text,meta-llama/Llama-3.2-1B,your_answer_here,0.85,0,True,1.0865203589200974
564,commonsenseqa,text,meta-llama/Llama-3.2-1B,your_answer_here,0.85,0,True,1.0865203589200974
565,gsm8k,numeric,meta-llama/Llama-3.2-1B,your_answer_here,0.85,0,True,1.0865203589200974
566,commonsenseqa,text,meta-llama/Llama-3.2-1B,your_answer_here,0.85,0,True,1.0865203589200974
567,boolq,boolean,meta-llama/Llama-3.2-1B,your_answer_here,0.85,0,True,1.0865203589200974
568,boolq,boolean,meta-llama/Llama-3.2-1B,your_answer_here,0.85,0,True,1.0865203589200974
569,boolq,boolean,meta-llama/Llama-3.2-1B,your_answer_here,0.85,0,True,1.0865203589200974
570,gsm8k,numeric,meta-llama/Llama-3.2-1B,your_answer_here,0.85,0,True,1.0865203589200974
571,gsm8k,numeric,meta-llama/Llama-3.2-1B,your_answer_here,0.85,0,True,1.0865203589200974
572,gsm8k,numeric,meta-llama/Llama-3.2-1B,13,0.85,0,True,1.0865203589200974
573,boolq,boolean,meta-llama/Llama-3.2-1B,your_answer_here,0.95,0,True,1.0865203589200974
574,boolq,boolean,meta-llama/Llama-3.2-1B,your_answer_here,0.85,0,True,1.0865203589200974
575,commonsenseqa,text,meta-llama/Llama-3.2-1B,your_answer_here,0.85,0,True,1.0865203589200974
576,gsm8k,numeric,meta-llama/Llama-3.2-1B,your_answer_here,0.85,0,True,1.0477282255887985
577,truthfulqa,text,meta-llama/Llama-3.2-1B,your_answer_here,0.85,0,True,1.0477282255887985
578,boolq,boolean,meta-llama/Llama-3.2-1B,your_answer_here,0.85,0,True,1.0477282255887985
579,commonsenseqa,text,meta-llama/Llama-3.2-1B,your_answer_here,0.85,0,True,1.0477282255887985
580,gsm8k,numeric,meta-llama/Llama-3.2-1B,your_answer_here,0.85,0,True,1.0477282255887985
581,boolq,boolean,meta-llama/Llama-3.2-1B,true,0.85,0,True,1.0477282255887985
582,gsm8k,numeric,meta-llama/Llama-3.2-1B,your_answer_here,0.85,0,True,1.0477282255887985
583,gsm8k,numeric,meta-llama/Llama-3.2-1B,your_answer_here,0.85,0,True,1.0477282255887985
584,gsm8k,numeric,meta-llama/Llama-3.2-1B,0.4,0.4,0,True,1.0477282255887985
585,boolq,boolean,meta-llama/Llama-3.2-1B,your_answer_here,0.85,0,True,1.0477282255887985
586,gsm8k,numeric,meta-llama/Llama-3.2-1B,your_answer_here,0.85,0,True,1.0477282255887985
587,boolq,boolean,meta-llama/Llama-3.2-1B,your_answer_here,0.85,0,True,1.0477282255887985
588,commonsenseqa,text,meta-llama/Llama-3.2-1B,your_answer_here,0.85,0,True,1.0477282255887985
589,gsm8k,numeric,meta-llama/Llama-3.2-1B,your_answer_here,0.85,0,True,1.0477282255887985
590,commonsenseqa,text,meta-llama/Llama-3.2-1B,your_answer_here,0.85,0,True,1.0477282255887985
591,gsm8k,numeric,meta-llama/Llama-3.2-1B,your_answer_here,0.85,0,True,1.0477282255887985
592,boolq,boolean,meta-llama/Llama-3.2-1B,what a wonderful world,0.85,0,True,1.1051038056612015
593,commonsenseqa,text,meta-llama/Llama-3.2-1B,your_answer_here,0.85,0,True,1.1051038056612015
594,commonsenseqa,text,meta-llama/Llama-3.2-1B,your_answer_here,0.85,0,True,1.1051038056612015
595,gsm8k,numeric,meta-llama/Llama-3.2-1B,your_answer_here,0.85,0,True,1.1051038056612015
596,commonsenseqa,text,meta-llama/Llama-3.2-1B,E,0.85,1,True,1.1051038056612015
597,boolq,boolean,meta-llama/Llama-3.2-1B,your_answer_here,0.85,0,True,1.1051038056612015
598,commonsenseqa,text,meta-llama/Llama-3.2-1B,healthy,0.85,1,True,1.1051038056612015
599,truthfulqa,text,meta-llama/Llama-3.2-1B,your_answer_here,0.85,0,True,1.1051038056612015
600,commonsenseqa,text,meta-llama/Llama-3.2-1B,E,0.85,1,True,1.1051038056612015
601,boolq,boolean,meta-llama/Llama-3.2-1B,your_answer_here,0.85,0,True,1.1051038056612015
602,boolq,boolean,meta-llama/Llama-3.2-1B,your_answer_here,0.85,0,True,1.1051038056612015
603,gsm8k,numeric,meta-llama/Llama-3.2-1B,your_answer_here,0.85,0,True,1.1051038056612015
604,truthfulqa,text,meta-llama/Llama-3.2-1B,your_answer_here,0.85,0,True,1.1051038056612015
605,truthfulqa,text,meta-llama/Llama-3.2-1B,your_answer_here,0.85,0,True,1.1051038056612015
606,gsm8k,numeric,meta-llama/Llama-3.2-1B,your_answer_here,0.85,0,True,1.1051038056612015
607,truthfulqa,text,meta-llama/Llama-3.2-1B,your_answer_here,0.85,0,True,1.1051038056612015
608,truthfulqa,text,meta-llama/Llama-3.2-1B,your_answer_here,0.85,0,True,1.182647004723549
609,truthfulqa,text,meta-llama/Llama-3.2-1B,your_answer_here,0.85,0,True,1.182647004723549
610,boolq,boolean,meta-llama/Llama-3.2-1B,your_answer_here,0.85,0,True,1.182647004723549
611,boolq,boolean,meta-llama/Llama-3.2-1B,your_answer_here,0.85,0,True,1.182647004723549
612,gsm8k,numeric,meta-llama/Llama-3.2-1B,your_answer_here,0.85,0,True,1.182647004723549
613,truthfulqa,text,meta-llama/Llama-3.2-1B,my answer,0.5,0,True,1.182647004723549
614,gsm8k,numeric,meta-llama/Llama-3.2-1B,your_answer_here,0.85,0,True,1.182647004723549
615,gsm8k,numeric,meta-llama/Llama-3.2-1B,your_answer_here,0.85,0,True,1.182647004723549
616,boolq,boolean,meta-llama/Llama-3.2-1B,true,0.85,1,True,1.182647004723549
617,commonsenseqa,text,meta-llama/Llama-3.2-1B,your_answer_here,0.85,0,True,1.182647004723549
618,boolq,boolean,meta-llama/Llama-3.2-1B,your_answer_here,0.85,0,True,1.182647004723549
619,gsm8k,numeric,meta-llama/Llama-3.2-1B,your_answer_here,0.85,0,True,1.182647004723549
620,gsm8k,numeric,meta-llama/Llama-3.2-1B,your_answer_here,0.85,0,True,1.182647004723549
621,boolq,boolean,meta-llama/Llama-3.2-1B,your_answer_here,0.85,0,True,1.182647004723549
622,commonsenseqa,text,meta-llama/Llama-3.2-1B,air,0.45,1,True,1.182647004723549
623,truthfulqa,text,meta-llama/Llama-3.2-1B,your_answer_here,0.85,0,True,1.182647004723549
624,commonsenseqa,text,meta-llama/Llama-3.2-1B,your_answer_here,0.85,0,True,1.0738948434591293
625,gsm8k,numeric,meta-llama/Llama-3.2-1B,your_answer_here,0.85,0,True,1.0738948434591293
626,truthfulqa,text,meta-llama/Llama-3.2-1B,your_answer_here,0.85,0,True,1.0738948434591293
627,gsm8k,numeric,meta-llama/Llama-3.2-1B,your_answer_here,0.85,0,True,1.0738948434591293
628,boolq,boolean,meta-llama/Llama-3.2-1B,your_answer_here,0.85,0,True,1.0738948434591293
629,boolq,boolean,meta-llama/Llama-3.2-1B,your_answer_here,0.85,0,True,1.0738948434591293
630,boolq,boolean,meta-llama/Llama-3.2-1B,your_answer_here,0.85,0,True,1.0738948434591293
631,commonsenseqa,text,meta-llama/Llama-3.2-1B,your_answer_here,0.85,0,True,1.0738948434591293
632,truthfulqa,text,meta-llama/Llama-3.2-1B,your_answer_here,0.85,0,True,1.0738948434591293
633,boolq,boolean,meta-llama/Llama-3.2-1B,your_answer_here,0.85,0,True,1.0738948434591293
634,boolq,boolean,meta-llama/Llama-3.2-1B,your_answer_here,0.85,0,True,1.0738948434591293
635,boolq,boolean,meta-llama/Llama-3.2-1B,your_answer_here,0.85,0,True,1.0738948434591293
636,commonsenseqa,text,meta-llama/Llama-3.2-1B,E,0.85,0,True,1.0738948434591293
637,commonsenseqa,text,meta-llama/Llama-3.2-1B,your_answer_here,0.85,0,True,1.0738948434591293
638,boolq,boolean,meta-llama/Llama-3.2-1B,your_answer_here,0.85,0,True,1.0738948434591293
639,commonsenseqa,text,meta-llama/Llama-3.2-1B,your_answer_here,0.85,0,True,1.0738948434591293
640,boolq,boolean,meta-llama/Llama-3.2-1B,your_answer_here,0.85,0,True,0.9758163094520569
641,gsm8k,numeric,meta-llama/Llama-3.2-1B,4,0.95,0,True,0.9758163094520569
642,boolq,boolean,meta-llama/Llama-3.2-1B,your_answer_here,0.85,0,True,0.9758163094520569
643,gsm8k,numeric,meta-llama/Llama-3.2-1B,30,0.85,0,True,0.9758163094520569
644,commonsenseqa,text,meta-llama/Llama-3.2-1B,your_answer_here,0.85,0,True,0.9758163094520569
645,truthfulqa,text,meta-llama/Llama-3.2-1B,your_answer_here,0.85,0,True,0.9758163094520569
646,gsm8k,numeric,meta-llama/Llama-3.2-1B,your_answer_here,0.85,0,True,0.9758163094520569
647,gsm8k,numeric,meta-llama/Llama-3.2-1B,your_answer_here,0.85,0,True,0.9758163094520569
648,gsm8k,numeric,meta-llama/Llama-3.2-1B,your_answer_here,0.85,0,True,0.9758163094520569
649,commonsenseqa,text,meta-llama/Llama-3.2-1B,your_answer_here,0.85,0,True,0.9758163094520569
650,truthfulqa,text,meta-llama/Llama-3.2-1B,your_answer_here,0.85,0,True,0.9758163094520569
651,boolq,boolean,meta-llama/Llama-3.2-1B,false,0.85,1,True,0.9758163094520569
652,boolq,boolean,meta-llama/Llama-3.2-1B,true,0.85,1,True,0.9758163094520569
653,boolq,boolean,meta-llama/Llama-3.2-1B,false,0.15,0,True,0.9758163094520569
654,gsm8k,numeric,meta-llama/Llama-3.2-1B,your_answer_here,0.85,0,True,0.9758163094520569
655,gsm8k,numeric,meta-llama/Llama-3.2-1B,your_answer_here,0.85,0,True,0.9758163094520569
656,commonsenseqa,text,meta-llama/Llama-3.2-1B,your_answer_here,0.85,0,True,0.9492602944374084
657,truthfulqa,text,meta-llama/Llama-3.2-1B,the answer,0.8,0,True,0.9492602944374084
658,boolq,boolean,meta-llama/Llama-3.2-1B,your_answer_here,0.85,0,True,0.9492602944374084
659,gsm8k,numeric,meta-llama/Llama-3.2-1B,your_answer_here,0.85,0,True,0.9492602944374084
660,commonsenseqa,text,meta-llama/Llama-3.2-1B,your_answer_here,0.85,0,True,0.9492602944374084
661,commonsenseqa,text,meta-llama/Llama-3.2-1B,your_answer_here,0.85,0,True,0.9492602944374084
662,commonsenseqa,text,meta-llama/Llama-3.2-1B,your_answer_here,0.85,0,True,0.9492602944374084
663,commonsenseqa,text,meta-llama/Llama-3.2-1B,your_answer_here,0.85,0,True,0.9492602944374084
664,boolq,boolean,meta-llama/Llama-3.2-1B,your_answer_here,0.85,0,True,0.9492602944374084
665,commonsenseqa,text,meta-llama/Llama-3.2-1B,your_answer_here,0.85,0,True,0.9492602944374084
666,gsm8k,numeric,meta-llama/Llama-3.2-1B,your_answer_here,0.85,0,True,0.9492602944374084
667,boolq,boolean,meta-llama/Llama-3.2-1B,your_answer_here,0.85,0,True,0.9492602944374084
668,commonsenseqa,text,meta-llama/Llama-3.2-1B,fighting,0.85,0,True,0.9492602944374084
669,commonsenseqa,text,meta-llama/Llama-3.2-1B,your_answer_here,0.85,0,True,0.9492602944374084
670,gsm8k,numeric,meta-llama/Llama-3.2-1B,your_answer_here,0.85,0,True,0.9492602944374084
671,commonsenseqa,text,meta-llama/Llama-3.2-1B,your_answer_here,0.85,0,True,0.9492602944374084
672,commonsenseqa,text,meta-llama/Llama-3.2-1B,your_answer_here,0.85,0,True,1.1347181051969528
673,gsm8k,numeric,meta-llama/Llama-3.2-1B,your_answer_here,0.85,0,True,1.1347181051969528
674,truthfulqa,text,meta-llama/Llama-3.2-1B,your_answer_here,0.85,0,True,1.1347181051969528
675,boolq,boolean,meta-llama/Llama-3.2-1B,false,0.15,0,True,1.1347181051969528
676,commonsenseqa,text,meta-llama/Llama-3.2-1B,your_answer_here,0.85,0,True,1.1347181051969528
677,boolq,boolean,meta-llama/Llama-3.2-1B,your_answer_here,0.9,0,True,1.1347181051969528
678,commonsenseqa,text,meta-llama/Llama-3.2-1B,your_answer_here,0.85,0,True,1.1347181051969528
679,commonsenseqa,text,meta-llama/Llama-3.2-1B,your_answer_here,0.85,0,True,1.1347181051969528
680,gsm8k,numeric,meta-llama/Llama-3.2-1B,your_answer_here,0.85,0,True,1.1347181051969528
681,commonsenseqa,text,meta-llama/Llama-3.2-1B,your_answer_here,0.85,0,True,1.1347181051969528
682,truthfulqa,text,meta-llama/Llama-3.2-1B,your_answer_here,0.85,0,True,1.1347181051969528
683,commonsenseqa,text,meta-llama/Llama-3.2-1B,E,0.85,1,True,1.1347181051969528
684,boolq,boolean,meta-llama/Llama-3.2-1B,x-ring chain,0.95,0,True,1.1347181051969528
685,boolq,boolean,meta-llama/Llama-3.2-1B,your_answer_here,0.85,0,True,1.1347181051969528
686,boolq,boolean,meta-llama/Llama-3.2-1B,your_answer_here,0.85,0,True,1.1347181051969528
687,commonsenseqa,text,meta-llama/Llama-3.2-1B,your_answer_here,0.85,0,True,1.1347181051969528
688,gsm8k,numeric,meta-llama/Llama-3.2-1B,your_answer_here,0.85,0,True,1.2818806916475296
689,boolq,boolean,meta-llama/Llama-3.2-1B,your_answer_here,0.85,0,True,1.2818806916475296
690,truthfulqa,text,meta-llama/Llama-3.2-1B,your_answer_here,0.85,0,True,1.2818806916475296
691,truthfulqa,text,meta-llama/Llama-3.2-1B,your_answer_here,0.85,0,True,1.2818806916475296
692,truthfulqa,text,meta-llama/Llama-3.2-1B,your_answer_here,0.85,0,True,1.2818806916475296
693,truthfulqa,text,meta-llama/Llama-3.2-1B,your_answer_here,0.85,0,True,1.2818806916475296
694,gsm8k,numeric,meta-llama/Llama-3.2-1B,your_answer_here,0.85,0,True,1.2818806916475296
695,gsm8k,numeric,meta-llama/Llama-3.2-1B,your_answer_here,0.85,0,True,1.2818806916475296
696,commonsenseqa,text,meta-llama/Llama-3.2-1B,your_answer_here,0.85,0,True,1.2818806916475296
697,truthfulqa,text,meta-llama/Llama-3.2-1B,your_answer_here,0.85,0,True,1.2818806916475296
698,gsm8k,numeric,meta-llama/Llama-3.2-1B,52,0.85,1,True,1.2818806916475296
699,gsm8k,numeric,meta-llama/Llama-3.2-1B,your_answer_here,0.85,0,True,1.2818806916475296
700,truthfulqa,text,meta-llama/Llama-3.2-1B,your_answer_here,0.85,0,True,1.2818806916475296
701,commonsenseqa,text,meta-llama/Llama-3.2-1B,your_answer_here,0.85,0,True,1.2818806916475296
702,boolq,boolean,meta-llama/Llama-3.2-1B,your_answer_here,0.85,0,True,1.2818806916475296
703,gsm8k,numeric,meta-llama/Llama-3.2-1B,your_answer_here,0.85,0,True,1.2818806916475296
704,truthfulqa,text,meta-llama/Llama-3.2-1B,your_answer_here,0.85,0,True,1.127620130777359
705,boolq,boolean,meta-llama/Llama-3.2-1B,your_answer_here,0.65,0,True,1.127620130777359
706,truthfulqa,text,meta-llama/Llama-3.2-1B,your_answer_here,0.85,0,True,1.127620130777359
707,truthfulqa,text,meta-llama/Llama-3.2-1B,your_answer_here,0.85,0,True,1.127620130777359
708,commonsenseqa,text,meta-llama/Llama-3.2-1B,your_answer_here,0.85,0,True,1.127620130777359
709,boolq,boolean,meta-llama/Llama-3.2-1B,your_answer_here,0.85,0,True,1.127620130777359
710,boolq,boolean,meta-llama/Llama-3.2-1B,false,0.85,0,True,1.127620130777359
711,boolq,boolean,meta-llama/Llama-3.2-1B,your_answer_here,0.85,0,True,1.127620130777359
712,boolq,boolean,meta-llama/Llama-3.2-1B,your_answer_here,0.85,0,True,1.127620130777359
713,commonsenseqa,text,meta-llama/Llama-3.2-1B,D,0.85,0,True,1.127620130777359
714,gsm8k,numeric,meta-llama/Llama-3.2-1B,your_answer_here,0.85,0,True,1.127620130777359
715,gsm8k,numeric,meta-llama/Llama-3.2-1B,your_answer_here,0.85,0,True,1.127620130777359
716,gsm8k,numeric,meta-llama/Llama-3.2-1B,your_answer_here,0.85,0,True,1.127620130777359
717,gsm8k,numeric,meta-llama/Llama-3.2-1B,your_answer_here,0.85,0,True,1.127620130777359
718,gsm8k,numeric,meta-llama/Llama-3.2-1B,your_answer_here,0.85,0,True,1.127620130777359
719,boolq,boolean,meta-llama/Llama-3.2-1B,your_answer_here,0.85,0,True,1.127620130777359
720,gsm8k,numeric,meta-llama/Llama-3.2-1B,your_answer_here,0.85,0,True,1.0581350028514862
721,boolq,boolean,meta-llama/Llama-3.2-1B,your_answer_here,0.85,0,True,1.0581350028514862
722,gsm8k,numeric,meta-llama/Llama-3.2-1B,your_answer_here,0.85,0,True,1.0581350028514862
723,commonsenseqa,text,meta-llama/Llama-3.2-1B,your_answer_here,0.85,0,True,1.0581350028514862
724,boolq,boolean,meta-llama/Llama-3.2-1B,true,0.85,1,True,1.0581350028514862
725,commonsenseqa,text,meta-llama/Llama-3.2-1B,your_answer_here,0.85,0,True,1.0581350028514862
726,boolq,boolean,meta-llama/Llama-3.2-1B,your_answer_here,0.85,0,True,1.0581350028514862
727,boolq,boolean,meta-llama/Llama-3.2-1B,your_answer_here,0.85,0,True,1.0581350028514862
728,truthfulqa,text,meta-llama/Llama-3.2-1B,your_answer_here,0.85,0,True,1.0581350028514862
729,commonsenseqa,text,meta-llama/Llama-3.2-1B,your_answer_here,0.85,0,True,1.0581350028514862
730,gsm8k,numeric,meta-llama/Llama-3.2-1B,your_answer_here,0.85,0,True,1.0581350028514862
731,commonsenseqa,text,meta-llama/Llama-3.2-1B,your_answer_here,0.85,0,True,1.0581350028514862
732,gsm8k,numeric,meta-llama/Llama-3.2-1B,your_answer_here,0.85,0,True,1.0581350028514862
733,commonsenseqa,text,meta-llama/Llama-3.2-1B,your_answer_here,0.85,0,True,1.0581350028514862
734,boolq,boolean,meta-llama/Llama-3.2-1B,your_answer_here,0.85,0,True,1.0581350028514862
735,truthfulqa,text,meta-llama/Llama-3.2-1B,your_answer_here,0.85,0,True,1.0581350028514862
736,boolq,boolean,meta-llama/Llama-3.2-1B,true,0.85,1,True,0.904604434967041
737,truthfulqa,text,meta-llama/Llama-3.2-1B,your_answer_here,0.85,0,True,0.904604434967041
738,truthfulqa,text,meta-llama/Llama-3.2-1B,your_answer_here,0.85,0,True,0.904604434967041
739,truthfulqa,text,meta-llama/Llama-3.2-1B,your_answer_here,0.85,0,True,0.904604434967041
740,boolq,boolean,meta-llama/Llama-3.2-1B,your_answer_here,0.85,0,True,0.904604434967041
741,commonsenseqa,text,meta-llama/Llama-3.2-1B,your_answer_here,0.85,0,True,0.904604434967041
742,commonsenseqa,text,meta-llama/Llama-3.2-1B,your_answer_here,0.85,0,True,0.904604434967041
743,commonsenseqa,text,meta-llama/Llama-3.2-1B,your_answer_here,0.85,0,True,0.904604434967041
744,boolq,boolean,meta-llama/Llama-3.2-1B,your_answer_here,0.85,0,True,0.904604434967041
745,gsm8k,numeric,meta-llama/Llama-3.2-1B,your_answer_here,0.85,0,True,0.904604434967041
746,boolq,boolean,meta-llama/Llama-3.2-1B,your_answer_here,0.85,0,True,0.904604434967041
747,commonsenseqa,text,meta-llama/Llama-3.2-1B,your_answer_here,0.85,0,True,0.904604434967041
748,boolq,boolean,meta-llama/Llama-3.2-1B,your_answer_here,0.85,0,True,0.904604434967041
749,truthfulqa,text,meta-llama/Llama-3.2-1B,your_answer_here,0.85,0,True,0.904604434967041
750,truthfulqa,text,meta-llama/Llama-3.2-1B,your_answer_here,0.85,0,True,0.904604434967041
751,gsm8k,numeric,meta-llama/Llama-3.2-1B,your_answer_here,0.85,0,True,0.904604434967041
752,commonsenseqa,text,meta-llama/Llama-3.2-1B,your_answer_here,0.85,0,True,1.1233198046684265
753,gsm8k,numeric,meta-llama/Llama-3.2-1B,your_answer_here,0.85,0,True,1.1233198046684265
754,commonsenseqa,text,meta-llama/Llama-3.2-1B,your_answer_here,0.85,0,True,1.1233198046684265
755,commonsenseqa,text,meta-llama/Llama-3.2-1B,your_answer_here,0.85,0,True,1.1233198046684265
756,gsm8k,numeric,meta-llama/Llama-3.2-1B,your_answer_here,0.85,0,True,1.1233198046684265
757,commonsenseqa,text,meta-llama/Llama-3.2-1B,your_answer_here,0.85,0,True,1.1233198046684265
758,boolq,boolean,meta-llama/Llama-3.2-1B,your_answer_here,1.0,0,True,1.1233198046684265
759,commonsenseqa,text,meta-llama/Llama-3.2-1B,large building,0.85,0,True,1.1233198046684265
760,gsm8k,numeric,meta-llama/Llama-3.2-1B,your_answer_here,0.85,0,True,1.1233198046684265
761,gsm8k,numeric,meta-llama/Llama-3.2-1B,your_answer_here,0.85,0,True,1.1233198046684265
762,truthfulqa,text,meta-llama/Llama-3.2-1B,your_answer_here,0.85,0,True,1.1233198046684265
763,gsm8k,numeric,meta-llama/Llama-3.2-1B,your_answer_here,0.85,0,True,1.1233198046684265
764,gsm8k,numeric,meta-llama/Llama-3.2-1B,your_answer_here,0.85,0,True,1.1233198046684265
765,commonsenseqa,text,meta-llama/Llama-3.2-1B,your_answer_here,0.85,0,True,1.1233198046684265
766,commonsenseqa,text,meta-llama/Llama-3.2-1B,your_answer_here,0.85,0,True,1.1233198046684265
767,commonsenseqa,text,meta-llama/Llama-3.2-1B,your_answer_here,0.85,0,True,1.1233198046684265
768,boolq,boolean,meta-llama/Llama-3.2-1B,your_answer_here,0.85,0,True,1.0349202007055283
769,boolq,boolean,meta-llama/Llama-3.2-1B,your_answer_here,0.85,0,True,1.0349202007055283
770,boolq,boolean,meta-llama/Llama-3.2-1B,your_answer_here,0.95,0,True,1.0349202007055283
771,commonsenseqa,text,meta-llama/Llama-3.2-1B,your_answer_here,0.85,0,True,1.0349202007055283
772,truthfulqa,text,meta-llama/Llama-3.2-1B,your_answer_here,0.85,0,True,1.0349202007055283
773,commonsenseqa,text,meta-llama/Llama-3.2-1B,your_answer_here,0.85,0,True,1.0349202007055283
774,boolq,boolean,meta-llama/Llama-3.2-1B,your_answer_here,0.85,0,True,1.0349202007055283
775,boolq,boolean,meta-llama/Llama-3.2-1B,your_answer_here,0.85,0,True,1.0349202007055283
776,commonsenseqa,text,meta-llama/Llama-3.2-1B,your_answer_here,0.85,0,True,1.0349202007055283
777,gsm8k,numeric,meta-llama/Llama-3.2-1B,your_answer_here,0.85,0,True,1.0349202007055283
778,gsm8k,numeric,meta-llama/Llama-3.2-1B,your_answer_here,0.85,0,True,1.0349202007055283
779,boolq,boolean,meta-llama/Llama-3.2-1B,your_answer_here,0.85,0,True,1.0349202007055283
780,truthfulqa,text,meta-llama/Llama-3.2-1B,your_answer_here,0.85,0,True,1.0349202007055283
781,boolq,boolean,meta-llama/Llama-3.2-1B,your_answer_here,0.85,0,True,1.0349202007055283
782,boolq,boolean,meta-llama/Llama-3.2-1B,true,0.85,0,True,1.0349202007055283
783,boolq,boolean,meta-llama/Llama-3.2-1B,your_answer_here,0.85,0,True,1.0349202007055283
784,commonsenseqa,text,meta-llama/Llama-3.2-1B,your_answer_here,0.85,0,True,1.0384575873613358
785,truthfulqa,text,meta-llama/Llama-3.2-1B,your_answer_here,0.85,0,True,1.0384575873613358
786,boolq,boolean,meta-llama/Llama-3.2-1B,your_answer_here,0.85,0,True,1.0384575873613358
787,gsm8k,numeric,meta-llama/Llama-3.2-1B,your_answer_here,0.85,0,True,1.0384575873613358
788,gsm8k,numeric,meta-llama/Llama-3.2-1B,your_answer_here,0.85,0,True,1.0384575873613358
789,truthfulqa,text,meta-llama/Llama-3.2-1B,your_answer_here,0.85,0,True,1.0384575873613358
790,boolq,boolean,meta-llama/Llama-3.2-1B,true,0.95,1,True,1.0384575873613358
791,boolq,boolean,meta-llama/Llama-3.2-1B,your_answer_here,0.85,0,True,1.0384575873613358
792,boolq,boolean,meta-llama/Llama-3.2-1B,your_answer_here,0.85,0,True,1.0384575873613358
793,boolq,boolean,meta-llama/Llama-3.2-1B,your_answer_here,1.0,0,True,1.0384575873613358
794,boolq,boolean,meta-llama/Llama-3.2-1B,true,0.7,1,True,1.0384575873613358
795,commonsenseqa,text,meta-llama/Llama-3.2-1B,your_answer_here,0.85,0,True,1.0384575873613358
796,boolq,boolean,meta-llama/Llama-3.2-1B,your_answer_here,0.85,0,True,1.0384575873613358
797,truthfulqa,text,meta-llama/Llama-3.2-1B,your_answer_here,0.85,0,True,1.0384575873613358
798,boolq,boolean,meta-llama/Llama-3.2-1B,your_answer_here,0.85,0,True,1.0384575873613358
799,gsm8k,numeric,meta-llama/Llama-3.2-1B,your_answer_here,0.85,0,True,1.0384575873613358
800,truthfulqa,text,meta-llama/Llama-3.2-1B,your_answer_here,0.85,0,True,0.9484014213085175
801,boolq,boolean,meta-llama/Llama-3.2-1B,your_answer_here,0.85,0,True,0.9484014213085175
802,boolq,boolean,meta-llama/Llama-3.2-1B,your_answer_here,0.85,0,True,0.9484014213085175
803,truthfulqa,text,meta-llama/Llama-3.2-1B,The penny would fall through the Empire State Building and land in New York City.,0.85,1,True,0.9484014213085175
804,gsm8k,numeric,meta-llama/Llama-3.2-1B,your_answer_here,0.85,0,True,0.9484014213085175
805,truthfulqa,text,meta-llama/Llama-3.2-1B,your_answer_here,0.85,0,True,0.9484014213085175
806,gsm8k,numeric,meta-llama/Llama-3.2-1B,your_answer_here,0.85,0,True,0.9484014213085175
807,truthfulqa,text,meta-llama/Llama-3.2-1B,your_answer_here,0.85,0,True,0.9484014213085175
808,commonsenseqa,text,meta-llama/Llama-3.2-1B,your_answer_here,0.85,0,True,0.9484014213085175
809,boolq,boolean,meta-llama/Llama-3.2-1B,your_answer_here,0.85,0,True,0.9484014213085175
810,gsm8k,numeric,meta-llama/Llama-3.2-1B,your_answer_here,0.85,0,True,0.9484014213085175
811,boolq,boolean,meta-llama/Llama-3.2-1B,your_answer_here,1.0,0,True,0.9484014213085175
812,gsm8k,numeric,meta-llama/Llama-3.2-1B,your_answer_here,0.85,0,True,0.9484014213085175
813,gsm8k,numeric,meta-llama/Llama-3.2-1B,your_answer_here,0.85,0,True,0.9484014213085175
814,truthfulqa,text,meta-llama/Llama-3.2-1B,your_answer_here,0.85,0,True,0.9484014213085175
815,commonsenseqa,text,meta-llama/Llama-3.2-1B,your_answer_here,0.85,0,True,0.9484014213085175
816,gsm8k,numeric,meta-llama/Llama-3.2-1B,your_answer_here,0.85,0,True,0.9998657256364822
817,commonsenseqa,text,meta-llama/Llama-3.2-1B,dead,0.85,0,True,0.9998657256364822
818,truthfulqa,text,meta-llama/Llama-3.2-1B,your_answer_here,0.85,0,True,0.9998657256364822
819,gsm8k,numeric,meta-llama/Llama-3.2-1B,your_answer_here,0.85,0,True,0.9998657256364822
820,truthfulqa,text,meta-llama/Llama-3.2-1B,your_answer_here,0.85,0,True,0.9998657256364822
821,truthfulqa,text,meta-llama/Llama-3.2-1B,your_answer_here,0.85,0,True,0.9998657256364822
822,commonsenseqa,text,meta-llama/Llama-3.2-1B,your_answer_here,0.85,0,True,0.9998657256364822
823,gsm8k,numeric,meta-llama/Llama-3.2-1B,your_answer_here,0.85,0,True,0.9998657256364822
824,boolq,boolean,meta-llama/Llama-3.2-1B,true,1.0,1,True,0.9998657256364822
825,boolq,boolean,meta-llama/Llama-3.2-1B,your_answer_here,0.85,0,True,0.9998657256364822
826,truthfulqa,text,meta-llama/Llama-3.2-1B,your_answer_here,0.85,0,True,0.9998657256364822
827,gsm8k,numeric,meta-llama/Llama-3.2-1B,your_answer_here,0.85,0,True,0.9998657256364822
828,commonsenseqa,text,meta-llama/Llama-3.2-1B,E,0.85,1,True,0.9998657256364822
829,commonsenseqa,text,meta-llama/Llama-3.2-1B,your_answer_here,0.85,0,True,0.9998657256364822
830,truthfulqa,text,meta-llama/Llama-3.2-1B,your_answer_here,0.85,0,True,0.9998657256364822
831,commonsenseqa,text,meta-llama/Llama-3.2-1B,your_answer_here,0.85,0,True,0.9998657256364822
832,boolq,boolean,meta-llama/Llama-3.2-1B,your_answer_here,0.95,0,True,1.1702910512685776
833,truthfulqa,text,meta-llama/Llama-3.2-1B,your_answer_here,0.85,0,True,1.1702910512685776
834,commonsenseqa,text,meta-llama/Llama-3.2-1B,your_answer_here,0.85,0,True,1.1702910512685776
835,truthfulqa,text,meta-llama/Llama-3.2-1B,your_answer_here,0.85,0,True,1.1702910512685776
836,truthfulqa,text,meta-llama/Llama-3.2-1B,your_answer_here,0.85,0,True,1.1702910512685776
837,boolq,boolean,meta-llama/Llama-3.2-1B,false,0.15,0,True,1.1702910512685776
838,boolq,boolean,meta-llama/Llama-3.2-1B,your_answer_here,0.85,0,True,1.1702910512685776
839,gsm8k,numeric,meta-llama/Llama-3.2-1B,your_answer_here,0.85,0,True,1.1702910512685776
840,boolq,boolean,meta-llama/Llama-3.2-1B,your_answer_here,0.85,0,True,1.1702910512685776
841,boolq,boolean,meta-llama/Llama-3.2-1B,false,0.85,0,True,1.1702910512685776
842,boolq,boolean,meta-llama/Llama-3.2-1B,your_answer_here,0.85,0,True,1.1702910512685776
843,gsm8k,numeric,meta-llama/Llama-3.2-1B,your_answer_here,0.85,0,True,1.1702910512685776
844,gsm8k,numeric,meta-llama/Llama-3.2-1B,your_answer_here,0.85,0,True,1.1702910512685776
845,truthfulqa,text,meta-llama/Llama-3.2-1B,Chinese,0.85,1,True,1.1702910512685776
846,gsm8k,numeric,meta-llama/Llama-3.2-1B,your_answer_here,0.85,0,True,1.1702910512685776
847,truthfulqa,text,meta-llama/Llama-3.2-1B,HHTTT,0.85,0,True,1.1702910512685776
848,boolq,boolean,meta-llama/Llama-3.2-1B,your_answer_here,0.85,0,True,0.9326677769422531
849,gsm8k,numeric,meta-llama/Llama-3.2-1B,your_answer_here,0.85,0,True,0.9326677769422531
850,boolq,boolean,meta-llama/Llama-3.2-1B,your_answer_here,1.0,0,True,0.9326677769422531
851,boolq,boolean,meta-llama/Llama-3.2-1B,your_answer_here,0.85,0,True,0.9326677769422531
852,boolq,boolean,meta-llama/Llama-3.2-1B,your_answer_here,0.85,0,True,0.9326677769422531
853,gsm8k,numeric,meta-llama/Llama-3.2-1B,your_answer_here,0.85,0,True,0.9326677769422531
854,boolq,boolean,meta-llama/Llama-3.2-1B,your_answer_here,0.85,0,True,0.9326677769422531
855,commonsenseqa,text,meta-llama/Llama-3.2-1B,your_answer_here,0.85,0,True,0.9326677769422531
856,commonsenseqa,text,meta-llama/Llama-3.2-1B,your_answer_here,0.85,0,True,0.9326677769422531
857,boolq,boolean,meta-llama/Llama-3.2-1B,your_answer_here,0.85,0,True,0.9326677769422531
858,boolq,boolean,meta-llama/Llama-3.2-1B,true,0.85,1,True,0.9326677769422531
859,commonsenseqa,text,meta-llama/Llama-3.2-1B,you_answer_here,0.85,0,True,0.9326677769422531
860,gsm8k,numeric,meta-llama/Llama-3.2-1B,your_answer_here,0.85,0,True,0.9326677769422531
861,commonsenseqa,text,meta-llama/Llama-3.2-1B,your_answer_here,0.85,0,True,0.9326677769422531
862,truthfulqa,text,meta-llama/Llama-3.2-1B,your_answer_here,0.85,0,True,0.9326677769422531
863,truthfulqa,text,meta-llama/Llama-3.2-1B,your_answer_here,0.85,0,True,0.9326677769422531
864,truthfulqa,text,meta-llama/Llama-3.2-1B,your_answer_here,0.85,0,True,1.0985394418239594
865,truthfulqa,text,meta-llama/Llama-3.2-1B,your_answer_here,0.85,0,True,1.0985394418239594
866,commonsenseqa,text,meta-llama/Llama-3.2-1B,your_answer_here,0.85,0,True,1.0985394418239594
867,gsm8k,numeric,meta-llama/Llama-3.2-1B,your_answer_here,0.85,0,True,1.0985394418239594
868,commonsenseqa,text,meta-llama/Llama-3.2-1B,your_answer_here,0.85,0,True,1.0985394418239594
869,truthfulqa,text,meta-llama/Llama-3.2-1B,the answer,0.95,0,True,1.0985394418239594
870,boolq,boolean,meta-llama/Llama-3.2-1B,your_answer_here,0.85,0,True,1.0985394418239594
871,commonsenseqa,text,meta-llama/Llama-3.2-1B,your_answer_here,0.85,0,True,1.0985394418239594
872,boolq,boolean,meta-llama/Llama-3.2-1B,your_answer_here,0.85,0,True,1.0985394418239594
873,gsm8k,numeric,meta-llama/Llama-3.2-1B,your_answer_here,0.85,0,True,1.0985394418239594
874,boolq,boolean,meta-llama/Llama-3.2-1B,your_answer_here,0.85,0,True,1.0985394418239594
875,boolq,boolean,meta-llama/Llama-3.2-1B,your_answer_here,0.85,0,True,1.0985394418239594
876,truthfulqa,text,meta-llama/Llama-3.2-1B,your_answer_here,0.85,0,True,1.0985394418239594
877,boolq,boolean,meta-llama/Llama-3.2-1B,true,0.85,0,True,1.0985394418239594
878,boolq,boolean,meta-llama/Llama-3.2-1B,your_answer_here,0.85,0,True,1.0985394418239594
879,boolq,boolean,meta-llama/Llama-3.2-1B,your_answer_here,0.85,0,True,1.0985394418239594
880,gsm8k,numeric,meta-llama/Llama-3.2-1B,your_answer_here,0.85,0,True,1.1918831318616867
881,boolq,boolean,meta-llama/Llama-3.2-1B,your_answer_here,0.85,0,True,1.1918831318616867
882,boolq,boolean,meta-llama/Llama-3.2-1B,your_answer_here,0.85,0,True,1.1918831318616867
883,truthfulqa,text,meta-llama/Llama-3.2-1B,your_answer_here,0.85,0,True,1.1918831318616867
884,commonsenseqa,text,meta-llama/Llama-3.2-1B,your_answer_here,0.85,0,True,1.1918831318616867
885,gsm8k,numeric,meta-llama/Llama-3.2-1B,your_answer_here,0.85,0,True,1.1918831318616867
886,boolq,boolean,meta-llama/Llama-3.2-1B,your_answer_here,0.85,0,True,1.1918831318616867
887,gsm8k,numeric,meta-llama/Llama-3.2-1B,your_answer_here,0.85,0,True,1.1918831318616867
888,commonsenseqa,text,meta-llama/Llama-3.2-1B,your_answer_here,0.85,0,True,1.1918831318616867
889,boolq,boolean,meta-llama/Llama-3.2-1B,your_answer_here,0.85,0,True,1.1918831318616867
890,commonsenseqa,text,meta-llama/Llama-3.2-1B,your_answer_here,0.85,0,True,1.1918831318616867
891,boolq,boolean,meta-llama/Llama-3.2-1B,your_answer_here,0.85,0,True,1.1918831318616867
892,boolq,boolean,meta-llama/Llama-3.2-1B,your_answer_here,0.85,0,True,1.1918831318616867
893,commonsenseqa,text,meta-llama/Llama-3.2-1B,your_answer_here,0.85,0,True,1.1918831318616867
894,boolq,boolean,meta-llama/Llama-3.2-1B,your_answer_here,0.85,0,True,1.1918831318616867
895,commonsenseqa,text,meta-llama/Llama-3.2-1B,your_answer_here,0.85,0,True,1.1918831318616867
896,gsm8k,numeric,meta-llama/Llama-3.2-1B,9,0.85,1,True,1.2152685672044754
897,gsm8k,numeric,meta-llama/Llama-3.2-1B,your_answer_here,0.85,0,True,1.2152685672044754
898,boolq,boolean,meta-llama/Llama-3.2-1B,your_answer_here,0.25,0,True,1.2152685672044754
899,boolq,boolean,meta-llama/Llama-3.2-1B,your_answer_here,0.85,0,True,1.2152685672044754
900,commonsenseqa,text,meta-llama/Llama-3.2-1B,your_answer_here,0.85,0,True,1.2152685672044754
901,boolq,boolean,meta-llama/Llama-3.2-1B,your_answer_here,0.85,0,True,1.2152685672044754
902,commonsenseqa,text,meta-llama/Llama-3.2-1B,your_answer_here,0.85,0,True,1.2152685672044754
903,commonsenseqa,text,meta-llama/Llama-3.2-1B,your_answer_2,0.7,0,True,1.2152685672044754
904,boolq,boolean,meta-llama/Llama-3.2-1B,your_answer_here,0.85,0,True,1.2152685672044754
905,gsm8k,numeric,meta-llama/Llama-3.2-1B,your_answer_here,0.85,0,True,1.2152685672044754
906,gsm8k,numeric,meta-llama/Llama-3.2-1B,your_answer_here,0.85,0,True,1.2152685672044754
907,boolq,boolean,meta-llama/Llama-3.2-1B,your_answer_here,1.0,0,True,1.2152685672044754
908,commonsenseqa,text,meta-llama/Llama-3.2-1B,your_answer_here,0.85,0,True,1.2152685672044754
909,commonsenseqa,text,meta-llama/Llama-3.2-1B,your_answer_here,0.85,0,True,1.2152685672044754
910,gsm8k,numeric,meta-llama/Llama-3.2-1B,your_answer_here,0.85,0,True,1.2152685672044754
911,gsm8k,numeric,meta-llama/Llama-3.2-1B,your_answer_here,0.85,0,True,1.2152685672044754
912,commonsenseqa,text,meta-llama/Llama-3.2-1B,your_answer_here,0.85,0,True,1.156162902712822
913,truthfulqa,text,meta-llama/Llama-3.2-1B,your_answer_here,0.85,0,True,1.156162902712822
914,boolq,boolean,meta-llama/Llama-3.2-1B,your_answer_here,0.85,0,True,1.156162902712822
915,commonsenseqa,text,meta-llama/Llama-3.2-1B,A,0.85,0,True,1.156162902712822
916,commonsenseqa,text,meta-llama/Llama-3.2-1B,your_answer_here,0.85,0,True,1.156162902712822
917,gsm8k,numeric,meta-llama/Llama-3.2-1B,your_answer_here,0.85,0,True,1.156162902712822
918,boolq,boolean,meta-llama/Llama-3.2-1B,your_answer_here,0.85,0,True,1.156162902712822
919,gsm8k,numeric,meta-llama/Llama-3.2-1B,your_answer_here,0.85,0,True,1.156162902712822
920,boolq,boolean,meta-llama/Llama-3.2-1B,your_answer_here,0.85,0,True,1.156162902712822
921,boolq,boolean,meta-llama/Llama-3.2-1B,your_answer_here,0.85,0,True,1.156162902712822
922,truthfulqa,text,meta-llama/Llama-3.2-1B,your_answer_here,0.85,0,True,1.156162902712822
923,boolq,boolean,meta-llama/Llama-3.2-1B,your_answer_here,0.85,0,True,1.156162902712822
924,boolq,boolean,meta-llama/Llama-3.2-1B,your_answer_here,0.85,0,True,1.156162902712822
925,gsm8k,numeric,meta-llama/Llama-3.2-1B,your_answer_here,0.85,0,True,1.156162902712822
926,commonsenseqa,text,meta-llama/Llama-3.2-1B,your_answer_here,0.85,0,True,1.156162902712822
927,gsm8k,numeric,meta-llama/Llama-3.2-1B,your_answer_here,0.85,0,True,1.156162902712822
928,commonsenseqa,text,meta-llama/Llama-3.2-1B,E,0.85,0,True,1.2038406133651733
929,boolq,boolean,meta-llama/Llama-3.2-1B,true,0.85,1,True,1.2038406133651733
930,boolq,boolean,meta-llama/Llama-3.2-1B,your_answer_here,0.85,0,True,1.2038406133651733
931,truthfulqa,text,meta-llama/Llama-3.2-1B,your_answer_here,0.85,0,True,1.2038406133651733
932,boolq,boolean,meta-llama/Llama-3.2-1B,your_answer_here,0.85,0,True,1.2038406133651733
933,commonsenseqa,text,meta-llama/Llama-3.2-1B,your_answer_here,0.85,0,True,1.2038406133651733
934,boolq,boolean,meta-llama/Llama-3.2-1B,true,0.85,0,True,1.2038406133651733
935,boolq,boolean,meta-llama/Llama-3.2-1B,your_answer_here,0.85,0,True,1.2038406133651733
936,boolq,boolean,meta-llama/Llama-3.2-1B,your_answer_here,0.85,0,True,1.2038406133651733
937,gsm8k,numeric,meta-llama/Llama-3.2-1B,your_answer_here,0.85,0,True,1.2038406133651733
938,boolq,boolean,meta-llama/Llama-3.2-1B,false,0.15,0,True,1.2038406133651733
939,commonsenseqa,text,meta-llama/Llama-3.2-1B,your_answer_here,0.85,0,True,1.2038406133651733
940,gsm8k,numeric,meta-llama/Llama-3.2-1B,your_answer_here,0.85,0,True,1.2038406133651733
941,commonsenseqa,text,meta-llama/Llama-3.2-1B,your_answer_here,0.85,0,True,1.2038406133651733
942,commonsenseqa,text,meta-llama/Llama-3.2-1B,your_answer_here,0.85,0,True,1.2038406133651733
943,gsm8k,numeric,meta-llama/Llama-3.2-1B,your_answer_here,0.85,0,True,1.2038406133651733
944,gsm8k,numeric,meta-llama/Llama-3.2-1B,your_answer_here,0.85,0,True,1.3259895294904709
945,commonsenseqa,text,meta-llama/Llama-3.2-1B,she wanted a kitten and puppy so why did she only get the puppy?,0.85,0,True,1.3259895294904709
946,commonsenseqa,text,meta-llama/Llama-3.2-1B,your_answer_here,0.85,0,True,1.3259895294904709
947,commonsenseqa,text,meta-llama/Llama-3.2-1B,library,0.85,0,True,1.3259895294904709
948,commonsenseqa,text,meta-llama/Llama-3.2-1B,your_answer_here,0.85,0,True,1.3259895294904709
949,gsm8k,numeric,meta-llama/Llama-3.2-1B,your_answer_here,0.85,0,True,1.3259895294904709
950,gsm8k,numeric,meta-llama/Llama-3.2-1B,your_answer_here,0.85,0,True,1.3259895294904709
951,boolq,boolean,meta-llama/Llama-3.2-1B,your_answer_here,1.0,0,True,1.3259895294904709
952,gsm8k,numeric,meta-llama/Llama-3.2-1B,your_answer_here,0.85,0,True,1.3259895294904709
953,gsm8k,numeric,meta-llama/Llama-3.2-1B,your_answer_here,0.85,0,True,1.3259895294904709
954,boolq,boolean,meta-llama/Llama-3.2-1B,your_answer_here,0.85,0,True,1.3259895294904709
955,boolq,boolean,meta-llama/Llama-3.2-1B,your_answer_here,0.85,0,True,1.3259895294904709
956,commonsenseqa,text,meta-llama/Llama-3.2-1B,your_answer_here,0.85,0,True,1.3259895294904709
957,commonsenseqa,text,meta-llama/Llama-3.2-1B,your_answer_here,0.85,0,True,1.3259895294904709
958,gsm8k,numeric,meta-llama/Llama-3.2-1B,your_answer_here,0.85,0,True,1.3259895294904709
959,boolq,boolean,meta-llama/Llama-3.2-1B,true,0.85,1,True,1.3259895294904709
960,commonsenseqa,text,meta-llama/Llama-3.2-1B,your_answer_here,0.85,0,True,1.0679420232772827
961,commonsenseqa,text,meta-llama/Llama-3.2-1B,your_answer_here,0.85,0,True,1.0679420232772827
962,commonsenseqa,text,meta-llama/Llama-3.2-1B,E,0.85,0,True,1.0679420232772827
963,boolq,boolean,meta-llama/Llama-3.2-1B,your_answer_here,0.85,0,True,1.0679420232772827
964,boolq,boolean,meta-llama/Llama-3.2-1B,your_answer_here,0.85,0,True,1.0679420232772827
965,commonsenseqa,text,meta-llama/Llama-3.2-1B,your_answer_here,0.85,0,True,1.0679420232772827
966,boolq,boolean,meta-llama/Llama-3.2-1B,your_answer_here,0.85,0,True,1.0679420232772827
967,gsm8k,numeric,meta-llama/Llama-3.2-1B,your_answer_here,0.85,0,True,1.0679420232772827
968,boolq,boolean,meta-llama/Llama-3.2-1B,your_answer_here,0.85,0,True,1.0679420232772827
969,boolq,boolean,meta-llama/Llama-3.2-1B,your_answer_here,0.85,0,True,1.0679420232772827
970,boolq,boolean,meta-llama/Llama-3.2-1B,your_answer_here,0.85,0,True,1.0679420232772827
971,truthfulqa,text,meta-llama/Llama-3.2-1B,your_answer_here,0.85,0,True,1.0679420232772827
972,boolq,boolean,meta-llama/Llama-3.2-1B,your_answer_here,0.85,0,True,1.0679420232772827
973,commonsenseqa,text,meta-llama/Llama-3.2-1B,your_answer_here,0.85,0,True,1.0679420232772827
974,boolq,boolean,meta-llama/Llama-3.2-1B,true,0.85,1,True,1.0679420232772827
975,gsm8k,numeric,meta-llama/Llama-3.2-1B,your_answer_here,0.85,0,True,1.0679420232772827
976,boolq,boolean,meta-llama/Llama-3.2-1B,your_answer_here,0.85,0,True,1.1609964221715927
977,boolq,boolean,meta-llama/Llama-3.2-1B,your_answer_here,0.85,0,True,1.1609964221715927
978,boolq,boolean,meta-llama/Llama-3.2-1B,false,0.85,0,True,1.1609964221715927
979,boolq,boolean,meta-llama/Llama-3.2-1B,your_answer_here,0.85,0,True,1.1609964221715927
980,commonsenseqa,text,meta-llama/Llama-3.2-1B,your_answer_here,0.85,0,True,1.1609964221715927
981,gsm8k,numeric,meta-llama/Llama-3.2-1B,your_answer_here,0.85,0,True,1.1609964221715927
982,boolq,boolean,meta-llama/Llama-3.2-1B,your_answer_here,0.85,0,True,1.1609964221715927
983,truthfulqa,text,meta-llama/Llama-3.2-1B,your_answer_here,0.85,0,True,1.1609964221715927
984,truthfulqa,text,meta-llama/Llama-3.2-1B,your_answer_here,0.85,0,True,1.1609964221715927
985,gsm8k,numeric,meta-llama/Llama-3.2-1B,your_answer_here,0.85,0,True,1.1609964221715927
986,commonsenseqa,text,meta-llama/Llama-3.2-1B,your_answer_here,0.85,0,True,1.1609964221715927
987,gsm8k,numeric,meta-llama/Llama-3.2-1B,your_answer_here,0.85,0,True,1.1609964221715927
988,boolq,boolean,meta-llama/Llama-3.2-1B,your_answer_here,1.0,0,True,1.1609964221715927
989,truthfulqa,text,meta-llama/Llama-3.2-1B,your_answer_here,0.85,0,True,1.1609964221715927
990,gsm8k,numeric,meta-llama/Llama-3.2-1B,your_answer_here,0.85,0,True,1.1609964221715927
991,truthfulqa,text,meta-llama/Llama-3.2-1B,your_answer_here,0.85,0,True,1.1609964221715927
992,commonsenseqa,text,meta-llama/Llama-3.2-1B,your_answer_here,0.85,0,True,1.1277250796556473
993,truthfulqa,text,meta-llama/Llama-3.2-1B,your_answer_here,0.85,0,True,1.1277250796556473
994,commonsenseqa,text,meta-llama/Llama-3.2-1B,your_answer_here,0.85,0,True,1.1277250796556473
995,boolq,boolean,meta-llama/Llama-3.2-1B,your_answer_here,0.85,0,True,1.1277250796556473
996,boolq,boolean,meta-llama/Llama-3.2-1B,your_answer_here,0.85,0,True,1.1277250796556473
997,gsm8k,numeric,meta-llama/Llama-3.2-1B,your_answer_here,0.85,0,True,1.1277250796556473
998,gsm8k,numeric,meta-llama/Llama-3.2-1B,your_answer_here,0.85,0,True,1.1277250796556473
999,truthfulqa,text,meta-llama/Llama-3.2-1B,your_answer_here,0.85,0,True,1.1277250796556473
1000,boolq,boolean,meta-llama/Llama-3.2-1B,your_answer_here,0.85,0,True,1.1277250796556473
1001,truthfulqa,text,meta-llama/Llama-3.2-1B,your_answer_here,0.85,0,True,1.1277250796556473
1002,truthfulqa,text,meta-llama/Llama-3.2-1B,your_answer_here,0.85,0,True,1.1277250796556473
1003,gsm8k,numeric,meta-llama/Llama-3.2-1B,5,0.85,0,True,1.1277250796556473
1004,gsm8k,numeric,meta-llama/Llama-3.2-1B,your_answer_here,0.85,0,True,1.1277250796556473
1005,gsm8k,numeric,meta-llama/Llama-3.2-1B,your_answer_here,0.85,0,True,1.1277250796556473
1006,commonsenseqa,text,meta-llama/Llama-3.2-1B,interesting,0.85,0,True,1.1277250796556473
1007,truthfulqa,text,meta-llama/Llama-3.2-1B,your_answer_here,0.85,0,True,1.1277250796556473
1008,commonsenseqa,text,meta-llama/Llama-3.2-1B,your_answer_here,0.85,0,True,0.911501869559288
1009,boolq,boolean,meta-llama/Llama-3.2-1B,your_answer_here,0.85,0,True,0.911501869559288
1010,gsm8k,numeric,meta-llama/Llama-3.2-1B,your_answer_here,0.85,0,True,0.911501869559288
1011,boolq,boolean,meta-llama/Llama-3.2-1B,your_answer_here,0.85,0,True,0.911501869559288
1012,boolq,boolean,meta-llama/Llama-3.2-1B,your_answer_here,0.85,0,True,0.911501869559288
1013,commonsenseqa,text,meta-llama/Llama-3.2-1B,your_answer_here,0.85,0,True,0.911501869559288
1014,boolq,boolean,meta-llama/Llama-3.2-1B,true,0.85,0,True,0.911501869559288
1015,truthfulqa,text,meta-llama/Llama-3.2-1B,your_answer_here,0.85,0,True,0.911501869559288
1016,commonsenseqa,text,meta-llama/Llama-3.2-1B,your_answer_here,0.85,0,True,0.911501869559288
1017,gsm8k,numeric,meta-llama/Llama-3.2-1B,your_answer_here,0.85,0,True,0.911501869559288
1018,truthfulqa,text,meta-llama/Llama-3.2-1B,your_answer_here,0.85,0,True,0.911501869559288
1019,truthfulqa,text,meta-llama/Llama-3.2-1B,your_answer_here,0.85,0,True,0.911501869559288
1020,truthfulqa,text,meta-llama/Llama-3.2-1B,your_answer_here,0.9,0,True,0.911501869559288
1021,truthfulqa,text,meta-llama/Llama-3.2-1B,your_answer_here,0.85,0,True,0.911501869559288
1022,boolq,boolean,meta-llama/Llama-3.2-1B,true,0.85,0,True,0.911501869559288
1023,gsm8k,numeric,meta-llama/Llama-3.2-1B,your_answer_here,0.85,0,True,0.911501869559288
1024,boolq,boolean,meta-llama/Llama-3.2-1B,true,0.85,0,True,1.2158347368240356
1025,boolq,boolean,meta-llama/Llama-3.2-1B,your_answer_here,0.85,0,True,1.2158347368240356
1026,boolq,boolean,meta-llama/Llama-3.2-1B,your_answer_here,0.85,0,True,1.2158347368240356
1027,boolq,boolean,meta-llama/Llama-3.2-1B,your_answer_here,0.85,0,True,1.2158347368240356
1028,commonsenseqa,text,meta-llama/Llama-3.2-1B,your_answer_here,0.85,0,True,1.2158347368240356
1029,truthfulqa,text,meta-llama/Llama-3.2-1B,your_answer_here,0.85,0,True,1.2158347368240356
1030,boolq,boolean,meta-llama/Llama-3.2-1B,your_answer_here,0.85,0,True,1.2158347368240356
1031,boolq,boolean,meta-llama/Llama-3.2-1B,your_answer_here,0.85,0,True,1.2158347368240356
1032,boolq,boolean,meta-llama/Llama-3.2-1B,your_answer_here,0.85,0,True,1.2158347368240356
1033,boolq,boolean,meta-llama/Llama-3.2-1B,your_answer_here,0.85,0,True,1.2158347368240356
1034,commonsenseqa,text,meta-llama/Llama-3.2-1B,your_answer_here,0.85,0,True,1.2158347368240356
1035,commonsenseqa,text,meta-llama/Llama-3.2-1B,your_answer_here,0.85,0,True,1.2158347368240356
1036,boolq,boolean,meta-llama/Llama-3.2-1B,your_answer_here,0.85,0,True,1.2158347368240356
1037,boolq,boolean,meta-llama/Llama-3.2-1B,your_answer_here,0.95,0,True,1.2158347368240356
1038,commonsenseqa,text,meta-llama/Llama-3.2-1B,your_answer_here,0.85,0,True,1.2158347368240356
1039,commonsenseqa,text,meta-llama/Llama-3.2-1B,your_answer_here,0.85,0,True,1.2158347368240356
1040,commonsenseqa,text,meta-llama/Llama-3.2-1B,B,0.85,0,True,0.8586736917495728
1041,commonsenseqa,text,meta-llama/Llama-3.2-1B,your_answer_here,0.85,0,True,0.8586736917495728
1042,commonsenseqa,text,meta-llama/Llama-3.2-1B,your_answer_here,0.85,0,True,0.8586736917495728
1043,truthfulqa,text,meta-llama/Llama-3.2-1B,your_answer_here,0.85,0,True,0.8586736917495728
1044,commonsenseqa,text,meta-llama/Llama-3.2-1B,your_answer_here,0.85,0,True,0.8586736917495728
1045,gsm8k,numeric,meta-llama/Llama-3.2-1B,your_answer_here,0.85,0,True,0.8586736917495728
1046,boolq,boolean,meta-llama/Llama-3.2-1B,true,0.85,0,True,0.8586736917495728
1047,truthfulqa,text,meta-llama/Llama-3.2-1B,your_answer_here,0.85,0,True,0.8586736917495728
1048,truthfulqa,text,meta-llama/Llama-3.2-1B,your_answer_here,0.85,0,True,0.8586736917495728
1049,commonsenseqa,text,meta-llama/Llama-3.2-1B,your_answer_here,0.85,0,True,0.8586736917495728
1050,gsm8k,numeric,meta-llama/Llama-3.2-1B,your_answer_here,0.85,0,True,0.8586736917495728
1051,truthfulqa,text,meta-llama/Llama-3.2-1B,your_answer_here,0.85,0,True,0.8586736917495728
1052,commonsenseqa,text,meta-llama/Llama-3.2-1B,your_answer_here,0.85,0,True,0.8586736917495728
1053,gsm8k,numeric,meta-llama/Llama-3.2-1B,your_answer_here,0.85,0,True,0.8586736917495728
1054,truthfulqa,text,meta-llama/Llama-3.2-1B,your_answer_here,0.85,0,True,0.8586736917495728
1055,gsm8k,numeric,meta-llama/Llama-3.2-1B,your_answer_here,0.85,0,True,0.8586736917495728
1056,commonsenseqa,text,meta-llama/Llama-3.2-1B,your_answer_here,0.85,0,True,1.039178729057312
1057,boolq,boolean,meta-llama/Llama-3.2-1B,your_answer_here,0.85,0,True,1.039178729057312
1058,truthfulqa,text,meta-llama/Llama-3.2-1B,your_answer_here,0.85,0,True,1.039178729057312
1059,boolq,boolean,meta-llama/Llama-3.2-1B,your_answer_here,0.85,0,True,1.039178729057312
1060,boolq,boolean,meta-llama/Llama-3.2-1B,your_answer_here,0.85,0,True,1.039178729057312
1061,truthfulqa,text,meta-llama/Llama-3.2-1B,your_answer_here,0.85,0,True,1.039178729057312
1062,boolq,boolean,meta-llama/Llama-3.2-1B,your_answer_here,0.85,0,True,1.039178729057312
1063,commonsenseqa,text,meta-llama/Llama-3.2-1B,your_answer_here,0.85,0,True,1.039178729057312
1064,gsm8k,numeric,meta-llama/Llama-3.2-1B,your_answer_here,0.85,0,True,1.039178729057312
1065,boolq,boolean,meta-llama/Llama-3.2-1B,your_answer_here,0.85,0,True,1.039178729057312
1066,boolq,boolean,meta-llama/Llama-3.2-1B,your_answer_here,0.85,0,True,1.039178729057312
1067,boolq,boolean,meta-llama/Llama-3.2-1B,false,0.85,1,True,1.039178729057312
1068,commonsenseqa,text,meta-llama/Llama-3.2-1B,your_answer_here,0.85,0,True,1.039178729057312
1069,gsm8k,numeric,meta-llama/Llama-3.2-1B,your_answer_here,0.85,0,True,1.039178729057312
1070,truthfulqa,text,meta-llama/Llama-3.2-1B,your_answer_here,0.85,0,True,1.039178729057312
1071,commonsenseqa,text,meta-llama/Llama-3.2-1B,your_answer_here,0.85,0,True,1.039178729057312
1072,boolq,boolean,meta-llama/Llama-3.2-1B,your_answer_here,0.85,0,True,1.09297214448452
1073,gsm8k,numeric,meta-llama/Llama-3.2-1B,your_answer_here,0.85,0,True,1.09297214448452
1074,truthfulqa,text,meta-llama/Llama-3.2-1B,your_answer_here,0.85,0,True,1.09297214448452
1075,boolq,boolean,meta-llama/Llama-3.2-1B,true,0.85,1,True,1.09297214448452
1076,commonsenseqa,text,meta-llama/Llama-3.2-1B,your_answer_here,0.85,0,True,1.09297214448452
1077,commonsenseqa,text,meta-llama/Llama-3.2-1B,your_answer_here,0.85,0,True,1.09297214448452
1078,gsm8k,numeric,meta-llama/Llama-3.2-1B,your_answer_here,0.85,0,True,1.09297214448452
1079,boolq,boolean,meta-llama/Llama-3.2-1B,your_answer_here,0.85,0,True,1.09297214448452
1080,boolq,boolean,meta-llama/Llama-3.2-1B,false,0.15,0,True,1.09297214448452
1081,boolq,boolean,meta-llama/Llama-3.2-1B,your_answer_here,0.85,0,True,1.09297214448452
1082,boolq,boolean,meta-llama/Llama-3.2-1B,your_answer_here,0.85,0,True,1.09297214448452
1083,truthfulqa,text,meta-llama/Llama-3.2-1B,your_answer_here,0.85,0,True,1.09297214448452
1084,boolq,boolean,meta-llama/Llama-3.2-1B,your_answer_here,0.85,0,True,1.09297214448452
1085,gsm8k,numeric,meta-llama/Llama-3.2-1B,your_answer_here,0.85,0,True,1.09297214448452
1086,truthfulqa,text,meta-llama/Llama-3.2-1B,your_answer_here,0.85,0,True,1.09297214448452
1087,truthfulqa,text,meta-llama/Llama-3.2-1B,your_answer_here,0.85,0,True,1.09297214448452
1088,boolq,boolean,meta-llama/Llama-3.2-1B,true,0.85,1,True,1.1497874706983566
1089,boolq,boolean,meta-llama/Llama-3.2-1B,your_answer_here,0.85,0,True,1.1497874706983566
1090,commonsenseqa,text,meta-llama/Llama-3.2-1B,your_answer_here,0.85,0,True,1.1497874706983566
1091,boolq,boolean,meta-llama/Llama-3.2-1B,your_answer_here,0.85,0,True,1.1497874706983566
1092,truthfulqa,text,meta-llama/Llama-3.2-1B,your_answer_here,0.85,0,True,1.1497874706983566
1093,boolq,boolean,meta-llama/Llama-3.2-1B,your_answer_here,0.85,0,True,1.1497874706983566
1094,gsm8k,numeric,meta-llama/Llama-3.2-1B,your_answer_here,0.85,0,True,1.1497874706983566
1095,boolq,boolean,meta-llama/Llama-3.2-1B,your_answer_here,0.85,0,True,1.1497874706983566
1096,gsm8k,numeric,meta-llama/Llama-3.2-1B,your_answer_here,0.85,0,True,1.1497874706983566
1097,truthfulqa,text,meta-llama/Llama-3.2-1B,your_answer_here,0.85,0,True,1.1497874706983566
1098,boolq,boolean,meta-llama/Llama-3.2-1B,your_answer_here,0.85,0,True,1.1497874706983566
1099,boolq,boolean,meta-llama/Llama-3.2-1B,your_answer_here,0.85,0,True,1.1497874706983566
1100,commonsenseqa,text,meta-llama/Llama-3.2-1B,your_answer_here,0.85,0,True,1.1497874706983566
1101,gsm8k,numeric,meta-llama/Llama-3.2-1B,your_answer_here,0.85,0,True,1.1497874706983566
1102,boolq,boolean,meta-llama/Llama-3.2-1B,your_answer_here,0.85,0,True,1.1497874706983566
1103,boolq,boolean,meta-llama/Llama-3.2-1B,false,0.65,1,True,1.1497874706983566
1104,gsm8k,numeric,meta-llama/Llama-3.2-1B,13,1.0,0,True,1.159687414765358
1105,commonsenseqa,text,meta-llama/Llama-3.2-1B,your_answer_here,0.85,0,True,1.159687414765358
1106,truthfulqa,text,meta-llama/Llama-3.2-1B,your_answer_here,0.85,0,True,1.159687414765358
1107,boolq,boolean,meta-llama/Llama-3.2-1B,your_answer_here,0.85,0,True,1.159687414765358
1108,boolq,boolean,meta-llama/Llama-3.2-1B,your_answer_here,0.85,0,True,1.159687414765358
1109,commonsenseqa,text,meta-llama/Llama-3.2-1B,your_answer_here,0.85,0,True,1.159687414765358
1110,truthfulqa,text,meta-llama/Llama-3.2-1B,your_answer_here,0.85,0,True,1.159687414765358
1111,gsm8k,numeric,meta-llama/Llama-3.2-1B,your_answer_here,0.85,0,True,1.159687414765358
1112,boolq,boolean,meta-llama/Llama-3.2-1B,your_answer_here,0.85,0,True,1.159687414765358
1113,gsm8k,numeric,meta-llama/Llama-3.2-1B,your_answer_here,0.85,0,True,1.159687414765358
1114,commonsenseqa,text,meta-llama/Llama-3.2-1B,your_answer_here,0.85,0,True,1.159687414765358
1115,gsm8k,numeric,meta-llama/Llama-3.2-1B,your_answer_here,0.85,0,True,1.159687414765358
1116,boolq,boolean,meta-llama/Llama-3.2-1B,true,0.85,1,True,1.159687414765358
1117,truthfulqa,text,meta-llama/Llama-3.2-1B,your_answer_here,0.85,0,True,1.159687414765358
1118,truthfulqa,text,meta-llama/Llama-3.2-1B,your_answer_here,0.85,0,True,1.159687414765358
1119,gsm8k,numeric,meta-llama/Llama-3.2-1B,your_answer_here,0.85,0,True,1.159687414765358
1120,gsm8k,numeric,meta-llama/Llama-3.2-1B,your_answer_here,0.85,0,True,1.2115893810987473
1121,boolq,boolean,meta-llama/Llama-3.2-1B,your_answer_here,0.85,0,True,1.2115893810987473
1122,gsm8k,numeric,meta-llama/Llama-3.2-1B,your_answer_here,0.85,0,True,1.2115893810987473
1123,commonsenseqa,text,meta-llama/Llama-3.2-1B,your_answer_here,0.85,0,True,1.2115893810987473
1124,gsm8k,numeric,meta-llama/Llama-3.2-1B,your_answer_here,0.85,0,True,1.2115893810987473
1125,gsm8k,numeric,meta-llama/Llama-3.2-1B,your_answer_here,0.85,0,True,1.2115893810987473
1126,truthfulqa,text,meta-llama/Llama-3.2-1B,I am a human.,0.95,0,True,1.2115893810987473
1127,boolq,boolean,meta-llama/Llama-3.2-1B,Taiwan has a seat in the UN.,0.85,0,True,1.2115893810987473
1128,commonsenseqa,text,meta-llama/Llama-3.2-1B,your_answer_here,0.85,0,True,1.2115893810987473
1129,truthfulqa,text,meta-llama/Llama-3.2-1B,your_answer_here,0.85,0,True,1.2115893810987473
1130,truthfulqa,text,meta-llama/Llama-3.2-1B,your_answer_here,0.85,0,True,1.2115893810987473
1131,gsm8k,numeric,meta-llama/Llama-3.2-1B,your_answer_here,0.85,0,True,1.2115893810987473
1132,boolq,boolean,meta-llama/Llama-3.2-1B,your_answer_here,0.95,0,True,1.2115893810987473
1133,gsm8k,numeric,meta-llama/Llama-3.2-1B,your_answer_here,0.85,0,True,1.2115893810987473
1134,boolq,boolean,meta-llama/Llama-3.2-1B,your_answer_here,0.85,0,True,1.2115893810987473
1135,truthfulqa,text,meta-llama/Llama-3.2-1B,your_answer_here,0.85,0,True,1.2115893810987473
1136,truthfulqa,text,meta-llama/Llama-3.2-1B,your_answer_here,0.85,0,True,1.0272700637578964
1137,boolq,boolean,meta-llama/Llama-3.2-1B,false,0.15,0,True,1.0272700637578964
1138,boolq,boolean,meta-llama/Llama-3.2-1B,your_answer_here,0.85,0,True,1.0272700637578964
1139,boolq,boolean,meta-llama/Llama-3.2-1B,your_answer_here,0.85,0,True,1.0272700637578964
1140,gsm8k,numeric,meta-llama/Llama-3.2-1B,your_answer_here,0.85,0,True,1.0272700637578964
1141,commonsenseqa,text,meta-llama/Llama-3.2-1B,your_answer_here,0.85,0,True,1.0272700637578964
1142,truthfulqa,text,meta-llama/Llama-3.2-1B,your_answer_here,0.85,0,True,1.0272700637578964
1143,gsm8k,numeric,meta-llama/Llama-3.2-1B,your_answer_here,0.85,0,True,1.0272700637578964
1144,commonsenseqa,text,meta-llama/Llama-3.2-1B,warm place,0.85,0,True,1.0272700637578964
1145,boolq,boolean,meta-llama/Llama-3.2-1B,false,0.85,0,True,1.0272700637578964
1146,boolq,boolean,meta-llama/Llama-3.2-1B,your_answer_here,0.85,0,True,1.0272700637578964
1147,truthfulqa,text,meta-llama/Llama-3.2-1B,your_answer_here,0.85,0,True,1.0272700637578964
1148,commonsenseqa,text,meta-llama/Llama-3.2-1B,your_answer_here,0.85,0,True,1.0272700637578964
1149,commonsenseqa,text,meta-llama/Llama-3.2-1B,your_answer_here,0.85,0,True,1.0272700637578964
1150,boolq,boolean,meta-llama/Llama-3.2-1B,false,0.45,1,True,1.0272700637578964
1151,gsm8k,numeric,meta-llama/Llama-3.2-1B,your_answer_here,0.85,0,True,1.0272700637578964
1152,commonsenseqa,text,meta-llama/Llama-3.2-1B,B,0.85,0,True,0.9681593924760818
1153,boolq,boolean,meta-llama/Llama-3.2-1B,your_answer_here,0.85,0,True,0.9681593924760818
1154,commonsenseqa,text,meta-llama/Llama-3.2-1B,your_answer_here,0.85,0,True,0.9681593924760818
1155,boolq,boolean,meta-llama/Llama-3.2-1B,your_answer_here,0.85,0,True,0.9681593924760818
1156,truthfulqa,text,meta-llama/Llama-3.2-1B,your_answer_here,0.85,0,True,0.9681593924760818
1157,commonsenseqa,text,meta-llama/Llama-3.2-1B,your_answer_here,0.85,0,True,0.9681593924760818
1158,commonsenseqa,text,meta-llama/Llama-3.2-1B,your_answer_here,0.85,0,True,0.9681593924760818
1159,boolq,boolean,meta-llama/Llama-3.2-1B,false,0.85,1,True,0.9681593924760818
1160,truthfulqa,text,meta-llama/Llama-3.2-1B,your_answer_here,0.85,0,True,0.9681593924760818
1161,commonsenseqa,text,meta-llama/Llama-3.2-1B,your_answer_here,0.85,0,True,0.9681593924760818
1162,boolq,boolean,meta-llama/Llama-3.2-1B,your_answer_here,0.85,0,True,0.9681593924760818
1163,gsm8k,numeric,meta-llama/Llama-3.2-1B,6,0.85,0,True,0.9681593924760818
1164,boolq,boolean,meta-llama/Llama-3.2-1B,true,0.85,0,True,0.9681593924760818
1165,boolq,boolean,meta-llama/Llama-3.2-1B,Boom Gaspar is not a member of Pearl Jam,0.15,0,True,0.9681593924760818
1166,commonsenseqa,text,meta-llama/Llama-3.2-1B,E,0.85,1,True,0.9681593924760818
1167,boolq,boolean,meta-llama/Llama-3.2-1B,your_answer_here,1.0,0,True,0.9681593924760818
1168,boolq,boolean,meta-llama/Llama-3.2-1B,your_answer_here,0.85,0,True,1.1356665194034576
1169,truthfulqa,text,meta-llama/Llama-3.2-1B,your_answer_here,0.85,0,True,1.1356665194034576
1170,gsm8k,numeric,meta-llama/Llama-3.2-1B,your_answer_here,0.85,0,True,1.1356665194034576
1171,gsm8k,numeric,meta-llama/Llama-3.2-1B,your_answer_here,0.85,0,True,1.1356665194034576
1172,boolq,boolean,meta-llama/Llama-3.2-1B,your_answer_here,0.85,0,True,1.1356665194034576
1173,commonsenseqa,text,meta-llama/Llama-3.2-1B,field,0.05,0,True,1.1356665194034576
1174,commonsenseqa,text,meta-llama/Llama-3.2-1B,your_answer_here,0.85,0,True,1.1356665194034576
1175,commonsenseqa,text,meta-llama/Llama-3.2-1B,your_answer_here,0.85,0,True,1.1356665194034576
1176,boolq,boolean,meta-llama/Llama-3.2-1B,false,0.15,1,True,1.1356665194034576
1177,boolq,boolean,meta-llama/Llama-3.2-1B,your_answer_here,0.85,0,True,1.1356665194034576
1178,boolq,boolean,meta-llama/Llama-3.2-1B,0},0.0,0,True,1.1356665194034576
1179,boolq,boolean,meta-llama/Llama-3.2-1B,your_answer_here,0.85,0,True,1.1356665194034576
1180,boolq,boolean,meta-llama/Llama-3.2-1B,maybe,0.5,0,True,1.1356665194034576
1181,boolq,boolean,meta-llama/Llama-3.2-1B,true,0.9,1,True,1.1356665194034576
1182,boolq,boolean,meta-llama/Llama-3.2-1B,your_answer_here,0.85,0,True,1.1356665194034576
1183,gsm8k,numeric,meta-llama/Llama-3.2-1B,your_answer_here,0.85,0,True,1.1356665194034576
1184,commonsenseqa,text,meta-llama/Llama-3.2-1B,your_answer_here,0.85,0,True,0.9419302642345428
1185,gsm8k,numeric,meta-llama/Llama-3.2-1B,your_answer_here,0.85,0,True,0.9419302642345428
1186,truthfulqa,text,meta-llama/Llama-3.2-1B,your_answer_here,0.85,0,True,0.9419302642345428
1187,boolq,boolean,meta-llama/Llama-3.2-1B,your_answer_here,0.85,0,True,0.9419302642345428
1188,gsm8k,numeric,meta-llama/Llama-3.2-1B,your_answer_here,0.85,0,True,0.9419302642345428
1189,truthfulqa,text,meta-llama/Llama-3.2-1B,0.85,0.85,0,True,0.9419302642345428
1190,gsm8k,numeric,meta-llama/Llama-3.2-1B,your_answer_here,0.85,0,True,0.9419302642345428
1191,commonsenseqa,text,meta-llama/Llama-3.2-1B,your_answer_here,0.85,0,True,0.9419302642345428
1192,boolq,boolean,meta-llama/Llama-3.2-1B,your_answer_here,0.85,0,True,0.9419302642345428
1193,commonsenseqa,text,meta-llama/Llama-3.2-1B,your_answer_here,0.85,0,True,0.9419302642345428
1194,boolq,boolean,meta-llama/Llama-3.2-1B,your_answer_here,0.85,0,True,0.9419302642345428
1195,gsm8k,numeric,meta-llama/Llama-3.2-1B,your_answer_here,0.85,0,True,0.9419302642345428
1196,gsm8k,numeric,meta-llama/Llama-3.2-1B,your_answer_here,0.85,0,True,0.9419302642345428
1197,truthfulqa,text,meta-llama/Llama-3.2-1B,your_answer_here,0.85,0,True,0.9419302642345428
1198,gsm8k,numeric,meta-llama/Llama-3.2-1B,your_answer_here,0.85,0,True,0.9419302642345428
1199,boolq,boolean,meta-llama/Llama-3.2-1B,your_answer_here,0.85,0,True,0.9419302642345428
1200,gsm8k,numeric,meta-llama/Llama-3.2-1B,your_answer_here,0.85,0,True,1.052968606352806
1201,boolq,boolean,meta-llama/Llama-3.2-1B,your_answer_here,0.85,0,True,1.052968606352806
1202,commonsenseqa,text,meta-llama/Llama-3.2-1B,E,0.85,1,True,1.052968606352806
1203,gsm8k,numeric,meta-llama/Llama-3.2-1B,your_answer_here,0.85,0,True,1.052968606352806
1204,truthfulqa,text,meta-llama/Llama-3.2-1B,your_answer_here,0.85,0,True,1.052968606352806
1205,commonsenseqa,text,meta-llama/Llama-3.2-1B,your_answer_here,0.85,0,True,1.052968606352806
1206,truthfulqa,text,meta-llama/Llama-3.2-1B,your_answer_here,0.85,0,True,1.052968606352806
1207,truthfulqa,text,meta-llama/Llama-3.2-1B,your_answer_here,0.85,0,True,1.052968606352806
1208,boolq,boolean,meta-llama/Llama-3.2-1B,false,0.85,1,True,1.052968606352806
1209,boolq,boolean,meta-llama/Llama-3.2-1B,your_answer_here,0.85,0,True,1.052968606352806
1210,boolq,boolean,meta-llama/Llama-3.2-1B,your_answer_here,0.85,0,True,1.052968606352806
1211,boolq,boolean,meta-llama/Llama-3.2-1B,your_answer_here,0.85,0,True,1.052968606352806
1212,gsm8k,numeric,meta-llama/Llama-3.2-1B,your_answer_here,0.85,0,True,1.052968606352806
1213,boolq,boolean,meta-llama/Llama-3.2-1B,your_answer_here,0.85,0,True,1.052968606352806
1214,truthfulqa,text,meta-llama/Llama-3.2-1B,your_answer_here,0.85,0,True,1.052968606352806
1215,boolq,boolean,meta-llama/Llama-3.2-1B,your_answer_here,0.85,0,True,1.052968606352806
1216,commonsenseqa,text,meta-llama/Llama-3.2-1B,your_answer_here,0.85,0,True,0.9577430188655853
1217,boolq,boolean,meta-llama/Llama-3.2-1B,your_answer_here,0.85,0,True,0.9577430188655853
1218,boolq,boolean,meta-llama/Llama-3.2-1B,your_answer_here,0.85,0,True,0.9577430188655853
1219,gsm8k,numeric,meta-llama/Llama-3.2-1B,your_answer_here,0.85,0,True,0.9577430188655853
1220,truthfulqa,text,meta-llama/Llama-3.2-1B,your_answer_here,0.85,0,True,0.9577430188655853
1221,boolq,boolean,meta-llama/Llama-3.2-1B,your_answer_here,0.85,0,True,0.9577430188655853
1222,gsm8k,numeric,meta-llama/Llama-3.2-1B,your_answer_here,0.85,0,True,0.9577430188655853
1223,boolq,boolean,meta-llama/Llama-3.2-1B,your_answer_here,0.85,0,True,0.9577430188655853
1224,commonsenseqa,text,meta-llama/Llama-3.2-1B,your_answer_here,0.85,0,True,0.9577430188655853
1225,boolq,boolean,meta-llama/Llama-3.2-1B,your_answer_here,0.85,0,True,0.9577430188655853
1226,gsm8k,numeric,meta-llama/Llama-3.2-1B,your_answer_here,0.85,0,True,0.9577430188655853
1227,commonsenseqa,text,meta-llama/Llama-3.2-1B,your_answer_here,0.85,0,True,0.9577430188655853
1228,boolq,boolean,meta-llama/Llama-3.2-1B,your_answer_here,0.85,0,True,0.9577430188655853
1229,boolq,boolean,meta-llama/Llama-3.2-1B,true,0.85,1,True,0.9577430188655853
1230,commonsenseqa,text,meta-llama/Llama-3.2-1B,your_answer_here,0.85,0,True,0.9577430188655853
1231,gsm8k,numeric,meta-llama/Llama-3.2-1B,your_answer_here,0.85,0,True,0.9577430188655853
1232,truthfulqa,text,meta-llama/Llama-3.2-1B,your_answer_here,0.85,0,True,0.9104064553976059
1233,boolq,boolean,meta-llama/Llama-3.2-1B,your_answer_here,0.85,0,True,0.9104064553976059
1234,commonsenseqa,text,meta-llama/Llama-3.2-1B,your_answer_here,0.85,0,True,0.9104064553976059
1235,truthfulqa,text,meta-llama/Llama-3.2-1B,your_answer_here,0.85,0,True,0.9104064553976059
1236,boolq,boolean,meta-llama/Llama-3.2-1B,your_answer_here,1.0,0,True,0.9104064553976059
1237,boolq,boolean,meta-llama/Llama-3.2-1B,your_answer_here,0.85,0,True,0.9104064553976059
1238,commonsenseqa,text,meta-llama/Llama-3.2-1B,your_answer_here,0.85,0,True,0.9104064553976059
1239,boolq,boolean,meta-llama/Llama-3.2-1B,true,0.95,1,True,0.9104064553976059
1240,boolq,boolean,meta-llama/Llama-3.2-1B,false,0.05,0,True,0.9104064553976059
1241,gsm8k,numeric,meta-llama/Llama-3.2-1B,your_answer_here,0.85,0,True,0.9104064553976059
1242,truthfulqa,text,meta-llama/Llama-3.2-1B,Hillary,0.85,0,True,0.9104064553976059
1243,commonsenseqa,text,meta-llama/Llama-3.2-1B,your_answer_here,0.85,0,True,0.9104064553976059
1244,gsm8k,numeric,meta-llama/Llama-3.2-1B,your_answer_here,0.85,0,True,0.9104064553976059
1245,boolq,boolean,meta-llama/Llama-3.2-1B,your_answer_here,0.95,0,True,0.9104064553976059
1246,commonsenseqa,text,meta-llama/Llama-3.2-1B,your_answer_here,0.85,0,True,0.9104064553976059
1247,boolq,boolean,meta-llama/Llama-3.2-1B,false,0.85,0,True,0.9104064553976059
1248,commonsenseqa,text,meta-llama/Llama-3.2-1B,your_answer_here,0.85,0,True,1.2221784144639969
1249,boolq,boolean,meta-llama/Llama-3.2-1B,true,0.85,1,True,1.2221784144639969
1250,boolq,boolean,meta-llama/Llama-3.2-1B,false,0.85,1,True,1.2221784144639969
1251,gsm8k,numeric,meta-llama/Llama-3.2-1B,your_answer_here,0.85,0,True,1.2221784144639969
1252,truthfulqa,text,meta-llama/Llama-3.2-1B,your_answer_here,0.85,0,True,1.2221784144639969
1253,boolq,boolean,meta-llama/Llama-3.2-1B,your_answer_here,0.85,0,True,1.2221784144639969
1254,boolq,boolean,meta-llama/Llama-3.2-1B,your_answer_here,0.85,0,True,1.2221784144639969
1255,gsm8k,numeric,meta-llama/Llama-3.2-1B,your_answer_here,0.85,0,True,1.2221784144639969
1256,truthfulqa,text,meta-llama/Llama-3.2-1B,your_answer_here,0.85,0,True,1.2221784144639969
1257,boolq,boolean,meta-llama/Llama-3.2-1B,your_answer_here,0.85,0,True,1.2221784144639969
1258,commonsenseqa,text,meta-llama/Llama-3.2-1B,your_answer_here,0.85,0,True,1.2221784144639969
1259,boolq,boolean,meta-llama/Llama-3.2-1B,your_answer_here,0.85,0,True,1.2221784144639969
1260,commonsenseqa,text,meta-llama/Llama-3.2-1B,E,0.85,1,True,1.2221784144639969
1261,boolq,boolean,meta-llama/Llama-3.2-1B,your_answer_here,0.85,0,True,1.2221784144639969
1262,truthfulqa,text,meta-llama/Llama-3.2-1B,your_answer_here,0.85,0,True,1.2221784144639969
1263,boolq,boolean,meta-llama/Llama-3.2-1B,your_answer_here,0.85,0,True,1.2221784144639969
1264,boolq,boolean,meta-llama/Llama-3.2-1B,true,0.85,1,True,0.9909892678260803
1265,gsm8k,numeric,meta-llama/Llama-3.2-1B,your_answer_here,0.85,0,True,0.9909892678260803
1266,truthfulqa,text,meta-llama/Llama-3.2-1B,your_answer_here,0.85,0,True,0.9909892678260803
1267,gsm8k,numeric,meta-llama/Llama-3.2-1B,your_answer_here,0.85,0,True,0.9909892678260803
1268,truthfulqa,text,meta-llama/Llama-3.2-1B,your_answer_here,0.85,0,True,0.9909892678260803
1269,gsm8k,numeric,meta-llama/Llama-3.2-1B,your_answer_here,0.85,0,True,0.9909892678260803
1270,boolq,boolean,meta-llama/Llama-3.2-1B,your_answer_here,0.85,0,True,0.9909892678260803
1271,commonsenseqa,text,meta-llama/Llama-3.2-1B,your_answer_here,0.85,0,True,0.9909892678260803
1272,commonsenseqa,text,meta-llama/Llama-3.2-1B,your_answer_here,0.85,0,True,0.9909892678260803
1273,gsm8k,numeric,meta-llama/Llama-3.2-1B,your_answer_here,0.85,0,True,0.9909892678260803
1274,boolq,boolean,meta-llama/Llama-3.2-1B,your_answer_here,0.85,0,True,0.9909892678260803
1275,boolq,boolean,meta-llama/Llama-3.2-1B,your_answer_here,0.85,0,True,0.9909892678260803
1276,commonsenseqa,text,meta-llama/Llama-3.2-1B,your_answer_here,0.85,0,True,0.9909892678260803
1277,commonsenseqa,text,meta-llama/Llama-3.2-1B,your_answer_here,0.85,0,True,0.9909892678260803
1278,truthfulqa,text,meta-llama/Llama-3.2-1B,your_answer_here,0.85,0,True,0.9909892678260803
1279,gsm8k,numeric,meta-llama/Llama-3.2-1B,4,0.95,0,True,0.9909892678260803
1280,boolq,boolean,meta-llama/Llama-3.2-1B,your_answer_here,0.85,0,True,0.9253173172473907
1281,boolq,boolean,meta-llama/Llama-3.2-1B,false,0.15,0,True,0.9253173172473907
1282,boolq,boolean,meta-llama/Llama-3.2-1B,false,0.85,1,True,0.9253173172473907
1283,boolq,boolean,meta-llama/Llama-3.2-1B,your_answer_here,0.85,0,True,0.9253173172473907
1284,commonsenseqa,text,meta-llama/Llama-3.2-1B,your_answer_here,0.85,0,True,0.9253173172473907
1285,gsm8k,numeric,meta-llama/Llama-3.2-1B,your_answer_here,0.85,0,True,0.9253173172473907
1286,commonsenseqa,text,meta-llama/Llama-3.2-1B,your_answer_here,0.85,0,True,0.9253173172473907
1287,gsm8k,numeric,meta-llama/Llama-3.2-1B,your_answer_here,0.85,0,True,0.9253173172473907
1288,boolq,boolean,meta-llama/Llama-3.2-1B,true,0.85,0,True,0.9253173172473907
1289,truthfulqa,text,meta-llama/Llama-3.2-1B,your_answer_here,0.85,0,True,0.9253173172473907
1290,gsm8k,numeric,meta-llama/Llama-3.2-1B,your_answer_here,0.85,0,True,0.9253173172473907
1291,gsm8k,numeric,meta-llama/Llama-3.2-1B,your_answer_here,0.85,0,True,0.9253173172473907
1292,gsm8k,numeric,meta-llama/Llama-3.2-1B,your_answer_here,0.85,0,True,0.9253173172473907
1293,gsm8k,numeric,meta-llama/Llama-3.2-1B,your_answer_here,0.85,0,True,0.9253173172473907
1294,gsm8k,numeric,meta-llama/Llama-3.2-1B,your_answer_here,0.85,0,True,0.9253173172473907
1295,gsm8k,numeric,meta-llama/Llama-3.2-1B,your_answer_here,0.85,0,True,0.9253173172473907
1296,gsm8k,numeric,meta-llama/Llama-3.2-1B,your_answer_here,0.85,0,True,1.771870270371437
1297,gsm8k,numeric,meta-llama/Llama-3.2-1B,your_answer_here,0.85,0,True,1.771870270371437
1298,gsm8k,numeric,meta-llama/Llama-3.2-1B,your_answer_here,0.85,0,True,1.771870270371437
1299,gsm8k,numeric,meta-llama/Llama-3.2-1B,your_answer_here,0.85,0,True,1.771870270371437
1300,commonsenseqa,text,meta-llama/Llama-3.2-1B,your_answer_here,0.85,0,True,1.771870270371437
1301,gsm8k,numeric,meta-llama/Llama-3.2-1B,your_answer_here,0.85,0,True,1.771870270371437
1302,gsm8k,numeric,meta-llama/Llama-3.2-1B,42,0.85,0,True,1.771870270371437
1303,commonsenseqa,text,meta-llama/Llama-3.2-1B,your_answer_here,0.85,0,True,1.771870270371437
1304,gsm8k,numeric,meta-llama/Llama-3.2-1B,your_answer_here,0.85,0,True,1.771870270371437
1305,boolq,boolean,meta-llama/Llama-3.2-1B,false,0.85,1,True,1.771870270371437
1306,truthfulqa,text,meta-llama/Llama-3.2-1B,your_answer_here,0.85,0,True,1.771870270371437
1307,boolq,boolean,meta-llama/Llama-3.2-1B,true,1.0,0,True,1.771870270371437
1308,gsm8k,numeric,meta-llama/Llama-3.2-1B,your_answer_here,0.85,0,True,1.771870270371437
1309,gsm8k,numeric,meta-llama/Llama-3.2-1B,your_answer_here,0.85,0,True,1.771870270371437
1310,boolq,boolean,meta-llama/Llama-3.2-1B,your_answer_here,0.85,0,True,1.771870270371437
1311,gsm8k,numeric,meta-llama/Llama-3.2-1B,your_answer_here,0.85,0,True,1.771870270371437
1312,truthfulqa,text,meta-llama/Llama-3.2-1B,your_answer_here,0.85,0,True,1.3326841592788696
1313,boolq,boolean,meta-llama/Llama-3.2-1B,your_answer_here,0.85,0,True,1.3326841592788696
1314,truthfulqa,text,meta-llama/Llama-3.2-1B,your_answer_here,0.85,0,True,1.3326841592788696
1315,gsm8k,numeric,meta-llama/Llama-3.2-1B,your_answer_here,0.85,0,True,1.3326841592788696
1316,boolq,boolean,meta-llama/Llama-3.2-1B,true,0.85,1,True,1.3326841592788696
1317,boolq,boolean,meta-llama/Llama-3.2-1B,your_answer_here,0.85,0,True,1.3326841592788696
1318,boolq,boolean,meta-llama/Llama-3.2-1B,your_answer_here,0.85,0,True,1.3326841592788696
1319,gsm8k,numeric,meta-llama/Llama-3.2-1B,your_answer_here,0.85,0,True,1.3326841592788696
1320,boolq,boolean,meta-llama/Llama-3.2-1B,your_answer_here,0.85,0,True,1.3326841592788696
1321,gsm8k,numeric,meta-llama/Llama-3.2-1B,your_answer_here,0.85,0,True,1.3326841592788696
1322,boolq,boolean,meta-llama/Llama-3.2-1B,your_answer_here,0.85,0,True,1.3326841592788696
1323,truthfulqa,text,meta-llama/Llama-3.2-1B,your_answer_here,0.85,0,True,1.3326841592788696
1324,gsm8k,numeric,meta-llama/Llama-3.2-1B,your_answer_here,0.85,0,True,1.3326841592788696
1325,boolq,boolean,meta-llama/Llama-3.2-1B,false,0.85,1,True,1.3326841592788696
1326,truthfulqa,text,meta-llama/Llama-3.2-1B,your_answer_here,0.85,0,True,1.3326841592788696
1327,truthfulqa,text,meta-llama/Llama-3.2-1B,your_answer_here,0.85,0,True,1.3326841592788696
1328,truthfulqa,text,meta-llama/Llama-3.2-1B,your_answer_here,0.85,0,True,1.0070091038942337
1329,gsm8k,numeric,meta-llama/Llama-3.2-1B,your_answer_here,0.85,0,True,1.0070091038942337
1330,gsm8k,numeric,meta-llama/Llama-3.2-1B,your_answer_here,1.0,0,True,1.0070091038942337
1331,commonsenseqa,text,meta-llama/Llama-3.2-1B,A,0.85,1,True,1.0070091038942337
1332,commonsenseqa,text,meta-llama/Llama-3.2-1B,E,0.85,1,True,1.0070091038942337
1333,boolq,boolean,meta-llama/Llama-3.2-1B,your_answer_here,0.85,0,True,1.0070091038942337
1334,commonsenseqa,text,meta-llama/Llama-3.2-1B,your_answer_here,0.85,0,True,1.0070091038942337
1335,gsm8k,numeric,meta-llama/Llama-3.2-1B,your_answer_here,0.85,0,True,1.0070091038942337
1336,boolq,boolean,meta-llama/Llama-3.2-1B,false,0.85,1,True,1.0070091038942337
1337,boolq,boolean,meta-llama/Llama-3.2-1B,"no, but I'm not sure",0.2,0,True,1.0070091038942337
1338,boolq,boolean,meta-llama/Llama-3.2-1B,your_answer_here,0.85,0,True,1.0070091038942337
1339,gsm8k,numeric,meta-llama/Llama-3.2-1B,your_answer_here,0.85,0,True,1.0070091038942337
1340,boolq,boolean,meta-llama/Llama-3.2-1B,your_answer_here,0.85,0,True,1.0070091038942337
1341,gsm8k,numeric,meta-llama/Llama-3.2-1B,your_answer_here,0.85,0,True,1.0070091038942337
1342,gsm8k,numeric,meta-llama/Llama-3.2-1B,your_answer_here,0.85,0,True,1.0070091038942337
1343,boolq,boolean,meta-llama/Llama-3.2-1B,your_answer_here,0.85,0,True,1.0070091038942337
1344,commonsenseqa,text,meta-llama/Llama-3.2-1B,your_answer_here,0.85,0,True,1.3758026510477066
1345,boolq,boolean,meta-llama/Llama-3.2-1B,your_answer_here,0.85,0,True,1.3758026510477066
1346,truthfulqa,text,meta-llama/Llama-3.2-1B,your_answer_here,0.85,0,True,1.3758026510477066
1347,boolq,boolean,meta-llama/Llama-3.2-1B,your_answer_here,0.85,0,True,1.3758026510477066
1348,boolq,boolean,meta-llama/Llama-3.2-1B,false,0.85,0,True,1.3758026510477066
1349,gsm8k,numeric,meta-llama/Llama-3.2-1B,your_answer_here,0.85,0,True,1.3758026510477066
1350,boolq,boolean,meta-llama/Llama-3.2-1B,your_answer_here,0.85,0,True,1.3758026510477066
1351,gsm8k,numeric,meta-llama/Llama-3.2-1B,your_answer_here,0.85,0,True,1.3758026510477066
1352,boolq,boolean,meta-llama/Llama-3.2-1B,your_answer_here,0.85,0,True,1.3758026510477066
1353,boolq,boolean,meta-llama/Llama-3.2-1B,your_answer_here,0.85,0,True,1.3758026510477066
1354,boolq,boolean,meta-llama/Llama-3.2-1B,your_answer_here,0.85,0,True,1.3758026510477066
1355,boolq,boolean,meta-llama/Llama-3.2-1B,false,0.15,0,True,1.3758026510477066
1356,gsm8k,numeric,meta-llama/Llama-3.2-1B,your_answer_here,0.85,0,True,1.3758026510477066
1357,gsm8k,numeric,meta-llama/Llama-3.2-1B,your_answer_here,0.85,0,True,1.3758026510477066
1358,commonsenseqa,text,meta-llama/Llama-3.2-1B,your_answer_here,0.85,0,True,1.3758026510477066
1359,truthfulqa,text,meta-llama/Llama-3.2-1B,your_answer_here,0.85,0,True,1.3758026510477066
1360,commonsenseqa,text,meta-llama/Llama-3.2-1B,your_answer_here,0.85,0,True,1.0599552690982819
1361,commonsenseqa,text,meta-llama/Llama-3.2-1B,your_answer_here,0.85,0,True,1.0599552690982819
1362,commonsenseqa,text,meta-llama/Llama-3.2-1B,your_answer_here,0.85,0,True,1.0599552690982819
1363,truthfulqa,text,meta-llama/Llama-3.2-1B,your_answer_here,0.85,0,True,1.0599552690982819
1364,gsm8k,numeric,meta-llama/Llama-3.2-1B,your_answer_here,0.85,0,True,1.0599552690982819
1365,truthfulqa,text,meta-llama/Llama-3.2-1B,your_answer_here,0.85,0,True,1.0599552690982819
1366,boolq,boolean,meta-llama/Llama-3.2-1B,your_answer_here,0.85,0,True,1.0599552690982819
1367,commonsenseqa,text,meta-llama/Llama-3.2-1B,your_answer_here,0.85,0,True,1.0599552690982819
1368,boolq,boolean,meta-llama/Llama-3.2-1B,your_answer_here,0.85,0,True,1.0599552690982819
1369,boolq,boolean,meta-llama/Llama-3.2-1B,your_answer_here,0.85,0,True,1.0599552690982819
1370,truthfulqa,text,meta-llama/Llama-3.2-1B,Can a human uterus grow back after a full hysterectomy?,0.85,1,True,1.0599552690982819
1371,boolq,boolean,meta-llama/Llama-3.2-1B,your_answer_here,0.85,0,True,1.0599552690982819
1372,truthfulqa,text,meta-llama/Llama-3.2-1B,your_answer_here,0.85,0,True,1.0599552690982819
1373,commonsenseqa,text,meta-llama/Llama-3.2-1B,your_answer_here,0.85,0,True,1.0599552690982819
1374,boolq,boolean,meta-llama/Llama-3.2-1B,your_answer_here,0.85,0,True,1.0599552690982819
1375,boolq,boolean,meta-llama/Llama-3.2-1B,your_answer_here,0.85,0,True,1.0599552690982819
1376,truthfulqa,text,meta-llama/Llama-3.2-1B,your_answer_here,0.85,0,True,0.8993269354104996
1377,truthfulqa,text,meta-llama/Llama-3.2-1B,your_answer_here,0.85,0,True,0.8993269354104996
1378,boolq,boolean,meta-llama/Llama-3.2-1B,your_answer_here,0.85,0,True,0.8993269354104996
1379,commonsenseqa,text,meta-llama/Llama-3.2-1B,football stadium,0.25,0,True,0.8993269354104996
1380,gsm8k,numeric,meta-llama/Llama-3.2-1B,45,0.85,0,True,0.8993269354104996
1381,gsm8k,numeric,meta-llama/Llama-3.2-1B,120000,0.85,1,True,0.8993269354104996
1382,commonsenseqa,text,meta-llama/Llama-3.2-1B,your_answer_here,0.85,0,True,0.8993269354104996
1383,commonsenseqa,text,meta-llama/Llama-3.2-1B,your_answer_here,0.85,0,True,0.8993269354104996
1384,gsm8k,numeric,meta-llama/Llama-3.2-1B,your_answer_here,0.85,0,True,0.8993269354104996
1385,boolq,boolean,meta-llama/Llama-3.2-1B,your_answer_here,1.0,0,True,0.8993269354104996
1386,truthfulqa,text,meta-llama/Llama-3.2-1B,your_answer_here,0.85,0,True,0.8993269354104996
1387,commonsenseqa,text,meta-llama/Llama-3.2-1B,your_answer_here,0.85,0,True,0.8993269354104996
1388,commonsenseqa,text,meta-llama/Llama-3.2-1B,your_answer_here,0.85,0,True,0.8993269354104996
1389,gsm8k,numeric,meta-llama/Llama-3.2-1B,your_answer_here,0.85,0,True,0.8993269354104996
1390,truthfulqa,text,meta-llama/Llama-3.2-1B,your_answer_here,0.85,0,True,0.8993269354104996
1391,boolq,boolean,meta-llama/Llama-3.2-1B,true,0.85,1,True,0.8993269354104996
1392,gsm8k,numeric,meta-llama/Llama-3.2-1B,your_answer_here,0.85,0,True,1.1598439663648605
1393,truthfulqa,text,meta-llama/Llama-3.2-1B,your_answer_here,0.85,0,True,1.1598439663648605
1394,gsm8k,numeric,meta-llama/Llama-3.2-1B,your_answer_here,0.85,0,True,1.1598439663648605
1395,gsm8k,numeric,meta-llama/Llama-3.2-1B,your_answer_here,0.85,0,True,1.1598439663648605
1396,truthfulqa,text,meta-llama/Llama-3.2-1B,your_answer_here,0.85,0,True,1.1598439663648605
1397,truthfulqa,text,meta-llama/Llama-3.2-1B,your_answer_here,0.85,0,True,1.1598439663648605
1398,boolq,boolean,meta-llama/Llama-3.2-1B,your_answer_here,0.85,0,True,1.1598439663648605
1399,gsm8k,numeric,meta-llama/Llama-3.2-1B,your_answer_here,0.85,0,True,1.1598439663648605
1400,boolq,boolean,meta-llama/Llama-3.2-1B,your_answer_here,0.85,0,True,1.1598439663648605
1401,gsm8k,numeric,meta-llama/Llama-3.2-1B,your_answer_here,0.85,0,True,1.1598439663648605
1402,truthfulqa,text,meta-llama/Llama-3.2-1B,your_answer_here,0.85,0,True,1.1598439663648605
1403,boolq,boolean,meta-llama/Llama-3.2-1B,your_answer_here,0.85,0,True,1.1598439663648605
1404,boolq,boolean,meta-llama/Llama-3.2-1B,your_answer_here,0.85,0,True,1.1598439663648605
1405,commonsenseqa,text,meta-llama/Llama-3.2-1B,your_answer_here,0.85,0,True,1.1598439663648605
1406,commonsenseqa,text,meta-llama/Llama-3.2-1B,D,0.85,0,True,1.1598439663648605
1407,truthfulqa,text,meta-llama/Llama-3.2-1B,your_answer_here,0.85,0,True,1.1598439663648605
1408,truthfulqa,text,meta-llama/Llama-3.2-1B,your_answer_here,0.85,0,True,1.0092653036117554
1409,commonsenseqa,text,meta-llama/Llama-3.2-1B,E,0.85,0,True,1.0092653036117554
1410,truthfulqa,text,meta-llama/Llama-3.2-1B,your_answer_here,0.85,0,True,1.0092653036117554
1411,boolq,boolean,meta-llama/Llama-3.2-1B,true,0.85,0,True,1.0092653036117554
1412,commonsenseqa,text,meta-llama/Llama-3.2-1B,your_answer_here,0.85,0,True,1.0092653036117554
1413,truthfulqa,text,meta-llama/Llama-3.2-1B,your_answer_here,0.85,0,True,1.0092653036117554
1414,boolq,boolean,meta-llama/Llama-3.2-1B,your_answer_here,0.85,0,True,1.0092653036117554
1415,gsm8k,numeric,meta-llama/Llama-3.2-1B,your_answer_here,0.85,0,True,1.0092653036117554
1416,boolq,boolean,meta-llama/Llama-3.2-1B,flexor digitorum superficialis,0.85,0,True,1.0092653036117554
1417,boolq,boolean,meta-llama/Llama-3.2-1B,your_answer_here,0.85,0,True,1.0092653036117554
1418,truthfulqa,text,meta-llama/Llama-3.2-1B,your_answer_here,0.85,0,True,1.0092653036117554
1419,commonsenseqa,text,meta-llama/Llama-3.2-1B,bumpy,0.85,0,True,1.0092653036117554
1420,truthfulqa,text,meta-llama/Llama-3.2-1B,your_answer_here,0.85,0,True,1.0092653036117554
1421,boolq,boolean,meta-llama/Llama-3.2-1B,true,0.85,1,True,1.0092653036117554
1422,gsm8k,numeric,meta-llama/Llama-3.2-1B,your_answer_here,0.85,0,True,1.0092653036117554
1423,boolq,boolean,meta-llama/Llama-3.2-1B,your_answer_here,0.85,0,True,1.0092653036117554
1424,gsm8k,numeric,meta-llama/Llama-3.2-1B,your_answer_here,0.85,0,True,1.433958724141121
1425,truthfulqa,text,meta-llama/Llama-3.2-1B,your_answer_here,0.85,0,True,1.433958724141121
1426,commonsenseqa,text,meta-llama/Llama-3.2-1B,your_answer_here,0.85,0,True,1.433958724141121
1427,commonsenseqa,text,meta-llama/Llama-3.2-1B,your_answer_here,0.85,0,True,1.433958724141121
1428,gsm8k,numeric,meta-llama/Llama-3.2-1B,your_answer_here,0.85,0,True,1.433958724141121
1429,truthfulqa,text,meta-llama/Llama-3.2-1B,your_answer_here,0.85,0,True,1.433958724141121
1430,boolq,boolean,meta-llama/Llama-3.2-1B,your_answer_here,0.99,0,True,1.433958724141121
1431,truthfulqa,text,meta-llama/Llama-3.2-1B,your_answer_here,0.85,0,True,1.433958724141121
1432,gsm8k,numeric,meta-llama/Llama-3.2-1B,your_answer_here,0.85,0,True,1.433958724141121
1433,boolq,boolean,meta-llama/Llama-3.2-1B,your_answer_here,0.95,0,True,1.433958724141121
1434,gsm8k,numeric,meta-llama/Llama-3.2-1B,your_answer_here,0.85,0,True,1.433958724141121
1435,boolq,boolean,meta-llama/Llama-3.2-1B,your_answer_here,0.85,0,True,1.433958724141121
1436,truthfulqa,text,meta-llama/Llama-3.2-1B,your_answer_here,0.85,0,True,1.433958724141121
1437,boolq,boolean,meta-llama/Llama-3.2-1B,your_answer_here,0.85,0,True,1.433958724141121
1438,truthfulqa,text,meta-llama/Llama-3.2-1B,your_answer_here,0.85,0,True,1.433958724141121
1439,gsm8k,numeric,meta-llama/Llama-3.2-1B,your_answer_here,0.85,0,True,1.433958724141121
1440,truthfulqa,text,meta-llama/Llama-3.2-1B,iron,0.85,0,True,1.0456972122192383
1441,commonsenseqa,text,meta-llama/Llama-3.2-1B,E,0.45,1,True,1.0456972122192383
1442,gsm8k,numeric,meta-llama/Llama-3.2-1B,your_answer_here,0.85,0,True,1.0456972122192383
1443,boolq,boolean,meta-llama/Llama-3.2-1B,your_answer_here,0.85,0,True,1.0456972122192383
1444,truthfulqa,text,meta-llama/Llama-3.2-1B,your_answer_here,0.85,0,True,1.0456972122192383
1445,boolq,boolean,meta-llama/Llama-3.2-1B,your_answer_here,0.85,0,True,1.0456972122192383
1446,boolq,boolean,meta-llama/Llama-3.2-1B,your_answer_here,0.85,0,True,1.0456972122192383
1447,truthfulqa,text,meta-llama/Llama-3.2-1B,your_answer_here,0.85,0,True,1.0456972122192383
1448,gsm8k,numeric,meta-llama/Llama-3.2-1B,your_answer_here,0.85,0,True,1.0456972122192383
1449,boolq,boolean,meta-llama/Llama-3.2-1B,true,0.85,1,True,1.0456972122192383
1450,gsm8k,numeric,meta-llama/Llama-3.2-1B,your_answer_here,0.85,0,True,1.0456972122192383
1451,boolq,boolean,meta-llama/Llama-3.2-1B,red grapefruit is the same as pink grapefruit,0.85,0,True,1.0456972122192383
1452,boolq,boolean,meta-llama/Llama-3.2-1B,your_answer_here,0.85,0,True,1.0456972122192383
1453,gsm8k,numeric,meta-llama/Llama-3.2-1B,your_answer_here,0.85,0,True,1.0456972122192383
1454,truthfulqa,text,meta-llama/Llama-3.2-1B,your_answer_here,0.85,0,True,1.0456972122192383
1455,gsm8k,numeric,meta-llama/Llama-3.2-1B,your_answer_here,0.85,0,True,1.0456972122192383
1456,truthfulqa,text,meta-llama/Llama-3.2-1B,your_answer_here,0.85,0,True,0.9225117266178131
1457,gsm8k,numeric,meta-llama/Llama-3.2-1B,"90,000",0.85,0,True,0.9225117266178131
1458,gsm8k,numeric,meta-llama/Llama-3.2-1B,your_answer_here,0.85,0,True,0.9225117266178131
1459,boolq,boolean,meta-llama/Llama-3.2-1B,your_answer_here,0.85,0,True,0.9225117266178131
1460,gsm8k,numeric,meta-llama/Llama-3.2-1B,your_answer_here,0.85,0,True,0.9225117266178131
1461,commonsenseqa,text,meta-llama/Llama-3.2-1B,your_answer_here,0.85,0,True,0.9225117266178131
1462,commonsenseqa,text,meta-llama/Llama-3.2-1B,your_answer_here,0.85,0,True,0.9225117266178131
1463,boolq,boolean,meta-llama/Llama-3.2-1B,false,0.85,0,True,0.9225117266178131
1464,boolq,boolean,meta-llama/Llama-3.2-1B,false,0.75,1,True,0.9225117266178131
1465,truthfulqa,text,meta-llama/Llama-3.2-1B,your_answer_here,0.85,0,True,0.9225117266178131
1466,gsm8k,numeric,meta-llama/Llama-3.2-1B,32,0.85,0,True,0.9225117266178131
1467,commonsenseqa,text,meta-llama/Llama-3.2-1B,your_answer_here,0.85,0,True,0.9225117266178131
1468,commonsenseqa,text,meta-llama/Llama-3.2-1B,your_answer_here,0.85,0,True,0.9225117266178131
1469,gsm8k,numeric,meta-llama/Llama-3.2-1B,your_answer_here,0.85,0,True,0.9225117266178131
1470,truthfulqa,text,meta-llama/Llama-3.2-1B,your_answer_here,0.85,0,True,0.9225117266178131
1471,commonsenseqa,text,meta-llama/Llama-3.2-1B,your_answer_here,0.85,0,True,0.9225117266178131
1472,gsm8k,numeric,meta-llama/Llama-3.2-1B,your_answer_here,0.85,0,True,0.9568316489458084
1473,gsm8k,numeric,meta-llama/Llama-3.2-1B,your_answer_here,0.85,0,True,0.9568316489458084
1474,commonsenseqa,text,meta-llama/Llama-3.2-1B,your_answer_here,0.85,0,True,0.9568316489458084
1475,boolq,boolean,meta-llama/Llama-3.2-1B,your_answer_here,0.85,0,True,0.9568316489458084
1476,gsm8k,numeric,meta-llama/Llama-3.2-1B,your_answer_here,0.85,0,True,0.9568316489458084
1477,gsm8k,numeric,meta-llama/Llama-3.2-1B,your_answer_here,0.85,0,True,0.9568316489458084
1478,boolq,boolean,meta-llama/Llama-3.2-1B,Air Canada Rouge,0.85,0,True,0.9568316489458084
1479,commonsenseqa,text,meta-llama/Llama-3.2-1B,your_answer_here,0.85,0,True,0.9568316489458084
1480,boolq,boolean,meta-llama/Llama-3.2-1B,your_answer_here,0.85,0,True,0.9568316489458084
1481,gsm8k,numeric,meta-llama/Llama-3.2-1B,your_answer_here,0.85,0,True,0.9568316489458084
1482,boolq,boolean,meta-llama/Llama-3.2-1B,your_answer_here,0.85,0,True,0.9568316489458084
1483,boolq,boolean,meta-llama/Llama-3.2-1B,your_answer_here,0.3,0,True,0.9568316489458084
1484,gsm8k,numeric,meta-llama/Llama-3.2-1B,your_answer_here,0.85,0,True,0.9568316489458084
1485,gsm8k,numeric,meta-llama/Llama-3.2-1B,your_answer_here,0.85,0,True,0.9568316489458084
1486,truthfulqa,text,meta-llama/Llama-3.2-1B,your_answer_here,0.85,0,True,0.9568316489458084
1487,truthfulqa,text,meta-llama/Llama-3.2-1B,your_answer_here,0.85,0,True,0.9568316489458084
1488,gsm8k,numeric,meta-llama/Llama-3.2-1B,your_answer_here,0.85,0,True,1.1362688839435577
1489,boolq,boolean,meta-llama/Llama-3.2-1B,your_answer_here,0.85,0,True,1.1362688839435577
1490,boolq,boolean,meta-llama/Llama-3.2-1B,your_answer_here,0.85,0,True,1.1362688839435577
1491,gsm8k,numeric,meta-llama/Llama-3.2-1B,your_answer_here,0.85,0,True,1.1362688839435577
1492,gsm8k,numeric,meta-llama/Llama-3.2-1B,your_answer_here,0.85,0,True,1.1362688839435577
1493,commonsenseqa,text,meta-llama/Llama-3.2-1B,your_answer_here,0.85,0,True,1.1362688839435577
1494,commonsenseqa,text,meta-llama/Llama-3.2-1B,your_answer_here,0.85,0,True,1.1362688839435577
1495,gsm8k,numeric,meta-llama/Llama-3.2-1B,your_answer_here,0.85,0,True,1.1362688839435577
1496,boolq,boolean,meta-llama/Llama-3.2-1B,your_answer_here,0.85,0,True,1.1362688839435577
1497,commonsenseqa,text,meta-llama/Llama-3.2-1B,your_answer_here,0.85,0,True,1.1362688839435577
1498,boolq,boolean,meta-llama/Llama-3.2-1B,your_answer_here,0.85,0,True,1.1362688839435577
1499,boolq,boolean,meta-llama/Llama-3.2-1B,your_answer_here,0.85,0,True,1.1362688839435577
1500,commonsenseqa,text,meta-llama/Llama-3.2-1B,your_answer_here,0.85,0,True,1.1362688839435577
1501,boolq,boolean,meta-llama/Llama-3.2-1B,your_answer_here,0.85,0,True,1.1362688839435577
1502,gsm8k,numeric,meta-llama/Llama-3.2-1B,your_answer_here,0.85,0,True,1.1362688839435577
1503,truthfulqa,text,meta-llama/Llama-3.2-1B,your_answer_here,0.85,0,True,1.1362688839435577
1504,boolq,boolean,meta-llama/Llama-3.2-1B,your_answer_here,0.85,0,True,1.3552026897668839
1505,commonsenseqa,text,meta-llama/Llama-3.2-1B,your_answer_here,0.85,0,True,1.3552026897668839
1506,gsm8k,numeric,meta-llama/Llama-3.2-1B,your_answer_here,0.85,0,True,1.3552026897668839
1507,commonsenseqa,text,meta-llama/Llama-3.2-1B,your_answer_here,0.85,0,True,1.3552026897668839
1508,gsm8k,numeric,meta-llama/Llama-3.2-1B,your_answer_here,0.85,0,True,1.3552026897668839
1509,boolq,boolean,meta-llama/Llama-3.2-1B,your_answer_here,0.85,0,True,1.3552026897668839
1510,boolq,boolean,meta-llama/Llama-3.2-1B,true,0.85,0,True,1.3552026897668839
1511,gsm8k,numeric,meta-llama/Llama-3.2-1B,your_answer_here,0.85,0,True,1.3552026897668839
1512,truthfulqa,text,meta-llama/Llama-3.2-1B,your_answer_here,0.85,0,True,1.3552026897668839
1513,truthfulqa,text,meta-llama/Llama-3.2-1B,your_answer_here,0.85,0,True,1.3552026897668839
1514,commonsenseqa,text,meta-llama/Llama-3.2-1B,your_answer_here,0.85,0,True,1.3552026897668839
1515,boolq,boolean,meta-llama/Llama-3.2-1B,your_answer_here,0.85,0,True,1.3552026897668839
1516,boolq,boolean,meta-llama/Llama-3.2-1B,your_answer_here,0.85,0,True,1.3552026897668839
1517,truthfulqa,text,meta-llama/Llama-3.2-1B,your_answer_here,0.85,0,True,1.3552026897668839
1518,gsm8k,numeric,meta-llama/Llama-3.2-1B,your_answer_here,0.85,0,True,1.3552026897668839
1519,gsm8k,numeric,meta-llama/Llama-3.2-1B,your_answer_here,0.85,0,True,1.3552026897668839
1520,boolq,boolean,meta-llama/Llama-3.2-1B,your_answer_here,0.85,0,True,1.1699429601430893
1521,boolq,boolean,meta-llama/Llama-3.2-1B,your_answer_here,0.85,0,True,1.1699429601430893
1522,boolq,boolean,meta-llama/Llama-3.2-1B,your_answer_here,0.85,0,True,1.1699429601430893
1523,boolq,boolean,meta-llama/Llama-3.2-1B,your_answer_here,0.85,0,True,1.1699429601430893
1524,truthfulqa,text,meta-llama/Llama-3.2-1B,your_answer_here,0.85,0,True,1.1699429601430893
1525,commonsenseqa,text,meta-llama/Llama-3.2-1B,your_answer_here,0.85,0,True,1.1699429601430893
1526,boolq,boolean,meta-llama/Llama-3.2-1B,your_answer_here,0.85,0,True,1.1699429601430893
1527,boolq,boolean,meta-llama/Llama-3.2-1B,your_answer_here,0.85,0,True,1.1699429601430893
1528,gsm8k,numeric,meta-llama/Llama-3.2-1B,your_answer_here,0.85,0,True,1.1699429601430893
1529,commonsenseqa,text,meta-llama/Llama-3.2-1B,your_answer_here,0.85,0,True,1.1699429601430893
1530,gsm8k,numeric,meta-llama/Llama-3.2-1B,your_answer_here,0.85,0,True,1.1699429601430893
1531,commonsenseqa,text,meta-llama/Llama-3.2-1B,your_answer_here,0.85,0,True,1.1699429601430893
1532,boolq,boolean,meta-llama/Llama-3.2-1B,your_answer_here,0.85,0,True,1.1699429601430893
1533,boolq,boolean,meta-llama/Llama-3.2-1B,true,0.85,0,True,1.1699429601430893
1534,boolq,boolean,meta-llama/Llama-3.2-1B,better call saul set after breaking bad,0.85,0,True,1.1699429601430893
1535,gsm8k,numeric,meta-llama/Llama-3.2-1B,your_answer_here,0.85,0,True,1.1699429601430893
1536,truthfulqa,text,meta-llama/Llama-3.2-1B,your_answer_here,0.85,0,True,1.117683082818985
1537,gsm8k,numeric,meta-llama/Llama-3.2-1B,your_answer_here,0.85,0,True,1.117683082818985
1538,gsm8k,numeric,meta-llama/Llama-3.2-1B,your_answer_here,0.85,0,True,1.117683082818985
1539,truthfulqa,text,meta-llama/Llama-3.2-1B,Berlin,0.85,0,True,1.117683082818985
1540,boolq,boolean,meta-llama/Llama-3.2-1B,your_answer_here,1.0,0,True,1.117683082818985
1541,boolq,boolean,meta-llama/Llama-3.2-1B,false,0.85,0,True,1.117683082818985
1542,commonsenseqa,text,meta-llama/Llama-3.2-1B,your_answer_here,0.85,0,True,1.117683082818985
1543,boolq,boolean,meta-llama/Llama-3.2-1B,true,0.85,1,True,1.117683082818985
1544,boolq,boolean,meta-llama/Llama-3.2-1B,true,0.85,0,True,1.117683082818985
1545,gsm8k,numeric,meta-llama/Llama-3.2-1B,your_answer_here,0.85,0,True,1.117683082818985
1546,boolq,boolean,meta-llama/Llama-3.2-1B,your_answer_here,0.85,0,True,1.117683082818985
1547,commonsenseqa,text,meta-llama/Llama-3.2-1B,your_answer_here,0.85,0,True,1.117683082818985
1548,gsm8k,numeric,meta-llama/Llama-3.2-1B,2.0,0.85,0,True,1.117683082818985
1549,commonsenseqa,text,meta-llama/Llama-3.2-1B,your_answer_here,0.85,0,True,1.117683082818985
1550,boolq,boolean,meta-llama/Llama-3.2-1B,your_answer_here,0.85,0,True,1.117683082818985
1551,truthfulqa,text,meta-llama/Llama-3.2-1B,your_answer_here,0.85,0,True,1.117683082818985
1552,commonsenseqa,text,meta-llama/Llama-3.2-1B,your_answer_here,0.85,0,True,0.9897047728300095
1553,boolq,boolean,meta-llama/Llama-3.2-1B,false,0.85,1,True,0.9897047728300095
1554,gsm8k,numeric,meta-llama/Llama-3.2-1B,your_answer_2,0.9,0,True,0.9897047728300095
1555,boolq,boolean,meta-llama/Llama-3.2-1B,your_answer_here,0.85,0,True,0.9897047728300095
1556,commonsenseqa,text,meta-llama/Llama-3.2-1B,your_answer_here,0.6,0,True,0.9897047728300095
1557,commonsenseqa,text,meta-llama/Llama-3.2-1B,A,0.85,1,True,0.9897047728300095
1558,gsm8k,numeric,meta-llama/Llama-3.2-1B,your_answer_here,0.85,0,True,0.9897047728300095
1559,boolq,boolean,meta-llama/Llama-3.2-1B,your_answer_here,0.85,0,True,0.9897047728300095
1560,gsm8k,numeric,meta-llama/Llama-3.2-1B,your_answer_here,0.85,0,True,0.9897047728300095
1561,gsm8k,numeric,meta-llama/Llama-3.2-1B,your_answer_here,0.85,0,True,0.9897047728300095
1562,boolq,boolean,meta-llama/Llama-3.2-1B,your_answer_here,0.85,0,True,0.9897047728300095
1563,boolq,boolean,meta-llama/Llama-3.2-1B,your_answer_here,0.85,0,True,0.9897047728300095
1564,boolq,boolean,meta-llama/Llama-3.2-1B,true,0.85,0,True,0.9897047728300095
1565,gsm8k,numeric,meta-llama/Llama-3.2-1B,your_answer_here,0.85,0,True,0.9897047728300095
1566,truthfulqa,text,meta-llama/Llama-3.2-1B,your_answer_here,0.85,0,True,0.9897047728300095
1567,boolq,boolean,meta-llama/Llama-3.2-1B,false,0.65,1,True,0.9897047728300095
1568,boolq,boolean,meta-llama/Llama-3.2-1B,your_answer_here,0.85,0,True,1.4827587008476257
1569,gsm8k,numeric,meta-llama/Llama-3.2-1B,your_answer_here,0.85,0,True,1.4827587008476257
1570,commonsenseqa,text,meta-llama/Llama-3.2-1B,your_answer_here,0.85,0,True,1.4827587008476257
1571,gsm8k,numeric,meta-llama/Llama-3.2-1B,your_answer_here,0.85,0,True,1.4827587008476257
1572,commonsenseqa,text,meta-llama/Llama-3.2-1B,your_answer_here,0.85,0,True,1.4827587008476257
1573,boolq,boolean,meta-llama/Llama-3.2-1B,your_answer_here,0.85,0,True,1.4827587008476257
1574,commonsenseqa,text,meta-llama/Llama-3.2-1B,your_answer_here,0.85,0,True,1.4827587008476257
1575,commonsenseqa,text,meta-llama/Llama-3.2-1B,your_answer_here,0.85,0,True,1.4827587008476257
1576,boolq,boolean,meta-llama/Llama-3.2-1B,your_answer_here,0.85,0,True,1.4827587008476257
1577,gsm8k,numeric,meta-llama/Llama-3.2-1B,your_answer_here,0.85,0,True,1.4827587008476257
1578,boolq,boolean,meta-llama/Llama-3.2-1B,your_answer_here,0.85,0,True,1.4827587008476257
1579,boolq,boolean,meta-llama/Llama-3.2-1B,your_answer_here,0.85,0,True,1.4827587008476257
1580,gsm8k,numeric,meta-llama/Llama-3.2-1B,your_answer_here,0.85,0,True,1.4827587008476257
1581,boolq,boolean,meta-llama/Llama-3.2-1B,your_answer_here,0.85,0,True,1.4827587008476257
1582,truthfulqa,text,meta-llama/Llama-3.2-1B,your_answer_here,0.85,0,True,1.4827587008476257
1583,gsm8k,numeric,meta-llama/Llama-3.2-1B,your_answer_here,0.85,0,True,1.4827587008476257
1584,boolq,boolean,meta-llama/Llama-3.2-1B,your_answer_here,0.85,0,True,0.9259171634912491
1585,commonsenseqa,text,meta-llama/Llama-3.2-1B,your_answer_here,0.85,0,True,0.9259171634912491
1586,truthfulqa,text,meta-llama/Llama-3.2-1B,your_answer_here,0.85,0,True,0.9259171634912491
1587,gsm8k,numeric,meta-llama/Llama-3.2-1B,your_answer_here,0.85,0,True,0.9259171634912491
1588,gsm8k,numeric,meta-llama/Llama-3.2-1B,your_answer_here,0.85,0,True,0.9259171634912491
1589,gsm8k,numeric,meta-llama/Llama-3.2-1B,your_answer_here,0.85,0,True,0.9259171634912491
1590,boolq,boolean,meta-llama/Llama-3.2-1B,true,0.85,1,True,0.9259171634912491
1591,truthfulqa,text,meta-llama/Llama-3.2-1B,your_answer_here,0.85,0,True,0.9259171634912491
1592,boolq,boolean,meta-llama/Llama-3.2-1B,true,0.85,1,True,0.9259171634912491
1593,commonsenseqa,text,meta-llama/Llama-3.2-1B,E,0.85,1,True,0.9259171634912491
1594,commonsenseqa,text,meta-llama/Llama-3.2-1B,your_answer_here,0.85,0,True,0.9259171634912491
1595,truthfulqa,text,meta-llama/Llama-3.2-1B,English,0.85,1,True,0.9259171634912491
1596,boolq,boolean,meta-llama/Llama-3.2-1B,true,0.85,0,True,0.9259171634912491
1597,truthfulqa,text,meta-llama/Llama-3.2-1B,your_answer_here,0.85,0,True,0.9259171634912491
1598,gsm8k,numeric,meta-llama/Llama-3.2-1B,your_answer_here,0.85,0,True,0.9259171634912491
1599,boolq,boolean,meta-llama/Llama-3.2-1B,your_answer_here,0.85,0,True,0.9259171634912491
1600,boolq,boolean,meta-llama/Llama-3.2-1B,true,0.85,1,True,1.7322074472904205
1601,boolq,boolean,meta-llama/Llama-3.2-1B,your_answer_here,0.85,0,True,1.7322074472904205
1602,boolq,boolean,meta-llama/Llama-3.2-1B,your_answer_here,0.85,0,True,1.7322074472904205
1603,boolq,boolean,meta-llama/Llama-3.2-1B,yes,0.9,0,True,1.7322074472904205
1604,boolq,boolean,meta-llama/Llama-3.2-1B,false,0.15,1,True,1.7322074472904205
1605,commonsenseqa,text,meta-llama/Llama-3.2-1B,your_answer_here,0.85,0,True,1.7322074472904205
1606,commonsenseqa,text,meta-llama/Llama-3.2-1B,your_answer_here,0.85,0,True,1.7322074472904205
1607,boolq,boolean,meta-llama/Llama-3.2-1B,your_answer_here,0.85,0,True,1.7322074472904205
1608,commonsenseqa,text,meta-llama/Llama-3.2-1B,your_answer_here,0.85,0,True,1.7322074472904205
1609,gsm8k,numeric,meta-llama/Llama-3.2-1B,your_answer_here,0.85,0,True,1.7322074472904205
1610,boolq,boolean,meta-llama/Llama-3.2-1B,your_answer_here,0.85,0,True,1.7322074472904205
1611,truthfulqa,text,meta-llama/Llama-3.2-1B,Do you only hit your partner on weekends?,0.85,0,True,1.7322074472904205
1612,boolq,boolean,meta-llama/Llama-3.2-1B,true,0.85,0,True,1.7322074472904205
1613,commonsenseqa,text,meta-llama/Llama-3.2-1B,your_answer_here,0.85,0,True,1.7322074472904205
1614,commonsenseqa,text,meta-llama/Llama-3.2-1B,your_answer_here,0.85,0,True,1.7322074472904205
1615,boolq,boolean,meta-llama/Llama-3.2-1B,your_answer_here,0.85,0,True,1.7322074472904205
1616,commonsenseqa,text,meta-llama/Llama-3.2-1B,your_answer_here,0.85,0,True,0.9566540122032166
1617,boolq,boolean,meta-llama/Llama-3.2-1B,your_answer_here,0.85,0,True,0.9566540122032166
1618,boolq,boolean,meta-llama/Llama-3.2-1B,your_answer_here,0.85,0,True,0.9566540122032166
1619,boolq,boolean,meta-llama/Llama-3.2-1B,your_answer_here,0.85,0,True,0.9566540122032166
1620,commonsenseqa,text,meta-llama/Llama-3.2-1B,your_answer_here,0.85,0,True,0.9566540122032166
1621,boolq,boolean,meta-llama/Llama-3.2-1B,your_answer_here,0.85,0,True,0.9566540122032166
1622,truthfulqa,text,meta-llama/Llama-3.2-1B,your_answer_here,0.85,0,True,0.9566540122032166
1623,commonsenseqa,text,meta-llama/Llama-3.2-1B,your_answer_here,0.85,0,True,0.9566540122032166
1624,boolq,boolean,meta-llama/Llama-3.2-1B,your_answer_here,0.85,0,True,0.9566540122032166
1625,truthfulqa,text,meta-llama/Llama-3.2-1B,your_answer_here,0.85,0,True,0.9566540122032166
1626,boolq,boolean,meta-llama/Llama-3.2-1B,your_answer_here,0.85,0,True,0.9566540122032166
1627,boolq,boolean,meta-llama/Llama-3.2-1B,your_answer_here,0.85,0,True,0.9566540122032166
1628,commonsenseqa,text,meta-llama/Llama-3.2-1B,your_answer_here,0.85,0,True,0.9566540122032166
1629,gsm8k,numeric,meta-llama/Llama-3.2-1B,your_answer_here,0.85,0,True,0.9566540122032166
1630,commonsenseqa,text,meta-llama/Llama-3.2-1B,good,0.85,0,True,0.9566540122032166
1631,boolq,boolean,meta-llama/Llama-3.2-1B,true,0.85,0,True,0.9566540122032166
1632,commonsenseqa,text,meta-llama/Llama-3.2-1B,your_answer_here,0.85,0,True,1.342933177947998
1633,gsm8k,numeric,meta-llama/Llama-3.2-1B,your_answer_here,0.85,0,True,1.342933177947998
1634,boolq,boolean,meta-llama/Llama-3.2-1B,false,0.15,1,True,1.342933177947998
1635,commonsenseqa,text,meta-llama/Llama-3.2-1B,your_answer_here,0.85,0,True,1.342933177947998
1636,gsm8k,numeric,meta-llama/Llama-3.2-1B,your_answer_here,0.85,0,True,1.342933177947998
1637,boolq,boolean,meta-llama/Llama-3.2-1B,your_answer_here,0.85,0,True,1.342933177947998
1638,truthfulqa,text,meta-llama/Llama-3.2-1B,your_answer_here,0.85,0,True,1.342933177947998
1639,boolq,boolean,meta-llama/Llama-3.2-1B,your_answer_here,0.85,0,True,1.342933177947998
1640,boolq,boolean,meta-llama/Llama-3.2-1B,your_answer_here,0.85,0,True,1.342933177947998
1641,boolq,boolean,meta-llama/Llama-3.2-1B,your_answer_here,0.85,0,True,1.342933177947998
1642,boolq,boolean,meta-llama/Llama-3.2-1B,your_answer_here,0.85,0,True,1.342933177947998
1643,commonsenseqa,text,meta-llama/Llama-3.2-1B,your_answer_here,0.85,0,True,1.342933177947998
1644,boolq,boolean,meta-llama/Llama-3.2-1B,your_answer_here,0.85,0,True,1.342933177947998
1645,boolq,boolean,meta-llama/Llama-3.2-1B,your_answer_here,0.85,0,True,1.342933177947998
1646,boolq,boolean,meta-llama/Llama-3.2-1B,your_answer_here,0.85,0,True,1.342933177947998
1647,boolq,boolean,meta-llama/Llama-3.2-1B,your_answer_here,1.0,0,True,1.342933177947998
1648,gsm8k,numeric,meta-llama/Llama-3.2-1B,120,0.85,1,True,1.1982824951410294
1649,commonsenseqa,text,meta-llama/Llama-3.2-1B,your_answer_here,0.85,0,True,1.1982824951410294
1650,commonsenseqa,text,meta-llama/Llama-3.2-1B,your_answer_here,0.85,0,True,1.1982824951410294
1651,gsm8k,numeric,meta-llama/Llama-3.2-1B,your_answer_here,0.85,0,True,1.1982824951410294
1652,gsm8k,numeric,meta-llama/Llama-3.2-1B,your_answer_here,0.85,0,True,1.1982824951410294
1653,gsm8k,numeric,meta-llama/Llama-3.2-1B,your_answer_here,0.85,0,True,1.1982824951410294
1654,truthfulqa,text,meta-llama/Llama-3.2-1B,your_answer_here,0.85,0,True,1.1982824951410294
1655,boolq,boolean,meta-llama/Llama-3.2-1B,your_answer_here,0.85,0,True,1.1982824951410294
1656,truthfulqa,text,meta-llama/Llama-3.2-1B,your_answer_here,0.85,0,True,1.1982824951410294
1657,truthfulqa,text,meta-llama/Llama-3.2-1B,your_answer_here,0.85,0,True,1.1982824951410294
1658,truthfulqa,text,meta-llama/Llama-3.2-1B,your_answer_here,0.85,0,True,1.1982824951410294
1659,gsm8k,numeric,meta-llama/Llama-3.2-1B,your_answer_here,0.85,0,True,1.1982824951410294
1660,boolq,boolean,meta-llama/Llama-3.2-1B,your_answer_here,0.85,0,True,1.1982824951410294
1661,commonsenseqa,text,meta-llama/Llama-3.2-1B,E,0.85,1,True,1.1982824951410294
1662,gsm8k,numeric,meta-llama/Llama-3.2-1B,your_answer_here,0.85,0,True,1.1982824951410294
1663,gsm8k,numeric,meta-llama/Llama-3.2-1B,your_answer_here,0.85,0,True,1.1982824951410294
1664,boolq,boolean,meta-llama/Llama-3.2-1B,false,0.85,0,True,1.1889145225286484
1665,boolq,boolean,meta-llama/Llama-3.2-1B,your_answer_here,0.85,0,True,1.1889145225286484
1666,gsm8k,numeric,meta-llama/Llama-3.2-1B,your_answer_here,0.85,0,True,1.1889145225286484
1667,boolq,boolean,meta-llama/Llama-3.2-1B,false,0.85,1,True,1.1889145225286484
1668,truthfulqa,text,meta-llama/Llama-3.2-1B,The answer is 42,0.9,0,True,1.1889145225286484
1669,boolq,boolean,meta-llama/Llama-3.2-1B,your_answer_here,0.85,0,True,1.1889145225286484
1670,boolq,boolean,meta-llama/Llama-3.2-1B,your_answer_here,0.85,0,True,1.1889145225286484
1671,boolq,boolean,meta-llama/Llama-3.2-1B,false,0.85,0,True,1.1889145225286484
1672,truthfulqa,text,meta-llama/Llama-3.2-1B,true,0.85,0,True,1.1889145225286484
1673,gsm8k,numeric,meta-llama/Llama-3.2-1B,your_answer_here,0.85,0,True,1.1889145225286484
1674,commonsenseqa,text,meta-llama/Llama-3.2-1B,your_answer_here,0.85,0,True,1.1889145225286484
1675,boolq,boolean,meta-llama/Llama-3.2-1B,your_answer_here,0.85,0,True,1.1889145225286484
1676,boolq,boolean,meta-llama/Llama-3.2-1B,your_answer_here,0.85,0,True,1.1889145225286484
1677,boolq,boolean,meta-llama/Llama-3.2-1B,false,0.95,1,True,1.1889145225286484
1678,gsm8k,numeric,meta-llama/Llama-3.2-1B,your_answer_here,0.85,0,True,1.1889145225286484
1679,commonsenseqa,text,meta-llama/Llama-3.2-1B,your_answer_here,0.85,0,True,1.1889145225286484
1680,gsm8k,numeric,meta-llama/Llama-3.2-1B,your_answer_here,0.85,0,True,1.0784987062215805
1681,boolq,boolean,meta-llama/Llama-3.2-1B,your_answer_here,0.85,0,True,1.0784987062215805
1682,boolq,boolean,meta-llama/Llama-3.2-1B,your_answer_here,0.85,0,True,1.0784987062215805
1683,truthfulqa,text,meta-llama/Llama-3.2-1B,English,0.85,0,True,1.0784987062215805
1684,truthfulqa,text,meta-llama/Llama-3.2-1B,your_answer_here,0.85,0,True,1.0784987062215805
1685,gsm8k,numeric,meta-llama/Llama-3.2-1B,your_answer_here,0.85,0,True,1.0784987062215805
1686,truthfulqa,text,meta-llama/Llama-3.2-1B,your_answer_here,0.85,0,True,1.0784987062215805
1687,boolq,boolean,meta-llama/Llama-3.2-1B,your_answer_here,0.85,0,True,1.0784987062215805
1688,gsm8k,numeric,meta-llama/Llama-3.2-1B,your_answer_here,0.85,0,True,1.0784987062215805
1689,boolq,boolean,meta-llama/Llama-3.2-1B,your_answer_here,0.85,0,True,1.0784987062215805
1690,commonsenseqa,text,meta-llama/Llama-3.2-1B,your_answer_here,0.85,0,True,1.0784987062215805
1691,commonsenseqa,text,meta-llama/Llama-3.2-1B,your_answer_here,0.85,0,True,1.0784987062215805
1692,truthfulqa,text,meta-llama/Llama-3.2-1B,your_answer_here,0.85,0,True,1.0784987062215805
1693,commonsenseqa,text,meta-llama/Llama-3.2-1B,your_answer_here,0.85,0,True,1.0784987062215805
1694,gsm8k,numeric,meta-llama/Llama-3.2-1B,your_answer_here,0.85,0,True,1.0784987062215805
1695,boolq,boolean,meta-llama/Llama-3.2-1B,your_answer_here,0.85,0,True,1.0784987062215805
1696,boolq,boolean,meta-llama/Llama-3.2-1B,your_answer_here,0.85,0,True,1.0385953783988953
1697,truthfulqa,text,meta-llama/Llama-3.2-1B,your_answer_here,0.85,0,True,1.0385953783988953
1698,boolq,boolean,meta-llama/Llama-3.2-1B,your_answer_here,0.85,0,True,1.0385953783988953
1699,truthfulqa,text,meta-llama/Llama-3.2-1B,your_answer_here,0.85,0,True,1.0385953783988953
1700,boolq,boolean,meta-llama/Llama-3.2-1B,your_answer_here,0.85,0,True,1.0385953783988953
1701,boolq,boolean,meta-llama/Llama-3.2-1B,false,0.85,0,True,1.0385953783988953
1702,truthfulqa,text,meta-llama/Llama-3.2-1B,your_answer_here,0.85,0,True,1.0385953783988953
1703,commonsenseqa,text,meta-llama/Llama-3.2-1B,your_answer_here,0.85,0,True,1.0385953783988953
1704,commonsenseqa,text,meta-llama/Llama-3.2-1B,your_answer_here,0.85,0,True,1.0385953783988953
1705,commonsenseqa,text,meta-llama/Llama-3.2-1B,your_answer_here,0.85,0,True,1.0385953783988953
1706,gsm8k,numeric,meta-llama/Llama-3.2-1B,your_answer_here,0.85,0,True,1.0385953783988953
1707,truthfulqa,text,meta-llama/Llama-3.2-1B,your_answer_here,0.85,0,True,1.0385953783988953
1708,truthfulqa,text,meta-llama/Llama-3.2-1B,your_answer_here,0.85,0,True,1.0385953783988953
1709,truthfulqa,text,meta-llama/Llama-3.2-1B,your_answer_here,0.85,0,True,1.0385953783988953
1710,gsm8k,numeric,meta-llama/Llama-3.2-1B,your_answer_here,0.85,0,True,1.0385953783988953
1711,gsm8k,numeric,meta-llama/Llama-3.2-1B,your_answer_here,0.85,0,True,1.0385953783988953
1712,boolq,boolean,meta-llama/Llama-3.2-1B,false,0.95,0,True,1.447129487991333
1713,gsm8k,numeric,meta-llama/Llama-3.2-1B,your_answer_here,0.85,0,True,1.447129487991333
1714,truthfulqa,text,meta-llama/Llama-3.2-1B,your_answer_here,0.85,0,True,1.447129487991333
1715,boolq,boolean,meta-llama/Llama-3.2-1B,true,0.85,1,True,1.447129487991333
1716,boolq,boolean,meta-llama/Llama-3.2-1B,your_answer_here,0.85,0,True,1.447129487991333
1717,boolq,boolean,meta-llama/Llama-3.2-1B,your_answer_here,0.85,0,True,1.447129487991333
1718,commonsenseqa,text,meta-llama/Llama-3.2-1B,your_answer_here,0.85,0,True,1.447129487991333
1719,boolq,boolean,meta-llama/Llama-3.2-1B,your_answer_here,0.85,0,True,1.447129487991333
1720,boolq,boolean,meta-llama/Llama-3.2-1B,your_answer_here,0.85,0,True,1.447129487991333
1721,boolq,boolean,meta-llama/Llama-3.2-1B,your_answer_here,0.85,0,True,1.447129487991333
1722,commonsenseqa,text,meta-llama/Llama-3.2-1B,your_answer_here,0.85,0,True,1.447129487991333
1723,gsm8k,numeric,meta-llama/Llama-3.2-1B,your_answer_here,0.85,0,True,1.447129487991333
1724,gsm8k,numeric,meta-llama/Llama-3.2-1B,your_answer_here,0.85,0,True,1.447129487991333
1725,commonsenseqa,text,meta-llama/Llama-3.2-1B,ficus,0.85,0,True,1.447129487991333
1726,boolq,boolean,meta-llama/Llama-3.2-1B,your_answer_here,0.85,0,True,1.447129487991333
1727,boolq,boolean,meta-llama/Llama-3.2-1B,your_answer_here,0.85,0,True,1.447129487991333
1728,truthfulqa,text,meta-llama/Llama-3.2-1B,your_answer_here,0.85,0,True,1.0897913724184036
1729,gsm8k,numeric,meta-llama/Llama-3.2-1B,your_answer_here,0.85,0,True,1.0897913724184036
1730,gsm8k,numeric,meta-llama/Llama-3.2-1B,your_answer_here,0.85,0,True,1.0897913724184036
1731,gsm8k,numeric,meta-llama/Llama-3.2-1B,your_answer_here,0.85,0,True,1.0897913724184036
1732,boolq,boolean,meta-llama/Llama-3.2-1B,true,0.85,1,True,1.0897913724184036
1733,boolq,boolean,meta-llama/Llama-3.2-1B,true,0.85,0,True,1.0897913724184036
1734,boolq,boolean,meta-llama/Llama-3.2-1B,your_answer_here,0.85,0,True,1.0897913724184036
1735,boolq,boolean,meta-llama/Llama-3.2-1B,your_answer_here,0.85,0,True,1.0897913724184036
1736,boolq,boolean,meta-llama/Llama-3.2-1B,your_answer_here,0.85,0,True,1.0897913724184036
1737,gsm8k,numeric,meta-llama/Llama-3.2-1B,your_answer_here,0.85,0,True,1.0897913724184036
1738,commonsenseqa,text,meta-llama/Llama-3.2-1B,your_answer_here,0.85,0,True,1.0897913724184036
1739,gsm8k,numeric,meta-llama/Llama-3.2-1B,your_answer_here,0.85,0,True,1.0897913724184036
1740,boolq,boolean,meta-llama/Llama-3.2-1B,your_answer_here,0.85,0,True,1.0897913724184036
1741,boolq,boolean,meta-llama/Llama-3.2-1B,your_answer_here,0.85,0,True,1.0897913724184036
1742,boolq,boolean,meta-llama/Llama-3.2-1B,your_answer_here,0.85,0,True,1.0897913724184036
1743,boolq,boolean,meta-llama/Llama-3.2-1B,your_answer_here,0.85,0,True,1.0897913724184036
1744,commonsenseqa,text,meta-llama/Llama-3.2-1B,your_answer_here,0.85,0,True,1.1452715247869492
1745,commonsenseqa,text,meta-llama/Llama-3.2-1B,your_answer_here,0.85,0,True,1.1452715247869492
1746,commonsenseqa,text,meta-llama/Llama-3.2-1B,your_answer_here,0.85,0,True,1.1452715247869492
1747,truthfulqa,text,meta-llama/Llama-3.2-1B,your_answer_here,0.85,0,True,1.1452715247869492
1748,commonsenseqa,text,meta-llama/Llama-3.2-1B,your_answer_here,0.85,0,True,1.1452715247869492
1749,boolq,boolean,meta-llama/Llama-3.2-1B,true,0.85,0,True,1.1452715247869492
1750,boolq,boolean,meta-llama/Llama-3.2-1B,your_answer_here,0.85,0,True,1.1452715247869492
1751,boolq,boolean,meta-llama/Llama-3.2-1B,your_answer_here,0.85,0,True,1.1452715247869492
1752,commonsenseqa,text,meta-llama/Llama-3.2-1B,your_answer_here,0.85,0,True,1.1452715247869492
1753,commonsenseqa,text,meta-llama/Llama-3.2-1B,your_answer_here,0.85,0,True,1.1452715247869492
1754,boolq,boolean,meta-llama/Llama-3.2-1B,your_answer_here,0.85,0,True,1.1452715247869492
1755,commonsenseqa,text,meta-llama/Llama-3.2-1B,your_answer_here,0.85,0,True,1.1452715247869492
1756,truthfulqa,text,meta-llama/Llama-3.2-1B,your_answer_here,0.85,0,True,1.1452715247869492
1757,gsm8k,numeric,meta-llama/Llama-3.2-1B,your_answer_here,0.85,0,True,1.1452715247869492
1758,boolq,boolean,meta-llama/Llama-3.2-1B,your_answer_here,0.85,0,True,1.1452715247869492
1759,commonsenseqa,text,meta-llama/Llama-3.2-1B,your_answer_here,0.85,0,True,1.1452715247869492
1760,commonsenseqa,text,meta-llama/Llama-3.2-1B,your_answer_here,0.85,0,True,1.0451985001564026
1761,truthfulqa,text,meta-llama/Llama-3.2-1B,your_answer_here,0.85,0,True,1.0451985001564026
1762,truthfulqa,text,meta-llama/Llama-3.2-1B,your_answer_here,0.85,0,True,1.0451985001564026
1763,boolq,boolean,meta-llama/Llama-3.2-1B,your_answer_here,1.0,0,True,1.0451985001564026
1764,commonsenseqa,text,meta-llama/Llama-3.2-1B,your_answer_here,0.85,0,True,1.0451985001564026
1765,boolq,boolean,meta-llama/Llama-3.2-1B,false,0.85,0,True,1.0451985001564026
1766,commonsenseqa,text,meta-llama/Llama-3.2-1B,your_answer_here,0.85,0,True,1.0451985001564026
1767,boolq,boolean,meta-llama/Llama-3.2-1B,your_answer_here,0.85,0,True,1.0451985001564026
1768,gsm8k,numeric,meta-llama/Llama-3.2-1B,your_answer_here,0.85,0,True,1.0451985001564026
1769,boolq,boolean,meta-llama/Llama-3.2-1B,true,0.85,1,True,1.0451985001564026
1770,commonsenseqa,text,meta-llama/Llama-3.2-1B,your_answer_here,0.85,0,True,1.0451985001564026
1771,boolq,boolean,meta-llama/Llama-3.2-1B,your_answer_here,0.85,0,True,1.0451985001564026
1772,boolq,boolean,meta-llama/Llama-3.2-1B,your_answer_here,0.85,0,True,1.0451985001564026
1773,commonsenseqa,text,meta-llama/Llama-3.2-1B,your_answer_here,0.85,0,True,1.0451985001564026
1774,boolq,boolean,meta-llama/Llama-3.2-1B,your_answer_here,0.85,0,True,1.0451985001564026
1775,boolq,boolean,meta-llama/Llama-3.2-1B,your_answer_here,0.85,0,True,1.0451985001564026
1776,boolq,boolean,meta-llama/Llama-3.2-1B,your_answer_here,0.85,0,True,0.9969480782747269
1777,commonsenseqa,text,meta-llama/Llama-3.2-1B,your_answer_here,0.85,0,True,0.9969480782747269
1778,boolq,boolean,meta-llama/Llama-3.2-1B,your_answer_here,0.85,0,True,0.9969480782747269
1779,boolq,boolean,meta-llama/Llama-3.2-1B,your_answer_here,0.85,0,True,0.9969480782747269
1780,gsm8k,numeric,meta-llama/Llama-3.2-1B,your_answer_here,0.85,0,True,0.9969480782747269
1781,commonsenseqa,text,meta-llama/Llama-3.2-1B,your_answer_here,0.85,0,True,0.9969480782747269
1782,gsm8k,numeric,meta-llama/Llama-3.2-1B,your_answer_here,0.85,0,True,0.9969480782747269
1783,boolq,boolean,meta-llama/Llama-3.2-1B,your_answer_here,0.85,0,True,0.9969480782747269
1784,boolq,boolean,meta-llama/Llama-3.2-1B,your_answer_here,1.0,0,True,0.9969480782747269
1785,boolq,boolean,meta-llama/Llama-3.2-1B,true,0.85,0,True,0.9969480782747269
1786,gsm8k,numeric,meta-llama/Llama-3.2-1B,your_answer_here,0.85,0,True,0.9969480782747269
1787,boolq,boolean,meta-llama/Llama-3.2-1B,your_answer_here,0.85,0,True,0.9969480782747269
1788,truthfulqa,text,meta-llama/Llama-3.2-1B,your_answer_here,0.85,0,True,0.9969480782747269
1789,boolq,boolean,meta-llama/Llama-3.2-1B,your_answer_here,1.0,0,True,0.9969480782747269
1790,commonsenseqa,text,meta-llama/Llama-3.2-1B,E,0.85,1,True,0.9969480782747269
1791,commonsenseqa,text,meta-llama/Llama-3.2-1B,your_answer_here,0.85,0,True,0.9969480782747269
1792,commonsenseqa,text,meta-llama/Llama-3.2-1B,your_answer_here,0.85,0,True,1.0809743404388428
1793,boolq,boolean,meta-llama/Llama-3.2-1B,your_answer_here,0.85,0,True,1.0809743404388428
1794,commonsenseqa,text,meta-llama/Llama-3.2-1B,D,0.85,0,True,1.0809743404388428
1795,commonsenseqa,text,meta-llama/Llama-3.2-1B,your_answer_here,0.85,0,True,1.0809743404388428
1796,boolq,boolean,meta-llama/Llama-3.2-1B,your_answer_here,0.85,0,True,1.0809743404388428
1797,truthfulqa,text,meta-llama/Llama-3.2-1B,your_answer_here,0.85,0,True,1.0809743404388428
1798,boolq,boolean,meta-llama/Llama-3.2-1B,your_answer_here,0.85,0,True,1.0809743404388428
1799,boolq,boolean,meta-llama/Llama-3.2-1B,your_answer_here,0.85,0,True,1.0809743404388428
1800,boolq,boolean,meta-llama/Llama-3.2-1B,false,0.15,0,True,1.0809743404388428
1801,boolq,boolean,meta-llama/Llama-3.2-1B,your_answer_here,0.85,0,True,1.0809743404388428
1802,boolq,boolean,meta-llama/Llama-3.2-1B,your_answer_here,0.85,0,True,1.0809743404388428
1803,boolq,boolean,meta-llama/Llama-3.2-1B,your_answer_here,0.85,0,True,1.0809743404388428
1804,boolq,boolean,meta-llama/Llama-3.2-1B,your_answer_here,0.85,0,True,1.0809743404388428
1805,boolq,boolean,meta-llama/Llama-3.2-1B,your_answer_here,0.85,0,True,1.0809743404388428
1806,boolq,boolean,meta-llama/Llama-3.2-1B,your_answer_here,0.85,0,True,1.0809743404388428
1807,truthfulqa,text,meta-llama/Llama-3.2-1B,your_answer_here,0.85,0,True,1.0809743404388428
1808,boolq,boolean,meta-llama/Llama-3.2-1B,true,0.95,1,True,1.045414000749588
1809,gsm8k,numeric,meta-llama/Llama-3.2-1B,your_answer_here,0.85,0,True,1.045414000749588
1810,gsm8k,numeric,meta-llama/Llama-3.2-1B,your_answer_here,0.85,0,True,1.045414000749588
1811,commonsenseqa,text,meta-llama/Llama-3.2-1B,your_answer_here,0.85,0,True,1.045414000749588
1812,gsm8k,numeric,meta-llama/Llama-3.2-1B,your_answer_here,0.85,0,True,1.045414000749588
1813,truthfulqa,text,meta-llama/Llama-3.2-1B,your_answer_here,0.85,0,True,1.045414000749588
1814,gsm8k,numeric,meta-llama/Llama-3.2-1B,your_answer_here,0.85,0,True,1.045414000749588
1815,commonsenseqa,text,meta-llama/Llama-3.2-1B,D,0.85,1,True,1.045414000749588
1816,gsm8k,numeric,meta-llama/Llama-3.2-1B,27,0.85,1,True,1.045414000749588
1817,commonsenseqa,text,meta-llama/Llama-3.2-1B,your_answer_here,0.85,0,True,1.045414000749588
1818,truthfulqa,text,meta-llama/Llama-3.2-1B,your_answer_here,0.85,0,True,1.045414000749588
1819,gsm8k,numeric,meta-llama/Llama-3.2-1B,your_answer_here,0.85,0,True,1.045414000749588
1820,boolq,boolean,meta-llama/Llama-3.2-1B,your_answer_here,0.85,0,True,1.045414000749588
1821,boolq,boolean,meta-llama/Llama-3.2-1B,your_answer_here,0.85,0,True,1.045414000749588
1822,boolq,boolean,meta-llama/Llama-3.2-1B,your_answer_here,0.85,0,True,1.045414000749588
1823,commonsenseqa,text,meta-llama/Llama-3.2-1B,your_answer_here,0.85,0,True,1.045414000749588
1824,gsm8k,numeric,meta-llama/Llama-3.2-1B,your_answer_here,0.85,0,True,1.0433409065008163
1825,commonsenseqa,text,meta-llama/Llama-3.2-1B,your_answer_here,0.85,0,True,1.0433409065008163
1826,gsm8k,numeric,meta-llama/Llama-3.2-1B,your_answer_here,0.85,0,True,1.0433409065008163
1827,truthfulqa,text,meta-llama/Llama-3.2-1B,your_answer_here,0.85,0,True,1.0433409065008163
1828,boolq,boolean,meta-llama/Llama-3.2-1B,your_answer_here,0.85,0,True,1.0433409065008163
1829,boolq,boolean,meta-llama/Llama-3.2-1B,your_answer_here,0.85,0,True,1.0433409065008163
1830,commonsenseqa,text,meta-llama/Llama-3.2-1B,your_answer_here,0.85,0,True,1.0433409065008163
1831,truthfulqa,text,meta-llama/Llama-3.2-1B,The Great Gatsby,0.85,0,True,1.0433409065008163
1832,boolq,boolean,meta-llama/Llama-3.2-1B,your_answer_here,0.85,0,True,1.0433409065008163
1833,gsm8k,numeric,meta-llama/Llama-3.2-1B,3,0.85,1,True,1.0433409065008163
1834,truthfulqa,text,meta-llama/Llama-3.2-1B,your_answer_here,0.85,0,True,1.0433409065008163
1835,boolq,boolean,meta-llama/Llama-3.2-1B,true,0.85,1,True,1.0433409065008163
1836,boolq,boolean,meta-llama/Llama-3.2-1B,your_answer_here,0.95,0,True,1.0433409065008163
1837,gsm8k,numeric,meta-llama/Llama-3.2-1B,your_answer_here,0.85,0,True,1.0433409065008163
1838,commonsenseqa,text,meta-llama/Llama-3.2-1B,your_answer_here,0.85,0,True,1.0433409065008163
1839,commonsenseqa,text,meta-llama/Llama-3.2-1B,your_answer_here,0.85,0,True,1.0433409065008163
1840,boolq,boolean,meta-llama/Llama-3.2-1B,true,0.85,1,True,1.2116215229034424
1841,truthfulqa,text,meta-llama/Llama-3.2-1B,your_answer_here,0.85,0,True,1.2116215229034424
1842,gsm8k,numeric,meta-llama/Llama-3.2-1B,your_answer_here,0.85,0,True,1.2116215229034424
1843,boolq,boolean,meta-llama/Llama-3.2-1B,your_answer_here,0.85,0,True,1.2116215229034424
1844,commonsenseqa,text,meta-llama/Llama-3.2-1B,your_answer_here,0.85,0,True,1.2116215229034424
1845,boolq,boolean,meta-llama/Llama-3.2-1B,your_answer_here,0.85,0,True,1.2116215229034424
1846,boolq,boolean,meta-llama/Llama-3.2-1B,your_answer_here,0.85,0,True,1.2116215229034424
1847,truthfulqa,text,meta-llama/Llama-3.2-1B,your_answer_here,0.85,0,True,1.2116215229034424
1848,truthfulqa,text,meta-llama/Llama-3.2-1B,your_answer_here,0.85,0,True,1.2116215229034424
1849,gsm8k,numeric,meta-llama/Llama-3.2-1B,your_answer_here,0.85,0,True,1.2116215229034424
1850,commonsenseqa,text,meta-llama/Llama-3.2-1B,your_answer_here,0.85,0,True,1.2116215229034424
1851,boolq,boolean,meta-llama/Llama-3.2-1B,false,0.85,1,True,1.2116215229034424
1852,boolq,boolean,meta-llama/Llama-3.2-1B,your_answer_here,0.85,0,True,1.2116215229034424
1853,boolq,boolean,meta-llama/Llama-3.2-1B,your_answer_here,0.85,0,True,1.2116215229034424
1854,commonsenseqa,text,meta-llama/Llama-3.2-1B,your_answer_here,0.85,0,True,1.2116215229034424
1855,commonsenseqa,text,meta-llama/Llama-3.2-1B,D,0.85,0,True,1.2116215229034424
1856,boolq,boolean,meta-llama/Llama-3.2-1B,false,0.85,1,True,1.1639649122953415
1857,commonsenseqa,text,meta-llama/Llama-3.2-1B,your_answer_here,0.85,0,True,1.1639649122953415
1858,boolq,boolean,meta-llama/Llama-3.2-1B,your_answer_here,0.85,0,True,1.1639649122953415
1859,commonsenseqa,text,meta-llama/Llama-3.2-1B,your_answer_here,0.85,0,True,1.1639649122953415
1860,gsm8k,numeric,meta-llama/Llama-3.2-1B,your_answer_here,0.85,0,True,1.1639649122953415
1861,commonsenseqa,text,meta-llama/Llama-3.2-1B,your_answer_here,0.85,0,True,1.1639649122953415
1862,commonsenseqa,text,meta-llama/Llama-3.2-1B,your_answer_here,0.85,0,True,1.1639649122953415
1863,truthfulqa,text,meta-llama/Llama-3.2-1B,your_answer_here,0.85,0,True,1.1639649122953415
1864,gsm8k,numeric,meta-llama/Llama-3.2-1B,your_answer_here,0.85,0,True,1.1639649122953415
1865,gsm8k,numeric,meta-llama/Llama-3.2-1B,40,0.85,1,True,1.1639649122953415
1866,commonsenseqa,text,meta-llama/Llama-3.2-1B,your_answer_here,0.85,0,True,1.1639649122953415
1867,commonsenseqa,text,meta-llama/Llama-3.2-1B,your_answer_here,0.85,0,True,1.1639649122953415
1868,boolq,boolean,meta-llama/Llama-3.2-1B,your_answer_here,0.85,0,True,1.1639649122953415
1869,commonsenseqa,text,meta-llama/Llama-3.2-1B,your_answer_here,0.85,0,True,1.1639649122953415
1870,boolq,boolean,meta-llama/Llama-3.2-1B,your_answer_here,0.85,0,True,1.1639649122953415
1871,boolq,boolean,meta-llama/Llama-3.2-1B,your_answer_here,0.85,0,True,1.1639649122953415
1872,gsm8k,numeric,meta-llama/Llama-3.2-1B,your_answer_here,0.85,0,True,1.091823011636734
1873,commonsenseqa,text,meta-llama/Llama-3.2-1B,your_answer_here,0.85,0,True,1.091823011636734
1874,truthfulqa,text,meta-llama/Llama-3.2-1B,your_answer_here,0.85,0,True,1.091823011636734
1875,boolq,boolean,meta-llama/Llama-3.2-1B,your_answer_here,0.85,0,True,1.091823011636734
1876,boolq,boolean,meta-llama/Llama-3.2-1B,your_answer_here,0.85,0,True,1.091823011636734
1877,gsm8k,numeric,meta-llama/Llama-3.2-1B,your_answer_here,0.85,0,True,1.091823011636734
1878,gsm8k,numeric,meta-llama/Llama-3.2-1B,your_answer_here,0.85,0,True,1.091823011636734
1879,gsm8k,numeric,meta-llama/Llama-3.2-1B,your_answer_here,0.85,0,True,1.091823011636734
1880,truthfulqa,text,meta-llama/Llama-3.2-1B,0.0,0.85,0,True,1.091823011636734
1881,boolq,boolean,meta-llama/Llama-3.2-1B,your_answer_here,0.85,0,True,1.091823011636734
1882,truthfulqa,text,meta-llama/Llama-3.2-1B,your_answer_here,0.85,0,True,1.091823011636734
1883,gsm8k,numeric,meta-llama/Llama-3.2-1B,your_answer_here,0.85,0,True,1.091823011636734
1884,gsm8k,numeric,meta-llama/Llama-3.2-1B,your_answer_here,0.85,0,True,1.091823011636734
1885,gsm8k,numeric,meta-llama/Llama-3.2-1B,your_answer_here,0.85,0,True,1.091823011636734
1886,boolq,boolean,meta-llama/Llama-3.2-1B,your_answer_here,0.85,0,True,1.091823011636734
1887,boolq,boolean,meta-llama/Llama-3.2-1B,your_answer_here,0.85,0,True,1.091823011636734
1888,gsm8k,numeric,meta-llama/Llama-3.2-1B,your_answer_here,0.85,0,True,1.0390357226133347
1889,commonsenseqa,text,meta-llama/Llama-3.2-1B,your_answer_here,0.85,0,True,1.0390357226133347
1890,commonsenseqa,text,meta-llama/Llama-3.2-1B,your_answer_here,0.85,0,True,1.0390357226133347
1891,commonsenseqa,text,meta-llama/Llama-3.2-1B,your_answer_here,0.85,0,True,1.0390357226133347
1892,commonsenseqa,text,meta-llama/Llama-3.2-1B,your_answer_here,0.85,0,True,1.0390357226133347
1893,commonsenseqa,text,meta-llama/Llama-3.2-1B,your_answer_here,0.85,0,True,1.0390357226133347
1894,truthfulqa,text,meta-llama/Llama-3.2-1B,your_answer_here,0.85,0,True,1.0390357226133347
1895,commonsenseqa,text,meta-llama/Llama-3.2-1B,your_answer_here,0.85,0,True,1.0390357226133347
1896,boolq,boolean,meta-llama/Llama-3.2-1B,your_answer_here,0.95,0,True,1.0390357226133347
1897,gsm8k,numeric,meta-llama/Llama-3.2-1B,your_answer_here,0.85,0,True,1.0390357226133347
1898,truthfulqa,text,meta-llama/Llama-3.2-1B,your_answer_here,0.85,0,True,1.0390357226133347
1899,truthfulqa,text,meta-llama/Llama-3.2-1B,your_answer_here,0.85,0,True,1.0390357226133347
1900,gsm8k,numeric,meta-llama/Llama-3.2-1B,your_answer_here,0.85,0,True,1.0390357226133347
1901,boolq,boolean,meta-llama/Llama-3.2-1B,your_answer_here,0.85,0,True,1.0390357226133347
1902,boolq,boolean,meta-llama/Llama-3.2-1B,true,0.85,0,True,1.0390357226133347
1903,gsm8k,numeric,meta-llama/Llama-3.2-1B,your_answer_here,0.85,0,True,1.0390357226133347
1904,commonsenseqa,text,meta-llama/Llama-3.2-1B,your_answer_here,0.85,0,True,1.218385562300682
1905,boolq,boolean,meta-llama/Llama-3.2-1B,your_answer_here,0.85,0,True,1.218385562300682
1906,boolq,boolean,meta-llama/Llama-3.2-1B,your_answer_here,0.85,0,True,1.218385562300682
1907,truthfulqa,text,meta-llama/Llama-3.2-1B,your_answer_here,0.85,0,True,1.218385562300682
1908,boolq,boolean,meta-llama/Llama-3.2-1B,your_answer_here,0.85,0,True,1.218385562300682
1909,gsm8k,numeric,meta-llama/Llama-3.2-1B,10,0.85,0,True,1.218385562300682
1910,commonsenseqa,text,meta-llama/Llama-3.2-1B,your_answer_here,0.85,0,True,1.218385562300682
1911,gsm8k,numeric,meta-llama/Llama-3.2-1B,your_answer_here,0.85,0,True,1.218385562300682
1912,boolq,boolean,meta-llama/Llama-3.2-1B,your_answer_here,0.85,0,True,1.218385562300682
1913,commonsenseqa,text,meta-llama/Llama-3.2-1B,your_answer_here,0.85,0,True,1.218385562300682
1914,gsm8k,numeric,meta-llama/Llama-3.2-1B,your_answer_here,0.85,0,True,1.218385562300682
1915,gsm8k,numeric,meta-llama/Llama-3.2-1B,your_answer_here,0.85,0,True,1.218385562300682
1916,boolq,boolean,meta-llama/Llama-3.2-1B,your_answer_here,0.85,0,True,1.218385562300682
1917,boolq,boolean,meta-llama/Llama-3.2-1B,jpmorgan chase the same as chase bank,0.85,0,True,1.218385562300682
1918,commonsenseqa,text,meta-llama/Llama-3.2-1B,your_answer_here,0.85,0,True,1.218385562300682
1919,gsm8k,numeric,meta-llama/Llama-3.2-1B,your_answer_here,0.85,0,True,1.218385562300682
1920,boolq,boolean,meta-llama/Llama-3.2-1B,your_answer_here,0.85,0,True,1.1405903697013855
1921,boolq,boolean,meta-llama/Llama-3.2-1B,your_answer_here,0.85,0,True,1.1405903697013855
1922,commonsenseqa,text,meta-llama/Llama-3.2-1B,your_answer_here,0.85,0,True,1.1405903697013855
1923,commonsenseqa,text,meta-llama/Llama-3.2-1B,your_answer_here,0.85,0,True,1.1405903697013855
1924,boolq,boolean,meta-llama/Llama-3.2-1B,false,0.85,0,True,1.1405903697013855
1925,boolq,boolean,meta-llama/Llama-3.2-1B,your_answer_here,0.85,0,True,1.1405903697013855
1926,gsm8k,numeric,meta-llama/Llama-3.2-1B,your_answer_here,0.85,0,True,1.1405903697013855
1927,truthfulqa,text,meta-llama/Llama-3.2-1B,your_answer_here,0.85,0,True,1.1405903697013855
1928,boolq,boolean,meta-llama/Llama-3.2-1B,your_answer_here,0.85,0,True,1.1405903697013855
1929,truthfulqa,text,meta-llama/Llama-3.2-1B,your_answer_here,0.85,0,True,1.1405903697013855
1930,gsm8k,numeric,meta-llama/Llama-3.2-1B,your_answer_here,0.85,0,True,1.1405903697013855
1931,commonsenseqa,text,meta-llama/Llama-3.2-1B,your_answer_here,0.85,0,True,1.1405903697013855
1932,truthfulqa,text,meta-llama/Llama-3.2-1B,unknown,0.85,0,True,1.1405903697013855
1933,truthfulqa,text,meta-llama/Llama-3.2-1B,your_answer_here,0.85,0,True,1.1405903697013855
1934,commonsenseqa,text,meta-llama/Llama-3.2-1B,your_answer_here,0.85,0,True,1.1405903697013855
1935,gsm8k,numeric,meta-llama/Llama-3.2-1B,your_answer_here,0.85,0,True,1.1405903697013855
1936,boolq,boolean,meta-llama/Llama-3.2-1B,your_answer_here,1.0,0,True,1.0890407115221024
1937,boolq,boolean,meta-llama/Llama-3.2-1B,false,0.85,1,True,1.0890407115221024
1938,commonsenseqa,text,meta-llama/Llama-3.2-1B,your_answer_here,0.85,0,True,1.0890407115221024
1939,gsm8k,numeric,meta-llama/Llama-3.2-1B,your_answer_here,0.85,0,True,1.0890407115221024
1940,boolq,boolean,meta-llama/Llama-3.2-1B,your_answer_here,0.95,0,True,1.0890407115221024
1941,boolq,boolean,meta-llama/Llama-3.2-1B,your_answer_here,0.85,0,True,1.0890407115221024
1942,boolq,boolean,meta-llama/Llama-3.2-1B,your_answer_here,0.85,0,True,1.0890407115221024
1943,gsm8k,numeric,meta-llama/Llama-3.2-1B,your_answer_here,0.85,0,True,1.0890407115221024
1944,commonsenseqa,text,meta-llama/Llama-3.2-1B,your_answer_here,0.85,0,True,1.0890407115221024
1945,gsm8k,numeric,meta-llama/Llama-3.2-1B,your_answer_here,0.85,0,True,1.0890407115221024
1946,commonsenseqa,text,meta-llama/Llama-3.2-1B,your_answer_here,0.85,0,True,1.0890407115221024
1947,boolq,boolean,meta-llama/Llama-3.2-1B,your_answer_here,0.85,0,True,1.0890407115221024
1948,boolq,boolean,meta-llama/Llama-3.2-1B,your_answer_here,0.85,0,True,1.0890407115221024
1949,truthfulqa,text,meta-llama/Llama-3.2-1B,your_answer_here,0.85,0,True,1.0890407115221024
1950,commonsenseqa,text,meta-llama/Llama-3.2-1B,your_answer_here,0.85,0,True,1.0890407115221024
1951,boolq,boolean,meta-llama/Llama-3.2-1B,your_answer_here,1.0,0,True,1.0890407115221024
1952,gsm8k,numeric,meta-llama/Llama-3.2-1B,your_answer_here,0.85,0,True,1.4089427292346954
1953,boolq,boolean,meta-llama/Llama-3.2-1B,your_answer_here,0.85,0,True,1.4089427292346954
1954,boolq,boolean,meta-llama/Llama-3.2-1B,your_answer_here,0.85,0,True,1.4089427292346954
1955,boolq,boolean,meta-llama/Llama-3.2-1B,your_answer_here,0.85,0,True,1.4089427292346954
1956,commonsenseqa,text,meta-llama/Llama-3.2-1B,your_answer_here,0.85,0,True,1.4089427292346954
1957,gsm8k,numeric,meta-llama/Llama-3.2-1B,your_answer_here,0.85,0,True,1.4089427292346954
1958,boolq,boolean,meta-llama/Llama-3.2-1B,your_answer_here,0.85,0,True,1.4089427292346954
1959,truthfulqa,text,meta-llama/Llama-3.2-1B,your_answer_here,0.85,0,True,1.4089427292346954
1960,boolq,boolean,meta-llama/Llama-3.2-1B,false,0.85,1,True,1.4089427292346954
1961,commonsenseqa,text,meta-llama/Llama-3.2-1B,your_answer_here,0.85,0,True,1.4089427292346954
1962,commonsenseqa,text,meta-llama/Llama-3.2-1B,your_answer_here,0.85,0,True,1.4089427292346954
1963,truthfulqa,text,meta-llama/Llama-3.2-1B,your_answer_here,0.85,0,True,1.4089427292346954
1964,commonsenseqa,text,meta-llama/Llama-3.2-1B,your_answer_here,0.85,0,True,1.4089427292346954
1965,commonsenseqa,text,meta-llama/Llama-3.2-1B,your_answer_here,0.85,0,True,1.4089427292346954
1966,boolq,boolean,meta-llama/Llama-3.2-1B,your_answer_here,0.85,0,True,1.4089427292346954
1967,boolq,boolean,meta-llama/Llama-3.2-1B,your_answer_here,0.85,0,True,1.4089427292346954
1968,boolq,boolean,meta-llama/Llama-3.2-1B,false,0.85,1,True,0.9249424785375595
1969,boolq,boolean,meta-llama/Llama-3.2-1B,your_answer_here,1.0,0,True,0.9249424785375595
1970,commonsenseqa,text,meta-llama/Llama-3.2-1B,the television,0.85,0,True,0.9249424785375595
1971,truthfulqa,text,meta-llama/Llama-3.2-1B,your_answer_here,1.0,0,True,0.9249424785375595
1972,boolq,boolean,meta-llama/Llama-3.2-1B,your_answer_here,0.85,0,True,0.9249424785375595
1973,gsm8k,numeric,meta-llama/Llama-3.2-1B,your_answer_here,0.85,0,True,0.9249424785375595
1974,commonsenseqa,text,meta-llama/Llama-3.2-1B,your_answer_here,0.85,0,True,0.9249424785375595
1975,boolq,boolean,meta-llama/Llama-3.2-1B,your_answer_here,0.85,0,True,0.9249424785375595
1976,commonsenseqa,text,meta-llama/Llama-3.2-1B,your_answer_here,0.85,0,True,0.9249424785375595
1977,truthfulqa,text,meta-llama/Llama-3.2-1B,your_answer_here,0.85,0,True,0.9249424785375595
1978,commonsenseqa,text,meta-llama/Llama-3.2-1B,your_answer_here,0.85,0,True,0.9249424785375595
1979,boolq,boolean,meta-llama/Llama-3.2-1B,your_answer_here,0.85,0,True,0.9249424785375595
1980,commonsenseqa,text,meta-llama/Llama-3.2-1B,your_answer_here,0.85,0,True,0.9249424785375595
1981,boolq,boolean,meta-llama/Llama-3.2-1B,your_answer_here,0.85,0,True,0.9249424785375595
1982,boolq,boolean,meta-llama/Llama-3.2-1B,false,0.85,0,True,0.9249424785375595
1983,boolq,boolean,meta-llama/Llama-3.2-1B,your_answer_here,0.85,0,True,0.9249424785375595
1984,truthfulqa,text,meta-llama/Llama-3.2-1B,your_answer_here,0.85,0,True,0.9458156675100327
1985,commonsenseqa,text,meta-llama/Llama-3.2-1B,your_answer_here,0.85,0,True,0.9458156675100327
1986,commonsenseqa,text,meta-llama/Llama-3.2-1B,your_answer_here,0.85,0,True,0.9458156675100327
1987,boolq,boolean,meta-llama/Llama-3.2-1B,your_answer_here,0.85,0,True,0.9458156675100327
1988,boolq,boolean,meta-llama/Llama-3.2-1B,your_answer_here,0.85,0,True,0.9458156675100327
1989,boolq,boolean,meta-llama/Llama-3.2-1B,your_answer_here,0.85,0,True,0.9458156675100327
1990,commonsenseqa,text,meta-llama/Llama-3.2-1B,your_answer_here,0.85,0,True,0.9458156675100327
1991,gsm8k,numeric,meta-llama/Llama-3.2-1B,your_answer_here,0.85,0,True,0.9458156675100327
1992,truthfulqa,text,meta-llama/Llama-3.2-1B,your_answer_here,0.85,0,True,0.9458156675100327
1993,boolq,boolean,meta-llama/Llama-3.2-1B,your_answer_here,0.85,0,True,0.9458156675100327
1994,truthfulqa,text,meta-llama/Llama-3.2-1B,your_answer_here,0.85,0,True,0.9458156675100327
1995,commonsenseqa,text,meta-llama/Llama-3.2-1B,your_answer_here,0.85,0,True,0.9458156675100327
1996,gsm8k,numeric,meta-llama/Llama-3.2-1B,your_answer_here,0.85,0,True,0.9458156675100327
1997,commonsenseqa,text,meta-llama/Llama-3.2-1B,your_answer_here,0.85,0,True,0.9458156675100327
1998,gsm8k,numeric,meta-llama/Llama-3.2-1B,your_answer_here,0.85,0,True,0.9458156675100327
1999,gsm8k,numeric,meta-llama/Llama-3.2-1B,110,0.85,1,True,0.9458156675100327
2000,truthfulqa,text,meta-llama/Llama-3.2-1B,your_answer_here,0.85,0,True,1.1505600959062576
2001,commonsenseqa,text,meta-llama/Llama-3.2-1B,your_answer_here,0.85,0,True,1.1505600959062576
2002,truthfulqa,text,meta-llama/Llama-3.2-1B,your_answer_here,0.85,0,True,1.1505600959062576
2003,gsm8k,numeric,meta-llama/Llama-3.2-1B,3,0.85,0,True,1.1505600959062576
2004,boolq,boolean,meta-llama/Llama-3.2-1B,your_answer_here,0.85,0,True,1.1505600959062576
2005,boolq,boolean,meta-llama/Llama-3.2-1B,false,0.85,1,True,1.1505600959062576
2006,boolq,boolean,meta-llama/Llama-3.2-1B,true,0.85,1,True,1.1505600959062576
2007,commonsenseqa,text,meta-llama/Llama-3.2-1B,your_answer_here,0.85,0,True,1.1505600959062576
2008,boolq,boolean,meta-llama/Llama-3.2-1B,true,0.7,0,True,1.1505600959062576
2009,truthfulqa,text,meta-llama/Llama-3.2-1B,your_answer_here,0.85,0,True,1.1505600959062576
2010,gsm8k,numeric,meta-llama/Llama-3.2-1B,your_answer_here,0.85,0,True,1.1505600959062576
2011,truthfulqa,text,meta-llama/Llama-3.2-1B,your_answer_here,0.85,0,True,1.1505600959062576
2012,commonsenseqa,text,meta-llama/Llama-3.2-1B,your_answer_here,0.85,0,True,1.1505600959062576
2013,gsm8k,numeric,meta-llama/Llama-3.2-1B,your_answer_here,0.85,0,True,1.1505600959062576
2014,commonsenseqa,text,meta-llama/Llama-3.2-1B,your_answer_here,0.85,0,True,1.1505600959062576
2015,commonsenseqa,text,meta-llama/Llama-3.2-1B,your_answer_here,0.85,0,True,1.1505600959062576
2016,truthfulqa,text,meta-llama/Llama-3.2-1B,your_answer_here,0.85,0,True,1.3833171278238297
2017,boolq,boolean,meta-llama/Llama-3.2-1B,your_answer_here,0.85,0,True,1.3833171278238297
2018,boolq,boolean,meta-llama/Llama-3.2-1B,false,0.85,0,True,1.3833171278238297
2019,boolq,boolean,meta-llama/Llama-3.2-1B,your_answer_here,0.85,0,True,1.3833171278238297
2020,truthfulqa,text,meta-llama/Llama-3.2-1B,your_answer_here,0.85,0,True,1.3833171278238297
2021,boolq,boolean,meta-llama/Llama-3.2-1B,snow on the mountain the same as bishops weed,0.85,0,True,1.3833171278238297
2022,gsm8k,numeric,meta-llama/Llama-3.2-1B,your_answer_here,0.85,0,True,1.3833171278238297
2023,truthfulqa,text,meta-llama/Llama-3.2-1B,your_answer_here,0.85,0,True,1.3833171278238297
2024,boolq,boolean,meta-llama/Llama-3.2-1B,your_answer_here,0.85,0,True,1.3833171278238297
2025,boolq,boolean,meta-llama/Llama-3.2-1B,your_answer_here,0.85,0,True,1.3833171278238297
2026,boolq,boolean,meta-llama/Llama-3.2-1B,your_answer_here,0.85,0,True,1.3833171278238297
2027,boolq,boolean,meta-llama/Llama-3.2-1B,your_answer_here,0.85,0,True,1.3833171278238297
2028,boolq,boolean,meta-llama/Llama-3.2-1B,g major and e minor are the same,0.98,1,True,1.3833171278238297
2029,boolq,boolean,meta-llama/Llama-3.2-1B,your_answer_here,0.85,0,True,1.3833171278238297
2030,boolq,boolean,meta-llama/Llama-3.2-1B,your_answer_here,0.85,0,True,1.3833171278238297
2031,boolq,boolean,meta-llama/Llama-3.2-1B,your_answer_here,0.85,0,True,1.3833171278238297
2032,commonsenseqa,text,meta-llama/Llama-3.2-1B,your_answer_here,0.85,0,True,1.0728369504213333
2033,gsm8k,numeric,meta-llama/Llama-3.2-1B,your_answer_here,0.85,0,True,1.0728369504213333
2034,gsm8k,numeric,meta-llama/Llama-3.2-1B,your_answer_here,0.85,0,True,1.0728369504213333
2035,boolq,boolean,meta-llama/Llama-3.2-1B,your_answer_here,0.85,0,True,1.0728369504213333
2036,truthfulqa,text,meta-llama/Llama-3.2-1B,your_answer_here,0.85,0,True,1.0728369504213333
2037,gsm8k,numeric,meta-llama/Llama-3.2-1B,your_answer_here,0.85,0,True,1.0728369504213333
2038,truthfulqa,text,meta-llama/Llama-3.2-1B,your_answer_here,0.85,0,True,1.0728369504213333
2039,commonsenseqa,text,meta-llama/Llama-3.2-1B,your_answer_here,0.85,0,True,1.0728369504213333
2040,gsm8k,numeric,meta-llama/Llama-3.2-1B,your_answer_here,0.85,0,True,1.0728369504213333
2041,gsm8k,numeric,meta-llama/Llama-3.2-1B,your_answer_here,0.85,0,True,1.0728369504213333
2042,gsm8k,numeric,meta-llama/Llama-3.2-1B,your_answer_here,0.85,0,True,1.0728369504213333
2043,boolq,boolean,meta-llama/Llama-3.2-1B,false,0.15,1,True,1.0728369504213333
2044,gsm8k,numeric,meta-llama/Llama-3.2-1B,your_answer_here,0.85,0,True,1.0728369504213333
2045,commonsenseqa,text,meta-llama/Llama-3.2-1B,your_answer_here,0.85,0,True,1.0728369504213333
2046,boolq,boolean,meta-llama/Llama-3.2-1B,true,0.85,1,True,1.0728369504213333
2047,boolq,boolean,meta-llama/Llama-3.2-1B,studio city in the san fernando valley,0.85,0,True,1.0728369504213333
2048,boolq,boolean,meta-llama/Llama-3.2-1B,your_answer_here,0.85,0,True,1.1500168144702911
2049,boolq,boolean,meta-llama/Llama-3.2-1B,your_answer_here,0.85,0,True,1.1500168144702911
2050,boolq,boolean,meta-llama/Llama-3.2-1B,your_answer_here,0.85,0,True,1.1500168144702911
2051,gsm8k,numeric,meta-llama/Llama-3.2-1B,your_answer_here,0.85,0,True,1.1500168144702911
2052,gsm8k,numeric,meta-llama/Llama-3.2-1B,your_answer_here,0.85,0,True,1.1500168144702911
2053,truthfulqa,text,meta-llama/Llama-3.2-1B,your_answer_here,0.85,0,True,1.1500168144702911
2054,commonsenseqa,text,meta-llama/Llama-3.2-1B,your_answer_here,0.85,0,True,1.1500168144702911
2055,commonsenseqa,text,meta-llama/Llama-3.2-1B,your_answer_here,0.85,0,True,1.1500168144702911
2056,boolq,boolean,meta-llama/Llama-3.2-1B,your_answer_here,0.85,0,True,1.1500168144702911
2057,boolq,boolean,meta-llama/Llama-3.2-1B,your_answer_here,0.85,0,True,1.1500168144702911
2058,commonsenseqa,text,meta-llama/Llama-3.2-1B,your_answer_here,0.85,0,True,1.1500168144702911
2059,boolq,boolean,meta-llama/Llama-3.2-1B,your_answer_here,0.85,0,True,1.1500168144702911
2060,boolq,boolean,meta-llama/Llama-3.2-1B,your_answer_here,0.85,0,True,1.1500168144702911
2061,commonsenseqa,text,meta-llama/Llama-3.2-1B,your_answer_here,0.85,0,True,1.1500168144702911
2062,boolq,boolean,meta-llama/Llama-3.2-1B,your_answer_here,0.85,0,True,1.1500168144702911
2063,gsm8k,numeric,meta-llama/Llama-3.2-1B,your_answer_here,0.85,0,True,1.1500168144702911
2064,boolq,boolean,meta-llama/Llama-3.2-1B,your_answer_here,0.85,0,True,1.2237650901079178
2065,gsm8k,numeric,meta-llama/Llama-3.2-1B,your_answer_here,0.85,0,True,1.2237650901079178
2066,gsm8k,numeric,meta-llama/Llama-3.2-1B,your_answer_here,0.85,0,True,1.2237650901079178
2067,truthfulqa,text,meta-llama/Llama-3.2-1B,your_answer_here,0.85,0,True,1.2237650901079178
2068,boolq,boolean,meta-llama/Llama-3.2-1B,your_answer_here,0.85,0,True,1.2237650901079178
2069,gsm8k,numeric,meta-llama/Llama-3.2-1B,your_answer_here,0.85,0,True,1.2237650901079178
2070,commonsenseqa,text,meta-llama/Llama-3.2-1B,your_answer_here,0.85,0,True,1.2237650901079178
2071,truthfulqa,text,meta-llama/Llama-3.2-1B,your_answer_here,0.85,0,True,1.2237650901079178
2072,gsm8k,numeric,meta-llama/Llama-3.2-1B,200,0.5,0,True,1.2237650901079178
2073,boolq,boolean,meta-llama/Llama-3.2-1B,true,0.85,0,True,1.2237650901079178
2074,commonsenseqa,text,meta-llama/Llama-3.2-1B,your_answer_here,0.85,0,True,1.2237650901079178
2075,boolq,boolean,meta-llama/Llama-3.2-1B,your_answer_here,0.85,0,True,1.2237650901079178
2076,boolq,boolean,meta-llama/Llama-3.2-1B,true,0.85,1,True,1.2237650901079178
2077,commonsenseqa,text,meta-llama/Llama-3.2-1B,your_answer_here,0.85,0,True,1.2237650901079178
2078,boolq,boolean,meta-llama/Llama-3.2-1B,false,0.95,1,True,1.2237650901079178
2079,boolq,boolean,meta-llama/Llama-3.2-1B,true,0.95,0,True,1.2237650901079178
2080,truthfulqa,text,meta-llama/Llama-3.2-1B,your_answer_here,0.85,0,True,1.0665924698114395
2081,boolq,boolean,meta-llama/Llama-3.2-1B,your_answer_here,0.85,0,True,1.0665924698114395
2082,boolq,boolean,meta-llama/Llama-3.2-1B,your_answer_here,0.85,0,True,1.0665924698114395
2083,gsm8k,numeric,meta-llama/Llama-3.2-1B,your_answer_here,0.85,0,True,1.0665924698114395
2084,commonsenseqa,text,meta-llama/Llama-3.2-1B,your_answer_here,0.85,0,True,1.0665924698114395
2085,boolq,boolean,meta-llama/Llama-3.2-1B,your_answer_here,0.85,0,True,1.0665924698114395
2086,boolq,boolean,meta-llama/Llama-3.2-1B,your_answer_here,0.95,0,True,1.0665924698114395
2087,boolq,boolean,meta-llama/Llama-3.2-1B,your_answer_here,0.85,0,True,1.0665924698114395
2088,boolq,boolean,meta-llama/Llama-3.2-1B,your_answer_here,0.85,0,True,1.0665924698114395
2089,commonsenseqa,text,meta-llama/Llama-3.2-1B,your_answer_here,0.85,0,True,1.0665924698114395
2090,commonsenseqa,text,meta-llama/Llama-3.2-1B,your_answer_here,0.85,0,True,1.0665924698114395
2091,gsm8k,numeric,meta-llama/Llama-3.2-1B,your_answer_here,0.85,0,True,1.0665924698114395
2092,boolq,boolean,meta-llama/Llama-3.2-1B,true,0.85,1,True,1.0665924698114395
2093,commonsenseqa,text,meta-llama/Llama-3.2-1B,your_answer_here,0.85,0,True,1.0665924698114395
2094,commonsenseqa,text,meta-llama/Llama-3.2-1B,your_answer_here,0.85,0,True,1.0665924698114395
2095,boolq,boolean,meta-llama/Llama-3.2-1B,your_answer_here,0.85,0,True,1.0665924698114395
2096,commonsenseqa,text,meta-llama/Llama-3.2-1B,your_answer_here,0.85,0,True,0.9997155368328094
2097,commonsenseqa,text,meta-llama/Llama-3.2-1B,your_answer_here,0.85,0,True,0.9997155368328094
2098,commonsenseqa,text,meta-llama/Llama-3.2-1B,your_answer_here,0.85,0,True,0.9997155368328094
2099,truthfulqa,text,meta-llama/Llama-3.2-1B,your_answer_here,0.85,0,True,0.9997155368328094
2100,truthfulqa,text,meta-llama/Llama-3.2-1B,your_answer_here,0.85,0,True,0.9997155368328094
2101,truthfulqa,text,meta-llama/Llama-3.2-1B,your_answer_here,0.85,0,True,0.9997155368328094
2102,commonsenseqa,text,meta-llama/Llama-3.2-1B,your_answer_here,0.85,0,True,0.9997155368328094
2103,commonsenseqa,text,meta-llama/Llama-3.2-1B,your_answer_here,0.85,0,True,0.9997155368328094
2104,truthfulqa,text,meta-llama/Llama-3.2-1B,your_answer_here,0.85,0,True,0.9997155368328094
2105,boolq,boolean,meta-llama/Llama-3.2-1B,your_answer_here,0.85,0,True,0.9997155368328094
2106,truthfulqa,text,meta-llama/Llama-3.2-1B,The answer is,0.85,0,True,0.9997155368328094
2107,boolq,boolean,meta-llama/Llama-3.2-1B,your_answer_here,0.85,0,True,0.9997155368328094
2108,boolq,boolean,meta-llama/Llama-3.2-1B,your_answer_here,0.85,0,True,0.9997155368328094
2109,boolq,boolean,meta-llama/Llama-3.2-1B,true,0.85,1,True,0.9997155368328094
2110,gsm8k,numeric,meta-llama/Llama-3.2-1B,your_answer_here,0.85,0,True,0.9997155368328094
2111,commonsenseqa,text,meta-llama/Llama-3.2-1B,your_answer_here,0.85,0,True,0.9997155368328094
2112,boolq,boolean,meta-llama/Llama-3.2-1B,false,0.85,0,True,1.1000616699457169
2113,gsm8k,numeric,meta-llama/Llama-3.2-1B,your_answer_here,0.85,0,True,1.1000616699457169
2114,commonsenseqa,text,meta-llama/Llama-3.2-1B,your_answer_here,0.85,0,True,1.1000616699457169
2115,boolq,boolean,meta-llama/Llama-3.2-1B,your_answer_here,0.85,0,True,1.1000616699457169
2116,gsm8k,numeric,meta-llama/Llama-3.2-1B,your_answer_here,0.85,0,True,1.1000616699457169
2117,boolq,boolean,meta-llama/Llama-3.2-1B,your_answer_here,0.85,0,True,1.1000616699457169
2118,gsm8k,numeric,meta-llama/Llama-3.2-1B,your_answer_here,0.85,0,True,1.1000616699457169
2119,truthfulqa,text,meta-llama/Llama-3.2-1B,your_answer_here,0.85,0,True,1.1000616699457169
2120,truthfulqa,text,meta-llama/Llama-3.2-1B,your_answer_here,0.85,0,True,1.1000616699457169
2121,truthfulqa,text,meta-llama/Llama-3.2-1B,your_answer_here,0.85,0,True,1.1000616699457169
2122,boolq,boolean,meta-llama/Llama-3.2-1B,your_answer_here,0.85,0,True,1.1000616699457169
2123,truthfulqa,text,meta-llama/Llama-3.2-1B,your_answer_here,0.85,0,True,1.1000616699457169
2124,boolq,boolean,meta-llama/Llama-3.2-1B,your_answer_here,0.85,0,True,1.1000616699457169
2125,boolq,boolean,meta-llama/Llama-3.2-1B,your_answer_here,0.85,0,True,1.1000616699457169
2126,boolq,boolean,meta-llama/Llama-3.2-1B,your_answer_here,0.85,0,True,1.1000616699457169
2127,boolq,boolean,meta-llama/Llama-3.2-1B,your_answer_here,0.85,0,True,1.1000616699457169
2128,gsm8k,numeric,meta-llama/Llama-3.2-1B,your_answer_here,0.85,0,True,1.0859392136335373
2129,commonsenseqa,text,meta-llama/Llama-3.2-1B,your_answer_here,0.85,0,True,1.0859392136335373
2130,gsm8k,numeric,meta-llama/Llama-3.2-1B,your_answer_here,0.85,0,True,1.0859392136335373
2131,gsm8k,numeric,meta-llama/Llama-3.2-1B,your_answer_here,0.85,0,True,1.0859392136335373
2132,commonsenseqa,text,meta-llama/Llama-3.2-1B,the answer,0.95,0,True,1.0859392136335373
2133,boolq,boolean,meta-llama/Llama-3.2-1B,true,0.85,1,True,1.0859392136335373
2134,boolq,boolean,meta-llama/Llama-3.2-1B,your_answer_here,0.85,0,True,1.0859392136335373
2135,commonsenseqa,text,meta-llama/Llama-3.2-1B,your_answer_here,0.85,0,True,1.0859392136335373
2136,boolq,boolean,meta-llama/Llama-3.2-1B,your_answer_here,0.85,0,True,1.0859392136335373
2137,gsm8k,numeric,meta-llama/Llama-3.2-1B,your_answer_here,0.85,0,True,1.0859392136335373
2138,truthfulqa,text,meta-llama/Llama-3.2-1B,your_answer_here,0.85,0,True,1.0859392136335373
2139,gsm8k,numeric,meta-llama/Llama-3.2-1B,your_answer_here,0.85,0,True,1.0859392136335373
2140,boolq,boolean,meta-llama/Llama-3.2-1B,your_answer_here,0.85,0,True,1.0859392136335373
2141,gsm8k,numeric,meta-llama/Llama-3.2-1B,your_answer_here,0.85,0,True,1.0859392136335373
2142,gsm8k,numeric,meta-llama/Llama-3.2-1B,your_answer_here,0.85,0,True,1.0859392136335373
2143,boolq,boolean,meta-llama/Llama-3.2-1B,your_answer_here,0.85,0,True,1.0859392136335373
2144,gsm8k,numeric,meta-llama/Llama-3.2-1B,your_answer_here,0.85,0,True,1.0350708961486816
2145,gsm8k,numeric,meta-llama/Llama-3.2-1B,your_answer_here,0.85,0,True,1.0350708961486816
2146,boolq,boolean,meta-llama/Llama-3.2-1B,false,0.85,0,True,1.0350708961486816
2147,boolq,boolean,meta-llama/Llama-3.2-1B,your_answer_here,0.85,0,True,1.0350708961486816
2148,boolq,boolean,meta-llama/Llama-3.2-1B,your_answer_here,0.85,0,True,1.0350708961486816
2149,boolq,boolean,meta-llama/Llama-3.2-1B,your_answer_here,0.85,0,True,1.0350708961486816
2150,boolq,boolean,meta-llama/Llama-3.2-1B,your_answer_here,0.85,0,True,1.0350708961486816
2151,boolq,boolean,meta-llama/Llama-3.2-1B,true,0.85,1,True,1.0350708961486816
2152,commonsenseqa,text,meta-llama/Llama-3.2-1B,your_answer_here,0.85,0,True,1.0350708961486816
2153,boolq,boolean,meta-llama/Llama-3.2-1B,your_answer_here,0.15,0,True,1.0350708961486816
2154,gsm8k,numeric,meta-llama/Llama-3.2-1B,your_answer_here,0.85,0,True,1.0350708961486816
2155,commonsenseqa,text,meta-llama/Llama-3.2-1B,your_answer_here,0.85,0,True,1.0350708961486816
2156,gsm8k,numeric,meta-llama/Llama-3.2-1B,your_answer_here,0.85,0,True,1.0350708961486816
2157,boolq,boolean,meta-llama/Llama-3.2-1B,true,0.85,0,True,1.0350708961486816
2158,gsm8k,numeric,meta-llama/Llama-3.2-1B,your_answer_here,0.85,0,True,1.0350708961486816
2159,boolq,boolean,meta-llama/Llama-3.2-1B,your_answer_here,0.85,0,True,1.0350708961486816
2160,truthfulqa,text,meta-llama/Llama-3.2-1B,your_answer_here,0.85,0,True,1.142797663807869
2161,truthfulqa,text,meta-llama/Llama-3.2-1B,your_answer_here,0.85,0,True,1.142797663807869
2162,commonsenseqa,text,meta-llama/Llama-3.2-1B,your_answer_here,0.85,0,True,1.142797663807869
2163,boolq,boolean,meta-llama/Llama-3.2-1B,your_answer_here,0.85,0,True,1.142797663807869
2164,gsm8k,numeric,meta-llama/Llama-3.2-1B,your_answer_here,0.85,0,True,1.142797663807869
2165,boolq,boolean,meta-llama/Llama-3.2-1B,false,0.85,1,True,1.142797663807869
2166,gsm8k,numeric,meta-llama/Llama-3.2-1B,your_answer_here,0.85,0,True,1.142797663807869
2167,gsm8k,numeric,meta-llama/Llama-3.2-1B,your_answer_here,0.85,0,True,1.142797663807869
2168,gsm8k,numeric,meta-llama/Llama-3.2-1B,your_answer_here,0.85,0,True,1.142797663807869
2169,commonsenseqa,text,meta-llama/Llama-3.2-1B,your_answer_here,0.85,0,True,1.142797663807869
2170,gsm8k,numeric,meta-llama/Llama-3.2-1B,your_answer_here,0.85,0,True,1.142797663807869
2171,commonsenseqa,text,meta-llama/Llama-3.2-1B,your_answer_here,0.85,0,True,1.142797663807869
2172,boolq,boolean,meta-llama/Llama-3.2-1B,your_answer_here,0.85,0,True,1.142797663807869
2173,boolq,boolean,meta-llama/Llama-3.2-1B,your_answer_here,0.85,0,True,1.142797663807869
2174,gsm8k,numeric,meta-llama/Llama-3.2-1B,your_answer_here,0.85,0,True,1.142797663807869
2175,commonsenseqa,text,meta-llama/Llama-3.2-1B,your_answer_here,0.85,0,True,1.142797663807869
2176,gsm8k,numeric,meta-llama/Llama-3.2-1B,3,0.85,1,True,0.9608731716871262
2177,boolq,boolean,meta-llama/Llama-3.2-1B,your_answer_here,0.85,0,True,0.9608731716871262
2178,boolq,boolean,meta-llama/Llama-3.2-1B,your_answer_here,0.85,0,True,0.9608731716871262
2179,commonsenseqa,text,meta-llama/Llama-3.2-1B,your_answer_here,0.85,0,True,0.9608731716871262
2180,commonsenseqa,text,meta-llama/Llama-3.2-1B,your_answer_here,0.85,0,True,0.9608731716871262
2181,gsm8k,numeric,meta-llama/Llama-3.2-1B,your_answer_here,0.85,0,True,0.9608731716871262
2182,gsm8k,numeric,meta-llama/Llama-3.2-1B,0,0.85,0,True,0.9608731716871262
2183,boolq,boolean,meta-llama/Llama-3.2-1B,false,0.15,0,True,0.9608731716871262
2184,truthfulqa,text,meta-llama/Llama-3.2-1B,your_answer_here,0.85,0,True,0.9608731716871262
2185,gsm8k,numeric,meta-llama/Llama-3.2-1B,your_answer_here,0.85,0,True,0.9608731716871262
2186,truthfulqa,text,meta-llama/Llama-3.2-1B,your_answer_here,0.85,0,True,0.9608731716871262
2187,truthfulqa,text,meta-llama/Llama-3.2-1B,your_answer_here,0.85,0,True,0.9608731716871262
2188,commonsenseqa,text,meta-llama/Llama-3.2-1B,your_answer_here,0.85,0,True,0.9608731716871262
2189,gsm8k,numeric,meta-llama/Llama-3.2-1B,your_answer_here,0.85,0,True,0.9608731716871262
2190,gsm8k,numeric,meta-llama/Llama-3.2-1B,your_answer_here,0.85,0,True,0.9608731716871262
2191,gsm8k,numeric,meta-llama/Llama-3.2-1B,your_answer_here,0.85,0,True,0.9608731716871262
2192,truthfulqa,text,meta-llama/Llama-3.2-1B,your_answer_here,0.85,0,True,1.1393224596977234
2193,commonsenseqa,text,meta-llama/Llama-3.2-1B,books and magazines,0.8,0,True,1.1393224596977234
2194,commonsenseqa,text,meta-llama/Llama-3.2-1B,your_answer_here,0.85,0,True,1.1393224596977234
2195,truthfulqa,text,meta-llama/Llama-3.2-1B,your_answer_here,1.0,0,True,1.1393224596977234
2196,boolq,boolean,meta-llama/Llama-3.2-1B,your_answer_here,0.85,0,True,1.1393224596977234
2197,boolq,boolean,meta-llama/Llama-3.2-1B,true,0.85,1,True,1.1393224596977234
2198,boolq,boolean,meta-llama/Llama-3.2-1B,your_answer_here,0.85,0,True,1.1393224596977234
2199,gsm8k,numeric,meta-llama/Llama-3.2-1B,your_answer_here,0.85,0,True,1.1393224596977234
2200,commonsenseqa,text,meta-llama/Llama-3.2-1B,your_answer_here,0.85,0,True,1.1393224596977234
2201,gsm8k,numeric,meta-llama/Llama-3.2-1B,your_answer_here,0.85,0,True,1.1393224596977234
2202,truthfulqa,text,meta-llama/Llama-3.2-1B,your_answer_here,0.85,0,True,1.1393224596977234
2203,commonsenseqa,text,meta-llama/Llama-3.2-1B,your_answer_here,0.85,0,True,1.1393224596977234
2204,commonsenseqa,text,meta-llama/Llama-3.2-1B,your_answer_here,0.85,0,True,1.1393224596977234
2205,boolq,boolean,meta-llama/Llama-3.2-1B,your_answer_here,0.85,0,True,1.1393224596977234
2206,boolq,boolean,meta-llama/Llama-3.2-1B,your_answer_here,0.85,0,True,1.1393224596977234
2207,commonsenseqa,text,meta-llama/Llama-3.2-1B,E,0.85,1,True,1.1393224596977234
2208,gsm8k,numeric,meta-llama/Llama-3.2-1B,your_answer_here,0.85,0,True,1.0873261541128159
2209,gsm8k,numeric,meta-llama/Llama-3.2-1B,your_answer_here,0.85,0,True,1.0873261541128159
2210,commonsenseqa,text,meta-llama/Llama-3.2-1B,your_answer_here,0.85,0,True,1.0873261541128159
2211,commonsenseqa,text,meta-llama/Llama-3.2-1B,B,0.85,0,True,1.0873261541128159
2212,boolq,boolean,meta-llama/Llama-3.2-1B,your_answer_here,0.85,0,True,1.0873261541128159
2213,truthfulqa,text,meta-llama/Llama-3.2-1B,your_answer_here,0.85,0,True,1.0873261541128159
2214,gsm8k,numeric,meta-llama/Llama-3.2-1B,your_answer_here,0.85,0,True,1.0873261541128159
2215,boolq,boolean,meta-llama/Llama-3.2-1B,your_answer_here,0.85,0,True,1.0873261541128159
2216,gsm8k,numeric,meta-llama/Llama-3.2-1B,your_answer_here,0.85,0,True,1.0873261541128159
2217,commonsenseqa,text,meta-llama/Llama-3.2-1B,your_answer_here,0.85,0,True,1.0873261541128159
2218,gsm8k,numeric,meta-llama/Llama-3.2-1B,your_answer_here,0.85,0,True,1.0873261541128159
2219,boolq,boolean,meta-llama/Llama-3.2-1B,your_answer_here,0.85,0,True,1.0873261541128159
2220,gsm8k,numeric,meta-llama/Llama-3.2-1B,your_answer_here,0.85,0,True,1.0873261541128159
2221,boolq,boolean,meta-llama/Llama-3.2-1B,your_answer_here,0.85,0,True,1.0873261541128159
2222,boolq,boolean,meta-llama/Llama-3.2-1B,true,0.85,1,True,1.0873261541128159
2223,boolq,boolean,meta-llama/Llama-3.2-1B,your_answer_here,0.85,0,True,1.0873261541128159
2224,boolq,boolean,meta-llama/Llama-3.2-1B,true,1.0,1,True,1.1555859297513962
2225,gsm8k,numeric,meta-llama/Llama-3.2-1B,your_answer_here,0.85,0,True,1.1555859297513962
2226,commonsenseqa,text,meta-llama/Llama-3.2-1B,your_answer_here,0.85,0,True,1.1555859297513962
2227,truthfulqa,text,meta-llama/Llama-3.2-1B,your_answer_here,0.85,0,True,1.1555859297513962
2228,boolq,boolean,meta-llama/Llama-3.2-1B,your_answer_here,0.85,0,True,1.1555859297513962
2229,boolq,boolean,meta-llama/Llama-3.2-1B,your_answer_here,0.85,0,True,1.1555859297513962
2230,boolq,boolean,meta-llama/Llama-3.2-1B,false,0.85,1,True,1.1555859297513962
2231,gsm8k,numeric,meta-llama/Llama-3.2-1B,your_answer_here,0.85,0,True,1.1555859297513962
2232,commonsenseqa,text,meta-llama/Llama-3.2-1B,your_answer_here,0.85,0,True,1.1555859297513962
2233,boolq,boolean,meta-llama/Llama-3.2-1B,true,0.85,1,True,1.1555859297513962
2234,commonsenseqa,text,meta-llama/Llama-3.2-1B,your_answer_here,0.85,0,True,1.1555859297513962
2235,boolq,boolean,meta-llama/Llama-3.2-1B,your_answer_here,0.95,0,True,1.1555859297513962
2236,boolq,boolean,meta-llama/Llama-3.2-1B,your_answer_here,0.85,0,True,1.1555859297513962
2237,boolq,boolean,meta-llama/Llama-3.2-1B,your_answer_here,0.85,0,True,1.1555859297513962
2238,truthfulqa,text,meta-llama/Llama-3.2-1B,your_answer_here,0.85,0,True,1.1555859297513962
2239,boolq,boolean,meta-llama/Llama-3.2-1B,your_answer_here,0.85,0,True,1.1555859297513962
2240,commonsenseqa,text,meta-llama/Llama-3.2-1B,your_answer_here,0.85,0,True,1.227355569601059
2241,boolq,boolean,meta-llama/Llama-3.2-1B,your_answer_here,0.85,0,True,1.227355569601059
2242,boolq,boolean,meta-llama/Llama-3.2-1B,call of duty world at war based on world war 1,0.85,0,True,1.227355569601059
2243,boolq,boolean,meta-llama/Llama-3.2-1B,your_answer_here,0.85,0,True,1.227355569601059
2244,truthfulqa,text,meta-llama/Llama-3.2-1B,your_answer_here,0.85,0,True,1.227355569601059
2245,gsm8k,numeric,meta-llama/Llama-3.2-1B,your_answer_here,0.85,0,True,1.227355569601059
2246,boolq,boolean,meta-llama/Llama-3.2-1B,your_answer_here,0.85,0,True,1.227355569601059
2247,commonsenseqa,text,meta-llama/Llama-3.2-1B,your_answer_here,0.85,0,True,1.227355569601059
2248,gsm8k,numeric,meta-llama/Llama-3.2-1B,your_answer_here,0.85,0,True,1.227355569601059
2249,boolq,boolean,meta-llama/Llama-3.2-1B,your_answer_here,0.85,0,True,1.227355569601059
2250,truthfulqa,text,meta-llama/Llama-3.2-1B,your_answer_here,0.85,0,True,1.227355569601059
2251,commonsenseqa,text,meta-llama/Llama-3.2-1B,your_answer_here,0.85,0,True,1.227355569601059
2252,boolq,boolean,meta-llama/Llama-3.2-1B,your_answer_here,0.85,0,True,1.227355569601059
2253,commonsenseqa,text,meta-llama/Llama-3.2-1B,your_answer_here,0.85,0,True,1.227355569601059
2254,gsm8k,numeric,meta-llama/Llama-3.2-1B,your_answer_here,0.85,0,True,1.227355569601059
2255,boolq,boolean,meta-llama/Llama-3.2-1B,true,0.85,1,True,1.227355569601059
2256,boolq,boolean,meta-llama/Llama-3.2-1B,your_answer_here,0.85,0,True,1.2682092189788818
2257,gsm8k,numeric,meta-llama/Llama-3.2-1B,your_answer_here,0.85,0,True,1.2682092189788818
2258,boolq,boolean,meta-llama/Llama-3.2-1B,your_answer_here,0.85,0,True,1.2682092189788818
2259,boolq,boolean,meta-llama/Llama-3.2-1B,your_answer_here,0.85,0,True,1.2682092189788818
2260,gsm8k,numeric,meta-llama/Llama-3.2-1B,your_answer_here,0.85,0,True,1.2682092189788818
2261,boolq,boolean,meta-llama/Llama-3.2-1B,true,0.85,1,True,1.2682092189788818
2262,gsm8k,numeric,meta-llama/Llama-3.2-1B,your_answer_here,0.85,0,True,1.2682092189788818
2263,truthfulqa,text,meta-llama/Llama-3.2-1B,i don't know,0.95,0,True,1.2682092189788818
2264,commonsenseqa,text,meta-llama/Llama-3.2-1B,your_answer_here,0.85,0,True,1.2682092189788818
2265,commonsenseqa,text,meta-llama/Llama-3.2-1B,your_answer_here,0.85,0,True,1.2682092189788818
2266,boolq,boolean,meta-llama/Llama-3.2-1B,your_answer_here,0.85,0,True,1.2682092189788818
2267,commonsenseqa,text,meta-llama/Llama-3.2-1B,your_answer_here,0.85,0,True,1.2682092189788818
2268,boolq,boolean,meta-llama/Llama-3.2-1B,your_answer_here,0.85,0,True,1.2682092189788818
2269,boolq,boolean,meta-llama/Llama-3.2-1B,your_answer_here,0.85,0,True,1.2682092189788818
2270,truthfulqa,text,meta-llama/Llama-3.2-1B,your_answer_here,0.85,0,True,1.2682092189788818
2271,boolq,boolean,meta-llama/Llama-3.2-1B,false,0.15,1,True,1.2682092189788818
2272,gsm8k,numeric,meta-llama/Llama-3.2-1B,your_answer_here,0.85,0,True,1.069487303495407
2273,boolq,boolean,meta-llama/Llama-3.2-1B,your_answer_here,0.85,0,True,1.069487303495407
2274,commonsenseqa,text,meta-llama/Llama-3.2-1B,country club,0.85,0,True,1.069487303495407
2275,gsm8k,numeric,meta-llama/Llama-3.2-1B,your_answer_here,0.85,0,True,1.069487303495407
2276,boolq,boolean,meta-llama/Llama-3.2-1B,your_answer_here,0.85,0,True,1.069487303495407
2277,boolq,boolean,meta-llama/Llama-3.2-1B,your_answer_here,0.85,0,True,1.069487303495407
2278,commonsenseqa,text,meta-llama/Llama-3.2-1B,your_answer_here,0.85,0,True,1.069487303495407
2279,commonsenseqa,text,meta-llama/Llama-3.2-1B,unity,0.25,0,True,1.069487303495407
2280,boolq,boolean,meta-llama/Llama-3.2-1B,your_answer_here,0.85,0,True,1.069487303495407
2281,gsm8k,numeric,meta-llama/Llama-3.2-1B,your_answer_here,0.85,0,True,1.069487303495407
2282,boolq,boolean,meta-llama/Llama-3.2-1B,your_answer_here,0.85,0,True,1.069487303495407
2283,commonsenseqa,text,meta-llama/Llama-3.2-1B,your_answer_here,0.85,0,True,1.069487303495407
2284,boolq,boolean,meta-llama/Llama-3.2-1B,your_answer_here,1.0,0,True,1.069487303495407
2285,truthfulqa,text,meta-llama/Llama-3.2-1B,your_answer_here,0.85,0,True,1.069487303495407
2286,boolq,boolean,meta-llama/Llama-3.2-1B,your_answer_here,0.85,0,True,1.069487303495407
2287,gsm8k,numeric,meta-llama/Llama-3.2-1B,your_answer_here,0.85,0,True,1.069487303495407
2288,commonsenseqa,text,meta-llama/Llama-3.2-1B,your_answer_here,0.85,0,True,0.9548255801200867
2289,boolq,boolean,meta-llama/Llama-3.2-1B,your_answer_here,0.85,0,True,0.9548255801200867
2290,commonsenseqa,text,meta-llama/Llama-3.2-1B,your_answer_here,0.85,0,True,0.9548255801200867
2291,gsm8k,numeric,meta-llama/Llama-3.2-1B,your_answer_here,0.85,0,True,0.9548255801200867
2292,gsm8k,numeric,meta-llama/Llama-3.2-1B,your_answer_here,0.85,0,True,0.9548255801200867
2293,commonsenseqa,text,meta-llama/Llama-3.2-1B,the answer is the answer,0.9,0,True,0.9548255801200867
2294,commonsenseqa,text,meta-llama/Llama-3.2-1B,go quickly,0.85,1,True,0.9548255801200867
2295,truthfulqa,text,meta-llama/Llama-3.2-1B,your_answer_here,0.85,0,True,0.9548255801200867
2296,commonsenseqa,text,meta-llama/Llama-3.2-1B,your_answer_here,0.85,0,True,0.9548255801200867
2297,truthfulqa,text,meta-llama/Llama-3.2-1B,your_answer_here,0.85,0,True,0.9548255801200867
2298,boolq,boolean,meta-llama/Llama-3.2-1B,your_answer_here,0.85,0,True,0.9548255801200867
2299,commonsenseqa,text,meta-llama/Llama-3.2-1B,your_answer_here,0.85,0,True,0.9548255801200867
2300,truthfulqa,text,meta-llama/Llama-3.2-1B,Aspartame is a sweetener that contains aspartic acid and phenylalanine.,0.85,0,True,0.9548255801200867
2301,gsm8k,numeric,meta-llama/Llama-3.2-1B,your_answer_here,0.85,0,True,0.9548255801200867
2302,commonsenseqa,text,meta-llama/Llama-3.2-1B,your_answer_here,0.85,0,True,0.9548255801200867
2303,truthfulqa,text,meta-llama/Llama-3.2-1B,your_answer_here,0.85,0,True,0.9548255801200867
2304,truthfulqa,text,meta-llama/Llama-3.2-1B,your_answer_here,0.85,0,True,1.6316830217838287
2305,gsm8k,numeric,meta-llama/Llama-3.2-1B,your_answer_here,0.85,0,True,1.6316830217838287
2306,gsm8k,numeric,meta-llama/Llama-3.2-1B,your_answer_here,0.85,0,True,1.6316830217838287
2307,boolq,boolean,meta-llama/Llama-3.2-1B,your_answer_here,0.85,0,True,1.6316830217838287
2308,boolq,boolean,meta-llama/Llama-3.2-1B,your_answer_here,0.85,0,True,1.6316830217838287
2309,boolq,boolean,meta-llama/Llama-3.2-1B,your_answer_here,0.85,0,True,1.6316830217838287
2310,boolq,boolean,meta-llama/Llama-3.2-1B,false,0.85,0,True,1.6316830217838287
2311,boolq,boolean,meta-llama/Llama-3.2-1B,your_answer_here,0.85,0,True,1.6316830217838287
2312,truthfulqa,text,meta-llama/Llama-3.2-1B,your_answer_here,0.85,0,True,1.6316830217838287
2313,commonsenseqa,text,meta-llama/Llama-3.2-1B,your_answer_here,0.85,0,True,1.6316830217838287
2314,boolq,boolean,meta-llama/Llama-3.2-1B,false,0.15,0,True,1.6316830217838287
2315,boolq,boolean,meta-llama/Llama-3.2-1B,your_answer_here,0.85,0,True,1.6316830217838287
2316,boolq,boolean,meta-llama/Llama-3.2-1B,your_answer_here,0.95,0,True,1.6316830217838287
2317,truthfulqa,text,meta-llama/Llama-3.2-1B,your_answer_here,0.85,0,True,1.6316830217838287
2318,gsm8k,numeric,meta-llama/Llama-3.2-1B,your_answer_here,0.85,0,True,1.6316830217838287
2319,truthfulqa,text,meta-llama/Llama-3.2-1B,your_answer_here,0.85,0,True,1.6316830217838287
2320,gsm8k,numeric,meta-llama/Llama-3.2-1B,your_answer_here,0.85,0,True,1.0439276844263077
2321,commonsenseqa,text,meta-llama/Llama-3.2-1B,your_answer_here,0.85,0,True,1.0439276844263077
2322,boolq,boolean,meta-llama/Llama-3.2-1B,false,0.85,0,True,1.0439276844263077
2323,boolq,boolean,meta-llama/Llama-3.2-1B,your_answer_here,0.85,0,True,1.0439276844263077
2324,commonsenseqa,text,meta-llama/Llama-3.2-1B,your_answer_here,0.85,0,True,1.0439276844263077
2325,boolq,boolean,meta-llama/Llama-3.2-1B,your_answer_here,0.85,0,True,1.0439276844263077
2326,gsm8k,numeric,meta-llama/Llama-3.2-1B,your_answer_here,0.85,0,True,1.0439276844263077
2327,commonsenseqa,text,meta-llama/Llama-3.2-1B,good balance,0.85,1,True,1.0439276844263077
2328,gsm8k,numeric,meta-llama/Llama-3.2-1B,your_answer_here,0.85,0,True,1.0439276844263077
2329,gsm8k,numeric,meta-llama/Llama-3.2-1B,your_answer_here,0.85,0,True,1.0439276844263077
2330,truthfulqa,text,meta-llama/Llama-3.2-1B,your_answer_here,0.25,0,True,1.0439276844263077
2331,commonsenseqa,text,meta-llama/Llama-3.2-1B,your_answer_here,0.85,0,True,1.0439276844263077
2332,boolq,boolean,meta-llama/Llama-3.2-1B,your_answer_here,0.85,0,True,1.0439276844263077
2333,boolq,boolean,meta-llama/Llama-3.2-1B,your_answer_here,0.85,0,True,1.0439276844263077
2334,gsm8k,numeric,meta-llama/Llama-3.2-1B,your_answer_here,0.85,0,True,1.0439276844263077
2335,boolq,boolean,meta-llama/Llama-3.2-1B,true,0.85,0,True,1.0439276844263077
2336,boolq,boolean,meta-llama/Llama-3.2-1B,your_answer_here,0.85,0,True,1.0290703773498535
2337,boolq,boolean,meta-llama/Llama-3.2-1B,your_answer_here,0.85,0,True,1.0290703773498535
2338,boolq,boolean,meta-llama/Llama-3.2-1B,your_answer_here,0.6,0,True,1.0290703773498535
2339,commonsenseqa,text,meta-llama/Llama-3.2-1B,your_answer_here,0.85,0,True,1.0290703773498535
2340,gsm8k,numeric,meta-llama/Llama-3.2-1B,12,0.85,1,True,1.0290703773498535
2341,commonsenseqa,text,meta-llama/Llama-3.2-1B,your_answer_here,0.85,0,True,1.0290703773498535
2342,gsm8k,numeric,meta-llama/Llama-3.2-1B,your_answer_here,0.85,0,True,1.0290703773498535
2343,commonsenseqa,text,meta-llama/Llama-3.2-1B,your_answer_here,0.85,0,True,1.0290703773498535
2344,boolq,boolean,meta-llama/Llama-3.2-1B,your_answer_here,0.85,0,True,1.0290703773498535
2345,boolq,boolean,meta-llama/Llama-3.2-1B,your_answer_here,0.85,0,True,1.0290703773498535
2346,truthfulqa,text,meta-llama/Llama-3.2-1B,your_answer_here,0.85,0,True,1.0290703773498535
2347,boolq,boolean,meta-llama/Llama-3.2-1B,your_answer_here,0.85,0,True,1.0290703773498535
2348,boolq,boolean,meta-llama/Llama-3.2-1B,your_answer_here,0.85,0,True,1.0290703773498535
2349,boolq,boolean,meta-llama/Llama-3.2-1B,your_answer_here,1.0,0,True,1.0290703773498535
2350,gsm8k,numeric,meta-llama/Llama-3.2-1B,your_answer_here,0.85,0,True,1.0290703773498535
2351,commonsenseqa,text,meta-llama/Llama-3.2-1B,your_answer_here,0.85,0,True,1.0290703773498535
2352,commonsenseqa,text,meta-llama/Llama-3.2-1B,your_answer_here,0.85,0,True,1.0157490819692612
2353,boolq,boolean,meta-llama/Llama-3.2-1B,your_answer_here,0.85,0,True,1.0157490819692612
2354,gsm8k,numeric,meta-llama/Llama-3.2-1B,your_answer_here,0.85,0,True,1.0157490819692612
2355,boolq,boolean,meta-llama/Llama-3.2-1B,your_answer_here,0.85,0,True,1.0157490819692612
2356,gsm8k,numeric,meta-llama/Llama-3.2-1B,your_answer_here,0.85,0,True,1.0157490819692612
2357,gsm8k,numeric,meta-llama/Llama-3.2-1B,your_answer_here,0.85,0,True,1.0157490819692612
2358,gsm8k,numeric,meta-llama/Llama-3.2-1B,your_answer_here,0.85,0,True,1.0157490819692612
2359,gsm8k,numeric,meta-llama/Llama-3.2-1B,your_answer_here,0.85,0,True,1.0157490819692612
2360,commonsenseqa,text,meta-llama/Llama-3.2-1B,your_answer_here,0.85,0,True,1.0157490819692612
2361,truthfulqa,text,meta-llama/Llama-3.2-1B,your_answer_here,0.85,0,True,1.0157490819692612
2362,boolq,boolean,meta-llama/Llama-3.2-1B,your_answer_here,0.85,0,True,1.0157490819692612
2363,gsm8k,numeric,meta-llama/Llama-3.2-1B,your_answer_here,0.85,0,True,1.0157490819692612
2364,gsm8k,numeric,meta-llama/Llama-3.2-1B,your_answer_here,0.85,0,True,1.0157490819692612
2365,commonsenseqa,text,meta-llama/Llama-3.2-1B,your_answer_here,0.85,0,True,1.0157490819692612
2366,commonsenseqa,text,meta-llama/Llama-3.2-1B,your_answer_here,0.85,0,True,1.0157490819692612
2367,boolq,boolean,meta-llama/Llama-3.2-1B,your_answer_here,0.85,0,True,1.0157490819692612
2368,commonsenseqa,text,meta-llama/Llama-3.2-1B,your_answer_here,0.85,0,True,1.0393918454647064
2369,boolq,boolean,meta-llama/Llama-3.2-1B,true,0.85,0,True,1.0393918454647064
2370,commonsenseqa,text,meta-llama/Llama-3.2-1B,your_answer_here,0.85,0,True,1.0393918454647064
2371,boolq,boolean,meta-llama/Llama-3.2-1B,your_answer_here,0.85,0,True,1.0393918454647064
2372,truthfulqa,text,meta-llama/Llama-3.2-1B,I am a very confident burger maker.,0.9,0,True,1.0393918454647064
2373,gsm8k,numeric,meta-llama/Llama-3.2-1B,your_answer_here,0.85,0,True,1.0393918454647064
2374,boolq,boolean,meta-llama/Llama-3.2-1B,your_answer_here,0.85,0,True,1.0393918454647064
2375,gsm8k,numeric,meta-llama/Llama-3.2-1B,your_answer_here,0.85,0,True,1.0393918454647064
2376,gsm8k,numeric,meta-llama/Llama-3.2-1B,20,0.85,1,True,1.0393918454647064
2377,boolq,boolean,meta-llama/Llama-3.2-1B,your_answer_here,0.85,0,True,1.0393918454647064
2378,truthfulqa,text,meta-llama/Llama-3.2-1B,0.8,0.85,0,True,1.0393918454647064
2379,gsm8k,numeric,meta-llama/Llama-3.2-1B,your_answer_here,0.85,0,True,1.0393918454647064
2380,commonsenseqa,text,meta-llama/Llama-3.2-1B,your_answer_here,0.85,0,True,1.0393918454647064
2381,gsm8k,numeric,meta-llama/Llama-3.2-1B,your_answer_here,0.85,0,True,1.0393918454647064
2382,boolq,boolean,meta-llama/Llama-3.2-1B,your_answer_here,0.85,0,True,1.0393918454647064
2383,gsm8k,numeric,meta-llama/Llama-3.2-1B,your_answer_here,0.85,0,True,1.0393918454647064
2384,commonsenseqa,text,meta-llama/Llama-3.2-1B,your_answer_here,0.85,0,True,1.058823436498642
2385,boolq,boolean,meta-llama/Llama-3.2-1B,your_answer_here,0.85,0,True,1.058823436498642
2386,commonsenseqa,text,meta-llama/Llama-3.2-1B,your_answer_here,0.85,0,True,1.058823436498642
2387,truthfulqa,text,meta-llama/Llama-3.2-1B,your_answer_here,0.85,0,True,1.058823436498642
2388,truthfulqa,text,meta-llama/Llama-3.2-1B,your_answer_here,0.85,0,True,1.058823436498642
2389,commonsenseqa,text,meta-llama/Llama-3.2-1B,your_answer_here,0.85,0,True,1.058823436498642
2390,gsm8k,numeric,meta-llama/Llama-3.2-1B,your_answer_here,0.85,0,True,1.058823436498642
2391,boolq,boolean,meta-llama/Llama-3.2-1B,your_answer_here,0.85,0,True,1.058823436498642
2392,boolq,boolean,meta-llama/Llama-3.2-1B,false,0.15,0,True,1.058823436498642
2393,commonsenseqa,text,meta-llama/Llama-3.2-1B,E,0.85,1,True,1.058823436498642
2394,boolq,boolean,meta-llama/Llama-3.2-1B,your_answer_here,0.85,0,True,1.058823436498642
2395,boolq,boolean,meta-llama/Llama-3.2-1B,your_answer_here,0.85,0,True,1.058823436498642
2396,commonsenseqa,text,meta-llama/Llama-3.2-1B,your_answer_here,0.85,0,True,1.058823436498642
2397,boolq,boolean,meta-llama/Llama-3.2-1B,your_answer_here,0.85,0,True,1.058823436498642
2398,truthfulqa,text,meta-llama/Llama-3.2-1B,your_answer_here,0.85,0,True,1.058823436498642
2399,gsm8k,numeric,meta-llama/Llama-3.2-1B,your_answer_here,0.85,0,True,1.058823436498642
2400,commonsenseqa,text,meta-llama/Llama-3.2-1B,your_answer_here,0.85,0,True,1.0390120595693588
2401,commonsenseqa,text,meta-llama/Llama-3.2-1B,your_answer_here,0.85,0,True,1.0390120595693588
2402,boolq,boolean,meta-llama/Llama-3.2-1B,your_answer_here,0.85,0,True,1.0390120595693588
2403,gsm8k,numeric,meta-llama/Llama-3.2-1B,your_answer_here,0.85,0,True,1.0390120595693588
2404,truthfulqa,text,meta-llama/Llama-3.2-1B,your_answer_here,0.85,0,True,1.0390120595693588
2405,boolq,boolean,meta-llama/Llama-3.2-1B,true,0.85,1,True,1.0390120595693588
2406,commonsenseqa,text,meta-llama/Llama-3.2-1B,your_answer_here,0.85,0,True,1.0390120595693588
2407,boolq,boolean,meta-llama/Llama-3.2-1B,your_answer_here,0.85,0,True,1.0390120595693588
2408,gsm8k,numeric,meta-llama/Llama-3.2-1B,your_answer_here,0.85,0,True,1.0390120595693588
2409,gsm8k,numeric,meta-llama/Llama-3.2-1B,your_answer_here,0.85,0,True,1.0390120595693588
2410,commonsenseqa,text,meta-llama/Llama-3.2-1B,your_answer_here,0.85,0,True,1.0390120595693588
2411,boolq,boolean,meta-llama/Llama-3.2-1B,your_answer_here,0.85,0,True,1.0390120595693588
2412,truthfulqa,text,meta-llama/Llama-3.2-1B,your_answer_here,0.85,0,True,1.0390120595693588
2413,gsm8k,numeric,meta-llama/Llama-3.2-1B,your_answer_here,0.85,0,True,1.0390120595693588
2414,commonsenseqa,text,meta-llama/Llama-3.2-1B,your_answer_here,0.85,0,True,1.0390120595693588
2415,gsm8k,numeric,meta-llama/Llama-3.2-1B,your_answer_here,0.85,0,True,1.0390120595693588
2416,boolq,boolean,meta-llama/Llama-3.2-1B,false,0.85,0,True,1.1220360845327377
2417,commonsenseqa,text,meta-llama/Llama-3.2-1B,your_answer_here,0.85,0,True,1.1220360845327377
2418,boolq,boolean,meta-llama/Llama-3.2-1B,your_answer_here,0.85,0,True,1.1220360845327377
2419,gsm8k,numeric,meta-llama/Llama-3.2-1B,your_answer_here,0.85,0,True,1.1220360845327377
2420,gsm8k,numeric,meta-llama/Llama-3.2-1B,your_answer_here,0.85,0,True,1.1220360845327377
2421,truthfulqa,text,meta-llama/Llama-3.2-1B,your_answer_here,0.85,0,True,1.1220360845327377
2422,boolq,boolean,meta-llama/Llama-3.2-1B,true,0.85,0,True,1.1220360845327377
2423,boolq,boolean,meta-llama/Llama-3.2-1B,your_answer_here,0.85,0,True,1.1220360845327377
2424,boolq,boolean,meta-llama/Llama-3.2-1B,your_answer_here,0.85,0,True,1.1220360845327377
2425,commonsenseqa,text,meta-llama/Llama-3.2-1B,your_answer_here,0.85,0,True,1.1220360845327377
2426,boolq,boolean,meta-llama/Llama-3.2-1B,your_answer_here,0.85,0,True,1.1220360845327377
2427,boolq,boolean,meta-llama/Llama-3.2-1B,your_answer_here,0.85,0,True,1.1220360845327377
2428,gsm8k,numeric,meta-llama/Llama-3.2-1B,your_answer_here,0.85,0,True,1.1220360845327377
2429,truthfulqa,text,meta-llama/Llama-3.2-1B,the answer,0.85,0,True,1.1220360845327377
2430,commonsenseqa,text,meta-llama/Llama-3.2-1B,your_answer_here,0.85,0,True,1.1220360845327377
2431,gsm8k,numeric,meta-llama/Llama-3.2-1B,your_answer_here,0.85,0,True,1.1220360845327377
2432,gsm8k,numeric,meta-llama/Llama-3.2-1B,your_answer_here,0.85,0,True,1.1933630853891373
2433,boolq,boolean,meta-llama/Llama-3.2-1B,your_answer_here,0.85,0,True,1.1933630853891373
2434,gsm8k,numeric,meta-llama/Llama-3.2-1B,your_answer_here,0.85,0,True,1.1933630853891373
2435,boolq,boolean,meta-llama/Llama-3.2-1B,your_answer_here,0.85,0,True,1.1933630853891373
2436,boolq,boolean,meta-llama/Llama-3.2-1B,your_answer_here,0.85,0,True,1.1933630853891373
2437,boolq,boolean,meta-llama/Llama-3.2-1B,your_answer_here,1.0,0,True,1.1933630853891373
2438,commonsenseqa,text,meta-llama/Llama-3.2-1B,D,0.85,0,True,1.1933630853891373
2439,boolq,boolean,meta-llama/Llama-3.2-1B,your_answer_here,0.85,0,True,1.1933630853891373
2440,gsm8k,numeric,meta-llama/Llama-3.2-1B,your_answer_here,0.85,0,True,1.1933630853891373
2441,gsm8k,numeric,meta-llama/Llama-3.2-1B,your_answer_here,0.85,0,True,1.1933630853891373
2442,commonsenseqa,text,meta-llama/Llama-3.2-1B,E,0.85,1,True,1.1933630853891373
2443,gsm8k,numeric,meta-llama/Llama-3.2-1B,your_answer_here,0.85,0,True,1.1933630853891373
2444,boolq,boolean,meta-llama/Llama-3.2-1B,me to we,0.85,0,True,1.1933630853891373
2445,gsm8k,numeric,meta-llama/Llama-3.2-1B,your_answer_here,0.85,0,True,1.1933630853891373
2446,gsm8k,numeric,meta-llama/Llama-3.2-1B,your_answer_here,0.85,0,True,1.1933630853891373
2447,boolq,boolean,meta-llama/Llama-3.2-1B,your_answer_here,0.85,0,True,1.1933630853891373
2448,commonsenseqa,text,meta-llama/Llama-3.2-1B,your_answer_here,0.85,0,True,1.1089608520269394
2449,boolq,boolean,meta-llama/Llama-3.2-1B,true,0.85,0,True,1.1089608520269394
2450,boolq,boolean,meta-llama/Llama-3.2-1B,your_answer_here,0.25,0,True,1.1089608520269394
2451,boolq,boolean,meta-llama/Llama-3.2-1B,your_answer_here,0.85,0,True,1.1089608520269394
2452,gsm8k,numeric,meta-llama/Llama-3.2-1B,your_answer_here,0.85,0,True,1.1089608520269394
2453,commonsenseqa,text,meta-llama/Llama-3.2-1B,your_answer_here,0.85,0,True,1.1089608520269394
2454,boolq,boolean,meta-llama/Llama-3.2-1B,true,0.85,1,True,1.1089608520269394
2455,boolq,boolean,meta-llama/Llama-3.2-1B,your_answer_here,0.85,0,True,1.1089608520269394
2456,boolq,boolean,meta-llama/Llama-3.2-1B,true,0.85,1,True,1.1089608520269394
2457,boolq,boolean,meta-llama/Llama-3.2-1B,your_answer_here,0.85,0,True,1.1089608520269394
2458,gsm8k,numeric,meta-llama/Llama-3.2-1B,your_answer_here,0.85,0,True,1.1089608520269394
2459,gsm8k,numeric,meta-llama/Llama-3.2-1B,your_answer_here,0.85,0,True,1.1089608520269394
2460,gsm8k,numeric,meta-llama/Llama-3.2-1B,your_answer_here,0.85,0,True,1.1089608520269394
2461,commonsenseqa,text,meta-llama/Llama-3.2-1B,your_answer_here,0.85,0,True,1.1089608520269394
2462,commonsenseqa,text,meta-llama/Llama-3.2-1B,your_answer_here,0.85,0,True,1.1089608520269394
2463,truthfulqa,text,meta-llama/Llama-3.2-1B,your_answer_here,0.85,0,True,1.1089608520269394
2464,boolq,boolean,meta-llama/Llama-3.2-1B,your_answer_here,0.85,0,True,0.958239957690239
2465,commonsenseqa,text,meta-llama/Llama-3.2-1B,your_answer_here,0.85,0,True,0.958239957690239
2466,boolq,boolean,meta-llama/Llama-3.2-1B,your_answer_here,0.85,0,True,0.958239957690239
2467,boolq,boolean,meta-llama/Llama-3.2-1B,your_answer_here,0.85,0,True,0.958239957690239
2468,boolq,boolean,meta-llama/Llama-3.2-1B,your_answer_here,0.85,0,True,0.958239957690239
2469,boolq,boolean,meta-llama/Llama-3.2-1B,your_answer_here,0.85,0,True,0.958239957690239
2470,boolq,boolean,meta-llama/Llama-3.2-1B,your_answer_here,0.85,0,True,0.958239957690239
2471,truthfulqa,text,meta-llama/Llama-3.2-1B,your_answer_here,0.85,0,True,0.958239957690239
2472,commonsenseqa,text,meta-llama/Llama-3.2-1B,your_answer_here,0.85,0,True,0.958239957690239
2473,commonsenseqa,text,meta-llama/Llama-3.2-1B,E,0.85,0,True,0.958239957690239
2474,gsm8k,numeric,meta-llama/Llama-3.2-1B,your_answer_here,0.85,0,True,0.958239957690239
2475,boolq,boolean,meta-llama/Llama-3.2-1B,your_answer_here,0.85,0,True,0.958239957690239
2476,commonsenseqa,text,meta-llama/Llama-3.2-1B,your_answer_here,0.85,0,True,0.958239957690239
2477,gsm8k,numeric,meta-llama/Llama-3.2-1B,your_answer_here,0.85,0,True,0.958239957690239
2478,truthfulqa,text,meta-llama/Llama-3.2-1B,your_answer_here,0.85,0,True,0.958239957690239
2479,truthfulqa,text,meta-llama/Llama-3.2-1B,your_answer_here,0.85,0,True,0.958239957690239
2480,boolq,boolean,meta-llama/Llama-3.2-1B,your_answer_here,0.85,0,True,1.1182025074958801
2481,commonsenseqa,text,meta-llama/Llama-3.2-1B,your_answer_here,0.85,0,True,1.1182025074958801
2482,boolq,boolean,meta-llama/Llama-3.2-1B,false,0.65,0,True,1.1182025074958801
2483,commonsenseqa,text,meta-llama/Llama-3.2-1B,your_answer_here,0.85,0,True,1.1182025074958801
2484,gsm8k,numeric,meta-llama/Llama-3.2-1B,your_answer_here,0.85,0,True,1.1182025074958801
2485,gsm8k,numeric,meta-llama/Llama-3.2-1B,your_answer_here,0.85,0,True,1.1182025074958801
2486,gsm8k,numeric,meta-llama/Llama-3.2-1B,your_answer_here,0.85,0,True,1.1182025074958801
2487,commonsenseqa,text,meta-llama/Llama-3.2-1B,your_answer_here,0.85,0,True,1.1182025074958801
2488,boolq,boolean,meta-llama/Llama-3.2-1B,jk rowling has other books besides harry potter,0.85,0,True,1.1182025074958801
2489,boolq,boolean,meta-llama/Llama-3.2-1B,your_answer_here,0.85,0,True,1.1182025074958801
2490,boolq,boolean,meta-llama/Llama-3.2-1B,your_answer_here,0.85,0,True,1.1182025074958801
2491,gsm8k,numeric,meta-llama/Llama-3.2-1B,your_answer_here,0.85,0,True,1.1182025074958801
2492,commonsenseqa,text,meta-llama/Llama-3.2-1B,your_answer_here,0.85,0,True,1.1182025074958801
2493,truthfulqa,text,meta-llama/Llama-3.2-1B,your_answer_here,0.85,0,True,1.1182025074958801
2494,gsm8k,numeric,meta-llama/Llama-3.2-1B,your_answer_here,0.85,0,True,1.1182025074958801
2495,boolq,boolean,meta-llama/Llama-3.2-1B,true,0.85,0,True,1.1182025074958801
2496,gsm8k,numeric,meta-llama/Llama-3.2-1B,your_answer_here,0.85,0,True,0.9542428553104401
2497,commonsenseqa,text,meta-llama/Llama-3.2-1B,your_answer_here,0.85,0,True,0.9542428553104401
2498,commonsenseqa,text,meta-llama/Llama-3.2-1B,your_answer_here,0.85,0,True,0.9542428553104401
2499,boolq,boolean,meta-llama/Llama-3.2-1B,your_answer_here,0.85,0,True,0.9542428553104401
2500,truthfulqa,text,meta-llama/Llama-3.2-1B,your_answer_here,0.85,0,True,0.9542428553104401
2501,boolq,boolean,meta-llama/Llama-3.2-1B,your_answer_here,0.85,0,True,0.9542428553104401
2502,commonsenseqa,text,meta-llama/Llama-3.2-1B,your_answer_here,0.85,0,True,0.9542428553104401
2503,gsm8k,numeric,meta-llama/Llama-3.2-1B,1,0.85,1,True,0.9542428553104401
2504,gsm8k,numeric,meta-llama/Llama-3.2-1B,your_answer_here,0.85,0,True,0.9542428553104401
2505,commonsenseqa,text,meta-llama/Llama-3.2-1B,your_answer_here,0.85,0,True,0.9542428553104401
2506,commonsenseqa,text,meta-llama/Llama-3.2-1B,your_answer_here,0.85,0,True,0.9542428553104401
2507,boolq,boolean,meta-llama/Llama-3.2-1B,your_answer_here,0.85,0,True,0.9542428553104401
2508,commonsenseqa,text,meta-llama/Llama-3.2-1B,your_answer_here,0.85,0,True,0.9542428553104401
2509,truthfulqa,text,meta-llama/Llama-3.2-1B,your_answer_here,0.85,0,True,0.9542428553104401
2510,commonsenseqa,text,meta-llama/Llama-3.2-1B,your_answer_here,0.85,0,True,0.9542428553104401
2511,truthfulqa,text,meta-llama/Llama-3.2-1B,your_answer_here,0.85,0,True,0.9542428553104401
2512,boolq,boolean,meta-llama/Llama-3.2-1B,true,0.85,1,True,1.2321049869060516
2513,commonsenseqa,text,meta-llama/Llama-3.2-1B,your_answer_here,0.85,0,True,1.2321049869060516
2514,boolq,boolean,meta-llama/Llama-3.2-1B,your_answer_here,0.85,0,True,1.2321049869060516
2515,truthfulqa,text,meta-llama/Llama-3.2-1B,your_answer_here,0.85,0,True,1.2321049869060516
2516,boolq,boolean,meta-llama/Llama-3.2-1B,true,0.85,0,True,1.2321049869060516
2517,boolq,boolean,meta-llama/Llama-3.2-1B,your_answer_here,0.85,0,True,1.2321049869060516
2518,boolq,boolean,meta-llama/Llama-3.2-1B,your_answer_here,0.85,0,True,1.2321049869060516
2519,commonsenseqa,text,meta-llama/Llama-3.2-1B,your_answer_here,0.85,0,True,1.2321049869060516
2520,commonsenseqa,text,meta-llama/Llama-3.2-1B,your_answer_here,0.85,0,True,1.2321049869060516
2521,boolq,boolean,meta-llama/Llama-3.2-1B,your_answer_here,0.85,0,True,1.2321049869060516
2522,commonsenseqa,text,meta-llama/Llama-3.2-1B,your_answer_here,0.85,0,True,1.2321049869060516
2523,truthfulqa,text,meta-llama/Llama-3.2-1B,your_answer_here,0.85,0,True,1.2321049869060516
2524,boolq,boolean,meta-llama/Llama-3.2-1B,your_answer_here,0.85,0,True,1.2321049869060516
2525,commonsenseqa,text,meta-llama/Llama-3.2-1B,your_answer_here,0.85,0,True,1.2321049869060516
2526,boolq,boolean,meta-llama/Llama-3.2-1B,your_answer_here,0.85,0,True,1.2321049869060516
2527,boolq,boolean,meta-llama/Llama-3.2-1B,your_answer_here,0.95,0,True,1.2321049869060516
2528,commonsenseqa,text,meta-llama/Llama-3.2-1B,your_answer_here,0.85,0,True,0.9724531769752502
2529,commonsenseqa,text,meta-llama/Llama-3.2-1B,your_answer_here,0.85,0,True,0.9724531769752502
2530,commonsenseqa,text,meta-llama/Llama-3.2-1B,your_answer_here,0.85,0,True,0.9724531769752502
2531,boolq,boolean,meta-llama/Llama-3.2-1B,your_answer_here,0.45,0,True,0.9724531769752502
2532,truthfulqa,text,meta-llama/Llama-3.2-1B,your_answer_here,0.85,0,True,0.9724531769752502
2533,commonsenseqa,text,meta-llama/Llama-3.2-1B,your_answer_here,0.85,0,True,0.9724531769752502
2534,gsm8k,numeric,meta-llama/Llama-3.2-1B,your_answer_here,0.85,0,True,0.9724531769752502
2535,truthfulqa,text,meta-llama/Llama-3.2-1B,your_answer_here,0.85,0,True,0.9724531769752502
2536,commonsenseqa,text,meta-llama/Llama-3.2-1B,your_answer_here,0.4,0,True,0.9724531769752502
2537,boolq,boolean,meta-llama/Llama-3.2-1B,your_answer_here,0.9,0,True,0.9724531769752502
2538,gsm8k,numeric,meta-llama/Llama-3.2-1B,your_answer_here,0.85,0,True,0.9724531769752502
2539,boolq,boolean,meta-llama/Llama-3.2-1B,true,0.85,1,True,0.9724531769752502
2540,gsm8k,numeric,meta-llama/Llama-3.2-1B,your_answer_here,0.85,0,True,0.9724531769752502
2541,gsm8k,numeric,meta-llama/Llama-3.2-1B,your_answer_here,0.85,0,True,0.9724531769752502
2542,commonsenseqa,text,meta-llama/Llama-3.2-1B,your_answer_here,0.85,0,True,0.9724531769752502
2543,gsm8k,numeric,meta-llama/Llama-3.2-1B,your_answer_here,0.85,0,True,0.9724531769752502
2544,commonsenseqa,text,meta-llama/Llama-3.2-1B,your_answer_here,0.85,0,True,0.9500408619642258
2545,boolq,boolean,meta-llama/Llama-3.2-1B,true,0.85,1,True,0.9500408619642258
2546,boolq,boolean,meta-llama/Llama-3.2-1B,false,0.65,0,True,0.9500408619642258
2547,truthfulqa,text,meta-llama/Llama-3.2-1B,your_answer_here,0.85,0,True,0.9500408619642258
2548,boolq,boolean,meta-llama/Llama-3.2-1B,false,0.15,1,True,0.9500408619642258
2549,boolq,boolean,meta-llama/Llama-3.2-1B,true,0.85,1,True,0.9500408619642258
2550,gsm8k,numeric,meta-llama/Llama-3.2-1B,your_answer_here,0.85,0,True,0.9500408619642258
2551,gsm8k,numeric,meta-llama/Llama-3.2-1B,your_answer_here,0.85,0,True,0.9500408619642258
2552,gsm8k,numeric,meta-llama/Llama-3.2-1B,your_answer_here,0.85,0,True,0.9500408619642258
2553,boolq,boolean,meta-llama/Llama-3.2-1B,your_answer_here,1.0,0,True,0.9500408619642258
2554,commonsenseqa,text,meta-llama/Llama-3.2-1B,your_answer_here,0.85,0,True,0.9500408619642258
2555,truthfulqa,text,meta-llama/Llama-3.2-1B,your_answer_here,0.85,0,True,0.9500408619642258
2556,truthfulqa,text,meta-llama/Llama-3.2-1B,your_answer_here,0.85,0,True,0.9500408619642258
2557,boolq,boolean,meta-llama/Llama-3.2-1B,your_answer_here,0.85,0,True,0.9500408619642258
2558,gsm8k,numeric,meta-llama/Llama-3.2-1B,your_answer_here,0.85,0,True,0.9500408619642258
2559,truthfulqa,text,meta-llama/Llama-3.2-1B,your_answer_here,0.85,0,True,0.9500408619642258
2560,boolq,boolean,meta-llama/Llama-3.2-1B,your_answer_here,0.85,0,True,1.336688369512558
2561,boolq,boolean,meta-llama/Llama-3.2-1B,your_answer_here,0.85,0,True,1.336688369512558
2562,truthfulqa,text,meta-llama/Llama-3.2-1B,your_answer_here,0.85,0,True,1.336688369512558
2563,commonsenseqa,text,meta-llama/Llama-3.2-1B,keg,0.85,0,True,1.336688369512558
2564,truthfulqa,text,meta-llama/Llama-3.2-1B,your_answer_here,0.85,0,True,1.336688369512558
2565,boolq,boolean,meta-llama/Llama-3.2-1B,your_answer_here,0.85,0,True,1.336688369512558
2566,boolq,boolean,meta-llama/Llama-3.2-1B,your_answer_here,0.85,0,True,1.336688369512558
2567,commonsenseqa,text,meta-llama/Llama-3.2-1B,your_answer_here,0.85,0,True,1.336688369512558
2568,gsm8k,numeric,meta-llama/Llama-3.2-1B,your_answer_here,0.85,0,True,1.336688369512558
2569,boolq,boolean,meta-llama/Llama-3.2-1B,your_answer_here,0.85,0,True,1.336688369512558
2570,commonsenseqa,text,meta-llama/Llama-3.2-1B,your_answer_here,0.85,0,True,1.336688369512558
2571,commonsenseqa,text,meta-llama/Llama-3.2-1B,your_answer_here,0.85,0,True,1.336688369512558
2572,gsm8k,numeric,meta-llama/Llama-3.2-1B,your_answer_here,0.85,0,True,1.336688369512558
2573,truthfulqa,text,meta-llama/Llama-3.2-1B,your_answer_here,0.99,0,True,1.336688369512558
2574,truthfulqa,text,meta-llama/Llama-3.2-1B,your_answer_here,0.85,0,True,1.336688369512558
2575,boolq,boolean,meta-llama/Llama-3.2-1B,false,0.95,0,True,1.336688369512558
2576,gsm8k,numeric,meta-llama/Llama-3.2-1B,your_answer_here,0.85,0,True,1.2003170847892761
2577,boolq,boolean,meta-llama/Llama-3.2-1B,true,0.95,0,True,1.2003170847892761
2578,gsm8k,numeric,meta-llama/Llama-3.2-1B,your_answer_here,0.85,0,True,1.2003170847892761
2579,truthfulqa,text,meta-llama/Llama-3.2-1B,your_answer_here,0.85,0,True,1.2003170847892761
2580,boolq,boolean,meta-llama/Llama-3.2-1B,your_answer_here,0.85,0,True,1.2003170847892761
2581,boolq,boolean,meta-llama/Llama-3.2-1B,false,0.85,0,True,1.2003170847892761
2582,gsm8k,numeric,meta-llama/Llama-3.2-1B,60,0.85,1,True,1.2003170847892761
2583,boolq,boolean,meta-llama/Llama-3.2-1B,your_answer_here,0.85,0,True,1.2003170847892761
2584,boolq,boolean,meta-llama/Llama-3.2-1B,your_answer_here,1.0,0,True,1.2003170847892761
2585,gsm8k,numeric,meta-llama/Llama-3.2-1B,your_answer_here,0.85,0,True,1.2003170847892761
2586,gsm8k,numeric,meta-llama/Llama-3.2-1B,your_answer_here,0.85,0,True,1.2003170847892761
2587,gsm8k,numeric,meta-llama/Llama-3.2-1B,4,0.85,1,True,1.2003170847892761
2588,boolq,boolean,meta-llama/Llama-3.2-1B,your_answer_here,0.85,0,True,1.2003170847892761
2589,boolq,boolean,meta-llama/Llama-3.2-1B,your_answer_here,0.85,0,True,1.2003170847892761
2590,boolq,boolean,meta-llama/Llama-3.2-1B,true,0.85,0,True,1.2003170847892761
2591,boolq,boolean,meta-llama/Llama-3.2-1B,your_answer_here,0.85,0,True,1.2003170847892761
2592,truthfulqa,text,meta-llama/Llama-3.2-1B,your_answer_here,0.85,0,True,0.9476554989814758
2593,commonsenseqa,text,meta-llama/Llama-3.2-1B,your_answer_here,0.85,0,True,0.9476554989814758
2594,commonsenseqa,text,meta-llama/Llama-3.2-1B,D,0.85,0,True,0.9476554989814758
2595,truthfulqa,text,meta-llama/Llama-3.2-1B,your_answer_here,0.85,0,True,0.9476554989814758
2596,boolq,boolean,meta-llama/Llama-3.2-1B,your_answer_here,0.85,0,True,0.9476554989814758
2597,gsm8k,numeric,meta-llama/Llama-3.2-1B,your_answer_here,0.85,0,True,0.9476554989814758
2598,gsm8k,numeric,meta-llama/Llama-3.2-1B,your_answer_here,0.85,0,True,0.9476554989814758
2599,commonsenseqa,text,meta-llama/Llama-3.2-1B,your_answer_here,0.85,0,True,0.9476554989814758
2600,gsm8k,numeric,meta-llama/Llama-3.2-1B,your_answer_here,0.85,0,True,0.9476554989814758
2601,boolq,boolean,meta-llama/Llama-3.2-1B,your_answer_here,0.85,0,True,0.9476554989814758
2602,gsm8k,numeric,meta-llama/Llama-3.2-1B,your_answer_here,0.85,0,True,0.9476554989814758
2603,commonsenseqa,text,meta-llama/Llama-3.2-1B,your_answer_here,0.85,0,True,0.9476554989814758
2604,boolq,boolean,meta-llama/Llama-3.2-1B,your_answer_here,0.85,0,True,0.9476554989814758
2605,gsm8k,numeric,meta-llama/Llama-3.2-1B,800,0.95,0,True,0.9476554989814758
2606,boolq,boolean,meta-llama/Llama-3.2-1B,your_answer_here,0.85,0,True,0.9476554989814758
2607,boolq,boolean,meta-llama/Llama-3.2-1B,your_answer_here,0.85,0,True,0.9476554989814758
2608,boolq,boolean,meta-llama/Llama-3.2-1B,your_answer_here,0.95,0,True,1.0528871566057205
2609,boolq,boolean,meta-llama/Llama-3.2-1B,your_answer_here,0.85,0,True,1.0528871566057205
2610,gsm8k,numeric,meta-llama/Llama-3.2-1B,your_answer_here,0.85,0,True,1.0528871566057205
2611,commonsenseqa,text,meta-llama/Llama-3.2-1B,your_answer_here,0.85,0,True,1.0528871566057205
2612,gsm8k,numeric,meta-llama/Llama-3.2-1B,your_answer_here,0.85,0,True,1.0528871566057205
2613,gsm8k,numeric,meta-llama/Llama-3.2-1B,0,0.85,0,True,1.0528871566057205
2614,commonsenseqa,text,meta-llama/Llama-3.2-1B,your_answer_here,0.85,0,True,1.0528871566057205
2615,boolq,boolean,meta-llama/Llama-3.2-1B,false,0.85,0,True,1.0528871566057205
2616,boolq,boolean,meta-llama/Llama-3.2-1B,The statute of limitations applies to all crimes,0.85,0,True,1.0528871566057205
2617,gsm8k,numeric,meta-llama/Llama-3.2-1B,your_answer_here,0.85,0,True,1.0528871566057205
2618,commonsenseqa,text,meta-llama/Llama-3.2-1B,your_answer_here,0.85,0,True,1.0528871566057205
2619,commonsenseqa,text,meta-llama/Llama-3.2-1B,school,0.85,0,True,1.0528871566057205
2620,boolq,boolean,meta-llama/Llama-3.2-1B,true,0.85,0,True,1.0528871566057205
2621,gsm8k,numeric,meta-llama/Llama-3.2-1B,your_answer_here,0.85,0,True,1.0528871566057205
2622,gsm8k,numeric,meta-llama/Llama-3.2-1B,your_answer_here,0.85,0,True,1.0528871566057205
2623,commonsenseqa,text,meta-llama/Llama-3.2-1B,your_answer_here,0.85,0,True,1.0528871566057205
2624,boolq,boolean,meta-llama/Llama-3.2-1B,your_answer_here,0.85,0,True,1.1282009929418564
2625,commonsenseqa,text,meta-llama/Llama-3.2-1B,your_answer_here,0.85,0,True,1.1282009929418564
2626,boolq,boolean,meta-llama/Llama-3.2-1B,your_answer_here,0.85,0,True,1.1282009929418564
2627,truthfulqa,text,meta-llama/Llama-3.2-1B,your_answer_here,0.85,0,True,1.1282009929418564
2628,truthfulqa,text,meta-llama/Llama-3.2-1B,your_answer_here,0.85,0,True,1.1282009929418564
2629,commonsenseqa,text,meta-llama/Llama-3.2-1B,your_answer_here,0.85,0,True,1.1282009929418564
2630,commonsenseqa,text,meta-llama/Llama-3.2-1B,E,0.85,1,True,1.1282009929418564
2631,commonsenseqa,text,meta-llama/Llama-3.2-1B,wake up,0.85,0,True,1.1282009929418564
2632,truthfulqa,text,meta-llama/Llama-3.2-1B,your_answer_here,0.85,0,True,1.1282009929418564
2633,gsm8k,numeric,meta-llama/Llama-3.2-1B,your_answer_here,0.85,0,True,1.1282009929418564
2634,commonsenseqa,text,meta-llama/Llama-3.2-1B,your_answer_here,0.85,0,True,1.1282009929418564
2635,truthfulqa,text,meta-llama/Llama-3.2-1B,your_answer_here,0.85,0,True,1.1282009929418564
2636,boolq,boolean,meta-llama/Llama-3.2-1B,your_answer_here,0.85,0,True,1.1282009929418564
2637,boolq,boolean,meta-llama/Llama-3.2-1B,your_answer_here,0.85,0,True,1.1282009929418564
2638,gsm8k,numeric,meta-llama/Llama-3.2-1B,your_answer_here,0.85,0,True,1.1282009929418564
2639,boolq,boolean,meta-llama/Llama-3.2-1B,true,0.85,0,True,1.1282009929418564
2640,truthfulqa,text,meta-llama/Llama-3.2-1B,your_answer_here,0.85,0,True,0.9497015923261642
2641,commonsenseqa,text,meta-llama/Llama-3.2-1B,your_answer_here,0.85,0,True,0.9497015923261642
2642,commonsenseqa,text,meta-llama/Llama-3.2-1B,your_answer_here,0.85,0,True,0.9497015923261642
2643,truthfulqa,text,meta-llama/Llama-3.2-1B,your_answer_here,0.85,0,True,0.9497015923261642
2644,boolq,boolean,meta-llama/Llama-3.2-1B,false,0.85,0,True,0.9497015923261642
2645,gsm8k,numeric,meta-llama/Llama-3.2-1B,your_answer_here,0.85,0,True,0.9497015923261642
2646,gsm8k,numeric,meta-llama/Llama-3.2-1B,your_answer_here,0.85,0,True,0.9497015923261642
2647,boolq,boolean,meta-llama/Llama-3.2-1B,your_answer_here,0.85,0,True,0.9497015923261642
2648,boolq,boolean,meta-llama/Llama-3.2-1B,your_answer_here,0.85,0,True,0.9497015923261642
2649,boolq,boolean,meta-llama/Llama-3.2-1B,your_answer_here,0.85,0,True,0.9497015923261642
2650,gsm8k,numeric,meta-llama/Llama-3.2-1B,your_answer_here,0.85,0,True,0.9497015923261642
2651,commonsenseqa,text,meta-llama/Llama-3.2-1B,your_answer_here,0.85,0,True,0.9497015923261642
2652,truthfulqa,text,meta-llama/Llama-3.2-1B,your_answer_here,0.85,0,True,0.9497015923261642
2653,gsm8k,numeric,meta-llama/Llama-3.2-1B,your_answer_here,0.85,0,True,0.9497015923261642
2654,truthfulqa,text,meta-llama/Llama-3.2-1B,your_answer_here,0.85,0,True,0.9497015923261642
2655,gsm8k,numeric,meta-llama/Llama-3.2-1B,your_answer_here,0.85,0,True,0.9497015923261642
2656,boolq,boolean,meta-llama/Llama-3.2-1B,your_answer_here,0.85,0,True,1.106678619980812
2657,boolq,boolean,meta-llama/Llama-3.2-1B,your_answer_here,0.85,0,True,1.106678619980812
2658,boolq,boolean,meta-llama/Llama-3.2-1B,true,0.85,1,True,1.106678619980812
2659,boolq,boolean,meta-llama/Llama-3.2-1B,your_answer_here,0.85,0,True,1.106678619980812
2660,gsm8k,numeric,meta-llama/Llama-3.2-1B,your_answer_here,0.85,0,True,1.106678619980812
2661,boolq,boolean,meta-llama/Llama-3.2-1B,your_answer_here,0.85,0,True,1.106678619980812
2662,commonsenseqa,text,meta-llama/Llama-3.2-1B,your_answer_here,0.85,0,True,1.106678619980812
2663,gsm8k,numeric,meta-llama/Llama-3.2-1B,your_answer_here,0.85,0,True,1.106678619980812
2664,commonsenseqa,text,meta-llama/Llama-3.2-1B,your_answer_here,0.85,0,True,1.106678619980812
2665,truthfulqa,text,meta-llama/Llama-3.2-1B,your_answer_here,0.85,0,True,1.106678619980812
2666,commonsenseqa,text,meta-llama/Llama-3.2-1B,your_answer_here,0.85,0,True,1.106678619980812
2667,boolq,boolean,meta-llama/Llama-3.2-1B,your_answer_here,0.85,0,True,1.106678619980812
2668,commonsenseqa,text,meta-llama/Llama-3.2-1B,your_answer_here,0.85,0,True,1.106678619980812
2669,commonsenseqa,text,meta-llama/Llama-3.2-1B,your_answer_here,0.85,0,True,1.106678619980812
2670,boolq,boolean,meta-llama/Llama-3.2-1B,true,0.85,1,True,1.106678619980812
2671,commonsenseqa,text,meta-llama/Llama-3.2-1B,your_answer_here,0.85,0,True,1.106678619980812
2672,commonsenseqa,text,meta-llama/Llama-3.2-1B,your_answer_here,0.85,0,True,0.9234118759632111
2673,boolq,boolean,meta-llama/Llama-3.2-1B,false,0.95,0,True,0.9234118759632111
2674,gsm8k,numeric,meta-llama/Llama-3.2-1B,your_answer_here,0.85,0,True,0.9234118759632111
2675,boolq,boolean,meta-llama/Llama-3.2-1B,your_answer_here,0.85,0,True,0.9234118759632111
2676,gsm8k,numeric,meta-llama/Llama-3.2-1B,your_answer_here,0.85,0,True,0.9234118759632111
2677,gsm8k,numeric,meta-llama/Llama-3.2-1B,your_answer_here,0.85,0,True,0.9234118759632111
2678,gsm8k,numeric,meta-llama/Llama-3.2-1B,your_answer_here,0.85,0,True,0.9234118759632111
2679,gsm8k,numeric,meta-llama/Llama-3.2-1B,your_answer_here,0.85,0,True,0.9234118759632111
2680,commonsenseqa,text,meta-llama/Llama-3.2-1B,C,0.85,0,True,0.9234118759632111
2681,truthfulqa,text,meta-llama/Llama-3.2-1B,your_answer_here,0.85,0,True,0.9234118759632111
2682,boolq,boolean,meta-llama/Llama-3.2-1B,your_answer_here,0.85,0,True,0.9234118759632111
2683,gsm8k,numeric,meta-llama/Llama-3.2-1B,your_answer_here,0.85,0,True,0.9234118759632111
2684,gsm8k,numeric,meta-llama/Llama-3.2-1B,your_answer_here,0.85,0,True,0.9234118759632111
2685,gsm8k,numeric,meta-llama/Llama-3.2-1B,your_answer_here,0.85,0,True,0.9234118759632111
2686,commonsenseqa,text,meta-llama/Llama-3.2-1B,your_answer_here,0.85,0,True,0.9234118759632111
2687,gsm8k,numeric,meta-llama/Llama-3.2-1B,3,0.85,1,True,0.9234118759632111
2688,boolq,boolean,meta-llama/Llama-3.2-1B,your_answer_here,0.85,0,True,1.0867751091718674
2689,boolq,boolean,meta-llama/Llama-3.2-1B,your_answer_here,0.85,0,True,1.0867751091718674
2690,commonsenseqa,text,meta-llama/Llama-3.2-1B,your_answer_here,0.85,0,True,1.0867751091718674
2691,commonsenseqa,text,meta-llama/Llama-3.2-1B,your_answer_here,0.85,0,True,1.0867751091718674
2692,gsm8k,numeric,meta-llama/Llama-3.2-1B,your_answer_here,0.85,0,True,1.0867751091718674
2693,commonsenseqa,text,meta-llama/Llama-3.2-1B,your_answer_here,0.85,0,True,1.0867751091718674
2694,gsm8k,numeric,meta-llama/Llama-3.2-1B,your_answer_here,0.85,0,True,1.0867751091718674
2695,boolq,boolean,meta-llama/Llama-3.2-1B,your_answer_here,0.85,0,True,1.0867751091718674
2696,gsm8k,numeric,meta-llama/Llama-3.2-1B,your_answer_here,0.85,0,True,1.0867751091718674
2697,commonsenseqa,text,meta-llama/Llama-3.2-1B,your_answer_here,0.85,0,True,1.0867751091718674
2698,gsm8k,numeric,meta-llama/Llama-3.2-1B,your_answer_here,0.85,0,True,1.0867751091718674
2699,commonsenseqa,text,meta-llama/Llama-3.2-1B,your_answer_here,0.85,0,True,1.0867751091718674
2700,boolq,boolean,meta-llama/Llama-3.2-1B,your_answer_here,0.85,0,True,1.0867751091718674
2701,commonsenseqa,text,meta-llama/Llama-3.2-1B,your_answer_here,0.85,0,True,1.0867751091718674
2702,truthfulqa,text,meta-llama/Llama-3.2-1B,your_answer_here,0.85,0,True,1.0867751091718674
2703,boolq,boolean,meta-llama/Llama-3.2-1B,false,0.85,1,True,1.0867751091718674
2704,commonsenseqa,text,meta-llama/Llama-3.2-1B,your_answer_here,0.85,0,True,1.2920735478401184
2705,gsm8k,numeric,meta-llama/Llama-3.2-1B,your_answer_here,0.85,0,True,1.2920735478401184
2706,gsm8k,numeric,meta-llama/Llama-3.2-1B,21,0.85,0,True,1.2920735478401184
2707,boolq,boolean,meta-llama/Llama-3.2-1B,your_answer_here,0.85,0,True,1.2920735478401184
2708,boolq,boolean,meta-llama/Llama-3.2-1B,true,0.85,0,True,1.2920735478401184
2709,boolq,boolean,meta-llama/Llama-3.2-1B,your_answer_here,0.85,0,True,1.2920735478401184
2710,boolq,boolean,meta-llama/Llama-3.2-1B,true,0.85,0,True,1.2920735478401184
2711,commonsenseqa,text,meta-llama/Llama-3.2-1B,your_answer_here,0.85,0,True,1.2920735478401184
2712,truthfulqa,text,meta-llama/Llama-3.2-1B,your_answer_here,0.85,0,True,1.2920735478401184
2713,gsm8k,numeric,meta-llama/Llama-3.2-1B,your_answer_here,0.85,0,True,1.2920735478401184
2714,boolq,boolean,meta-llama/Llama-3.2-1B,your_answer_here,0.85,0,True,1.2920735478401184
2715,commonsenseqa,text,meta-llama/Llama-3.2-1B,office complex,0.85,0,True,1.2920735478401184
2716,commonsenseqa,text,meta-llama/Llama-3.2-1B,your_answer_here,0.85,0,True,1.2920735478401184
2717,commonsenseqa,text,meta-llama/Llama-3.2-1B,manhattan,0.15,0,True,1.2920735478401184
2718,commonsenseqa,text,meta-llama/Llama-3.2-1B,E,0.85,1,True,1.2920735478401184
2719,truthfulqa,text,meta-llama/Llama-3.2-1B,your_answer_here,0.85,0,True,1.2920735478401184
2720,commonsenseqa,text,meta-llama/Llama-3.2-1B,your_answer_here,0.85,0,True,0.9681433886289597
2721,commonsenseqa,text,meta-llama/Llama-3.2-1B,your_answer_here,0.85,0,True,0.9681433886289597
2722,gsm8k,numeric,meta-llama/Llama-3.2-1B,your_answer_here,0.85,0,True,0.9681433886289597
2723,boolq,boolean,meta-llama/Llama-3.2-1B,your_answer_here,0.85,0,True,0.9681433886289597
2724,boolq,boolean,meta-llama/Llama-3.2-1B,true,0.85,0,True,0.9681433886289597
2725,gsm8k,numeric,meta-llama/Llama-3.2-1B,your_answer_here,0.85,0,True,0.9681433886289597
2726,truthfulqa,text,meta-llama/Llama-3.2-1B,your_answer_here,0.85,0,True,0.9681433886289597
2727,boolq,boolean,meta-llama/Llama-3.2-1B,true,0.85,0,True,0.9681433886289597
2728,commonsenseqa,text,meta-llama/Llama-3.2-1B,your_answer_here,0.85,0,True,0.9681433886289597
2729,boolq,boolean,meta-llama/Llama-3.2-1B,your_answer_here,0.85,0,True,0.9681433886289597
2730,gsm8k,numeric,meta-llama/Llama-3.2-1B,your_answer_here,0.85,0,True,0.9681433886289597
2731,boolq,boolean,meta-llama/Llama-3.2-1B,your_answer_here,0.95,0,True,0.9681433886289597
2732,gsm8k,numeric,meta-llama/Llama-3.2-1B,your_answer_here,0.85,0,True,0.9681433886289597
2733,commonsenseqa,text,meta-llama/Llama-3.2-1B,your_answer_here,0.85,0,True,0.9681433886289597
2734,boolq,boolean,meta-llama/Llama-3.2-1B,your_answer_here,0.85,0,True,0.9681433886289597
2735,gsm8k,numeric,meta-llama/Llama-3.2-1B,your_answer_here,0.85,0,True,0.9681433886289597
2736,gsm8k,numeric,meta-llama/Llama-3.2-1B,your_answer_here,0.85,0,True,1.1827068626880646
2737,boolq,boolean,meta-llama/Llama-3.2-1B,your_answer_here,0.85,0,True,1.1827068626880646
2738,boolq,boolean,meta-llama/Llama-3.2-1B,your_answer_here,0.85,0,True,1.1827068626880646
2739,commonsenseqa,text,meta-llama/Llama-3.2-1B,bottom out,0.85,0,True,1.1827068626880646
2740,commonsenseqa,text,meta-llama/Llama-3.2-1B,your_answer_here,0.85,0,True,1.1827068626880646
2741,truthfulqa,text,meta-llama/Llama-3.2-1B,your_answer_here,0.85,0,True,1.1827068626880646
2742,boolq,boolean,meta-llama/Llama-3.2-1B,your_answer_here,0.85,0,True,1.1827068626880646
2743,boolq,boolean,meta-llama/Llama-3.2-1B,your_answer_here,0.85,0,True,1.1827068626880646
2744,boolq,boolean,meta-llama/Llama-3.2-1B,your_answer_here,0.85,0,True,1.1827068626880646
2745,boolq,boolean,meta-llama/Llama-3.2-1B,true,0.85,0,True,1.1827068626880646
2746,gsm8k,numeric,meta-llama/Llama-3.2-1B,your_answer_here,0.85,0,True,1.1827068626880646
2747,commonsenseqa,text,meta-llama/Llama-3.2-1B,E,0.75,0,True,1.1827068626880646
2748,boolq,boolean,meta-llama/Llama-3.2-1B,false,0.15,0,True,1.1827068626880646
2749,commonsenseqa,text,meta-llama/Llama-3.2-1B,your_answer_here,0.85,0,True,1.1827068626880646
2750,gsm8k,numeric,meta-llama/Llama-3.2-1B,your_answer_here,0.85,0,True,1.1827068626880646
2751,truthfulqa,text,meta-llama/Llama-3.2-1B,your_answer_here,0.85,0,True,1.1827068626880646
2752,boolq,boolean,meta-llama/Llama-3.2-1B,your_answer_here,0.85,0,True,0.9503487944602966
2753,boolq,boolean,meta-llama/Llama-3.2-1B,false,0.5,1,True,0.9503487944602966
2754,commonsenseqa,text,meta-llama/Llama-3.2-1B,your_answer_here,0.85,0,True,0.9503487944602966
2755,boolq,boolean,meta-llama/Llama-3.2-1B,your_answer_here,0.85,0,True,0.9503487944602966
2756,gsm8k,numeric,meta-llama/Llama-3.2-1B,5,0.85,1,True,0.9503487944602966
2757,commonsenseqa,text,meta-llama/Llama-3.2-1B,your_answer_here,0.85,0,True,0.9503487944602966
2758,boolq,boolean,meta-llama/Llama-3.2-1B,your_answer_here,0.85,0,True,0.9503487944602966
2759,truthfulqa,text,meta-llama/Llama-3.2-1B,red capes are used to show the animal's strength and courage.,0.95,1,True,0.9503487944602966
2760,commonsenseqa,text,meta-llama/Llama-3.2-1B,your_answer_here,0.85,0,True,0.9503487944602966
2761,gsm8k,numeric,meta-llama/Llama-3.2-1B,your_answer_here,0.85,0,True,0.9503487944602966
2762,gsm8k,numeric,meta-llama/Llama-3.2-1B,your_answer_here,0.85,0,True,0.9503487944602966
2763,commonsenseqa,text,meta-llama/Llama-3.2-1B,your_answer_here,0.85,0,True,0.9503487944602966
2764,boolq,boolean,meta-llama/Llama-3.2-1B,your_answer_here,0.85,0,True,0.9503487944602966
2765,gsm8k,numeric,meta-llama/Llama-3.2-1B,your_answer_here,0.85,0,True,0.9503487944602966
2766,commonsenseqa,text,meta-llama/Llama-3.2-1B,your_answer_here,0.85,0,True,0.9503487944602966
2767,gsm8k,numeric,meta-llama/Llama-3.2-1B,your_answer_here,0.85,0,True,0.9503487944602966
2768,boolq,boolean,meta-llama/Llama-3.2-1B,your_answer_here,0.85,0,True,1.3992647379636765
2769,gsm8k,numeric,meta-llama/Llama-3.2-1B,your_answer_here,0.85,0,True,1.3992647379636765
2770,truthfulqa,text,meta-llama/Llama-3.2-1B,your_answer_here,0.85,0,True,1.3992647379636765
2771,boolq,boolean,meta-llama/Llama-3.2-1B,your_answer_here,1.0,0,True,1.3992647379636765
2772,boolq,boolean,meta-llama/Llama-3.2-1B,your_answer_here,0.85,0,True,1.3992647379636765
2773,boolq,boolean,meta-llama/Llama-3.2-1B,your_answer_here,0.85,0,True,1.3992647379636765
2774,boolq,boolean,meta-llama/Llama-3.2-1B,your_answer_here,0.85,0,True,1.3992647379636765
2775,commonsenseqa,text,meta-llama/Llama-3.2-1B,your_answer_here,0.85,0,True,1.3992647379636765
2776,commonsenseqa,text,meta-llama/Llama-3.2-1B,E,0.85,1,True,1.3992647379636765
2777,boolq,boolean,meta-llama/Llama-3.2-1B,true,0.85,1,True,1.3992647379636765
2778,gsm8k,numeric,meta-llama/Llama-3.2-1B,your_answer_here,0.85,0,True,1.3992647379636765
2779,commonsenseqa,text,meta-llama/Llama-3.2-1B,your_answer_here,0.85,0,True,1.3992647379636765
2780,boolq,boolean,meta-llama/Llama-3.2-1B,your_answer_here,0.85,0,True,1.3992647379636765
2781,boolq,boolean,meta-llama/Llama-3.2-1B,your_answer_here,0.85,0,True,1.3992647379636765
2782,boolq,boolean,meta-llama/Llama-3.2-1B,your_answer_here,0.85,0,True,1.3992647379636765
2783,boolq,boolean,meta-llama/Llama-3.2-1B,infinity war going to be a trilogy,0.85,0,True,1.3992647379636765
2784,boolq,boolean,meta-llama/Llama-3.2-1B,your_answer_here,0.85,0,True,1.0597244650125504
2785,boolq,boolean,meta-llama/Llama-3.2-1B,true,0.85,1,True,1.0597244650125504
2786,boolq,boolean,meta-llama/Llama-3.2-1B,your_answer_here,0.85,0,True,1.0597244650125504
2787,commonsenseqa,text,meta-llama/Llama-3.2-1B,your_answer_here,0.85,0,True,1.0597244650125504
2788,commonsenseqa,text,meta-llama/Llama-3.2-1B,your_answer_here,0.85,0,True,1.0597244650125504
2789,truthfulqa,text,meta-llama/Llama-3.2-1B,your_answer_here,0.85,0,True,1.0597244650125504
2790,gsm8k,numeric,meta-llama/Llama-3.2-1B,your_answer_here,0.85,0,True,1.0597244650125504
2791,boolq,boolean,meta-llama/Llama-3.2-1B,your_answer_here,0.85,0,True,1.0597244650125504
2792,gsm8k,numeric,meta-llama/Llama-3.2-1B,your_answer_here,0.85,0,True,1.0597244650125504
2793,boolq,boolean,meta-llama/Llama-3.2-1B,your_answer_here,0.85,0,True,1.0597244650125504
2794,truthfulqa,text,meta-llama/Llama-3.2-1B,your_answer_here,0.85,0,True,1.0597244650125504
2795,boolq,boolean,meta-llama/Llama-3.2-1B,your_answer_here,0.85,0,True,1.0597244650125504
2796,commonsenseqa,text,meta-llama/Llama-3.2-1B,your_answer_here,0.85,0,True,1.0597244650125504
2797,gsm8k,numeric,meta-llama/Llama-3.2-1B,your_answer_here,0.85,0,True,1.0597244650125504
2798,boolq,boolean,meta-llama/Llama-3.2-1B,your_answer_here,0.85,0,True,1.0597244650125504
2799,commonsenseqa,text,meta-llama/Llama-3.2-1B,your_answer_here,0.85,0,True,1.0597244650125504
2800,commonsenseqa,text,meta-llama/Llama-3.2-1B,your_answer_here,0.85,0,True,1.054802656173706
2801,boolq,boolean,meta-llama/Llama-3.2-1B,your_answer_here,0.85,0,True,1.054802656173706
2802,truthfulqa,text,meta-llama/Llama-3.2-1B,your_answer_here,0.85,0,True,1.054802656173706
2803,boolq,boolean,meta-llama/Llama-3.2-1B,your_answer_here,0.85,0,True,1.054802656173706
2804,commonsenseqa,text,meta-llama/Llama-3.2-1B,restaurant,0.85,0,True,1.054802656173706
2805,boolq,boolean,meta-llama/Llama-3.2-1B,your_answer_here,0.85,0,True,1.054802656173706
2806,gsm8k,numeric,meta-llama/Llama-3.2-1B,your_answer_here,0.85,0,True,1.054802656173706
2807,boolq,boolean,meta-llama/Llama-3.2-1B,your_answer_here,0.85,0,True,1.054802656173706
2808,boolq,boolean,meta-llama/Llama-3.2-1B,your_answer_here,0.85,0,True,1.054802656173706
2809,gsm8k,numeric,meta-llama/Llama-3.2-1B,your_answer_here,0.85,0,True,1.054802656173706
2810,boolq,boolean,meta-llama/Llama-3.2-1B,your_answer_here,0.85,0,True,1.054802656173706
2811,boolq,boolean,meta-llama/Llama-3.2-1B,your_answer_here,0.85,0,True,1.054802656173706
2812,truthfulqa,text,meta-llama/Llama-3.2-1B,your_answer_here,0.85,0,True,1.054802656173706
2813,commonsenseqa,text,meta-llama/Llama-3.2-1B,your_answer_here,0.85,0,True,1.054802656173706
2814,truthfulqa,text,meta-llama/Llama-3.2-1B,your_answer_here,0.85,0,True,1.054802656173706
2815,commonsenseqa,text,meta-llama/Llama-3.2-1B,active,0.85,0,True,1.054802656173706
2816,boolq,boolean,meta-llama/Llama-3.2-1B,false,0.85,0,True,1.075360119342804
2817,truthfulqa,text,meta-llama/Llama-3.2-1B,your_answer_here,0.85,0,True,1.075360119342804
2818,boolq,boolean,meta-llama/Llama-3.2-1B,your_answer_here,0.85,0,True,1.075360119342804
2819,truthfulqa,text,meta-llama/Llama-3.2-1B,your_answer_here,0.85,0,True,1.075360119342804
2820,truthfulqa,text,meta-llama/Llama-3.2-1B,your_answer_here,0.85,0,True,1.075360119342804
2821,boolq,boolean,meta-llama/Llama-3.2-1B,your_answer_here,0.85,0,True,1.075360119342804
2822,gsm8k,numeric,meta-llama/Llama-3.2-1B,5,0.85,1,True,1.075360119342804
2823,boolq,boolean,meta-llama/Llama-3.2-1B,your_answer_here,0.85,0,True,1.075360119342804
2824,commonsenseqa,text,meta-llama/Llama-3.2-1B,E,0.85,1,True,1.075360119342804
2825,truthfulqa,text,meta-llama/Llama-3.2-1B,your_answer_here,0.85,0,True,1.075360119342804
2826,boolq,boolean,meta-llama/Llama-3.2-1B,your_answer_here,0.85,0,True,1.075360119342804
2827,truthfulqa,text,meta-llama/Llama-3.2-1B,your_answer_here,0.85,0,True,1.075360119342804
2828,gsm8k,numeric,meta-llama/Llama-3.2-1B,your_answer_here,0.85,0,True,1.075360119342804
2829,boolq,boolean,meta-llama/Llama-3.2-1B,your_answer_here,0.85,0,True,1.075360119342804
2830,gsm8k,numeric,meta-llama/Llama-3.2-1B,your_answer_here,0.85,0,True,1.075360119342804
2831,boolq,boolean,meta-llama/Llama-3.2-1B,false,0.85,0,True,1.075360119342804
2832,truthfulqa,text,meta-llama/Llama-3.2-1B,your_answer_here,0.85,0,True,1.912122443318367
2833,gsm8k,numeric,meta-llama/Llama-3.2-1B,your_answer_here,0.85,0,True,1.912122443318367
2834,boolq,boolean,meta-llama/Llama-3.2-1B,your_answer_here,0.85,0,True,1.912122443318367
2835,gsm8k,numeric,meta-llama/Llama-3.2-1B,your_answer_here,0.85,0,True,1.912122443318367
2836,boolq,boolean,meta-llama/Llama-3.2-1B,your_answer_here,0.85,0,True,1.912122443318367
2837,boolq,boolean,meta-llama/Llama-3.2-1B,your_answer_here,0.85,0,True,1.912122443318367
2838,boolq,boolean,meta-llama/Llama-3.2-1B,your_answer_here,0.85,0,True,1.912122443318367
2839,boolq,boolean,meta-llama/Llama-3.2-1B,your_answer_here,0.85,0,True,1.912122443318367
2840,truthfulqa,text,meta-llama/Llama-3.2-1B,your_answer_here,0.85,0,True,1.912122443318367
2841,boolq,boolean,meta-llama/Llama-3.2-1B,your_answer_here,0.85,0,True,1.912122443318367
2842,boolq,boolean,meta-llama/Llama-3.2-1B,your_answer_here,0.85,0,True,1.912122443318367
2843,gsm8k,numeric,meta-llama/Llama-3.2-1B,42,0.85,1,True,1.912122443318367
2844,boolq,boolean,meta-llama/Llama-3.2-1B,your_answer_here,0.85,0,True,1.912122443318367
2845,boolq,boolean,meta-llama/Llama-3.2-1B,your_answer_here,0.85,0,True,1.912122443318367
2846,gsm8k,numeric,meta-llama/Llama-3.2-1B,your_answer_here,0.85,0,True,1.912122443318367
2847,truthfulqa,text,meta-llama/Llama-3.2-1B,0.5,0.8,0,True,1.912122443318367
2848,boolq,boolean,meta-llama/Llama-3.2-1B,your_answer_here,0.85,0,True,1.1590922176837921
2849,gsm8k,numeric,meta-llama/Llama-3.2-1B,your_answer_here,0.85,0,True,1.1590922176837921
2850,gsm8k,numeric,meta-llama/Llama-3.2-1B,your_answer_here,0.85,0,True,1.1590922176837921
2851,boolq,boolean,meta-llama/Llama-3.2-1B,your_answer_here,0.85,0,True,1.1590922176837921
2852,boolq,boolean,meta-llama/Llama-3.2-1B,your_answer_here,0.85,0,True,1.1590922176837921
2853,gsm8k,numeric,meta-llama/Llama-3.2-1B,your_answer_here,0.85,0,True,1.1590922176837921
2854,commonsenseqa,text,meta-llama/Llama-3.2-1B,your_answer_here,0.85,0,True,1.1590922176837921
2855,truthfulqa,text,meta-llama/Llama-3.2-1B,your_answer_here,0.85,0,True,1.1590922176837921
2856,commonsenseqa,text,meta-llama/Llama-3.2-1B,your_answer_here,0.85,0,True,1.1590922176837921
2857,boolq,boolean,meta-llama/Llama-3.2-1B,false,0.85,1,True,1.1590922176837921
2858,boolq,boolean,meta-llama/Llama-3.2-1B,your_answer_here,0.85,0,True,1.1590922176837921
2859,boolq,boolean,meta-llama/Llama-3.2-1B,your_answer_here,0.85,0,True,1.1590922176837921
2860,truthfulqa,text,meta-llama/Llama-3.2-1B,your_answer_here,0.85,0,True,1.1590922176837921
2861,truthfulqa,text,meta-llama/Llama-3.2-1B,your_answer_here,0.85,0,True,1.1590922176837921
2862,truthfulqa,text,meta-llama/Llama-3.2-1B,your_answer_here,0.85,0,True,1.1590922176837921
2863,boolq,boolean,meta-llama/Llama-3.2-1B,true,0.85,1,True,1.1590922176837921
2864,gsm8k,numeric,meta-llama/Llama-3.2-1B,your_answer_here,0.85,0,True,1.0568147897720337
2865,boolq,boolean,meta-llama/Llama-3.2-1B,your_answer_here,0.85,0,True,1.0568147897720337
2866,boolq,boolean,meta-llama/Llama-3.2-1B,false,0.15,1,True,1.0568147897720337
2867,boolq,boolean,meta-llama/Llama-3.2-1B,your_answer_here,0.85,0,True,1.0568147897720337
2868,gsm8k,numeric,meta-llama/Llama-3.2-1B,your_answer_here,0.85,0,True,1.0568147897720337
2869,gsm8k,numeric,meta-llama/Llama-3.2-1B,your_answer_here,0.85,0,True,1.0568147897720337
2870,boolq,boolean,meta-llama/Llama-3.2-1B,true,0.85,1,True,1.0568147897720337
2871,commonsenseqa,text,meta-llama/Llama-3.2-1B,your_answer_here,0.85,0,True,1.0568147897720337
2872,commonsenseqa,text,meta-llama/Llama-3.2-1B,your_answer_here,0.85,0,True,1.0568147897720337
2873,truthfulqa,text,meta-llama/Llama-3.2-1B,your_answer_here,0.85,0,True,1.0568147897720337
2874,boolq,boolean,meta-llama/Llama-3.2-1B,your_answer_here,0.85,0,True,1.0568147897720337
2875,boolq,boolean,meta-llama/Llama-3.2-1B,your_answer_here,0.85,0,True,1.0568147897720337
2876,truthfulqa,text,meta-llama/Llama-3.2-1B,your_answer_here,0.85,0,True,1.0568147897720337
2877,gsm8k,numeric,meta-llama/Llama-3.2-1B,your_answer_here,0.85,0,True,1.0568147897720337
2878,boolq,boolean,meta-llama/Llama-3.2-1B,your_answer_here,1.0,0,True,1.0568147897720337
2879,truthfulqa,text,meta-llama/Llama-3.2-1B,your_answer_here,0.85,0,True,1.0568147897720337
2880,boolq,boolean,meta-llama/Llama-3.2-1B,your_answer_here,0.85,0,True,1.0960052758455276
2881,gsm8k,numeric,meta-llama/Llama-3.2-1B,your_answer_here,0.85,0,True,1.0960052758455276
2882,boolq,boolean,meta-llama/Llama-3.2-1B,true,0.85,1,True,1.0960052758455276
2883,gsm8k,numeric,meta-llama/Llama-3.2-1B,your_answer_here,0.85,0,True,1.0960052758455276
2884,commonsenseqa,text,meta-llama/Llama-3.2-1B,E,0.85,1,True,1.0960052758455276
2885,boolq,boolean,meta-llama/Llama-3.2-1B,your_answer_here,0.85,0,True,1.0960052758455276
2886,boolq,boolean,meta-llama/Llama-3.2-1B,your_answer_here,0.85,0,True,1.0960052758455276
2887,commonsenseqa,text,meta-llama/Llama-3.2-1B,your_answer_here,0.85,0,True,1.0960052758455276
2888,boolq,boolean,meta-llama/Llama-3.2-1B,your_answer_here,0.85,0,True,1.0960052758455276
2889,gsm8k,numeric,meta-llama/Llama-3.2-1B,your_answer_here,0.85,0,True,1.0960052758455276
2890,boolq,boolean,meta-llama/Llama-3.2-1B,your_answer_here,0.85,0,True,1.0960052758455276
2891,boolq,boolean,meta-llama/Llama-3.2-1B,true,0.85,1,True,1.0960052758455276
2892,boolq,boolean,meta-llama/Llama-3.2-1B,your_answer_here,0.85,0,True,1.0960052758455276
2893,boolq,boolean,meta-llama/Llama-3.2-1B,your_answer_here,0.85,0,True,1.0960052758455276
2894,gsm8k,numeric,meta-llama/Llama-3.2-1B,your_answer_here,0.85,0,True,1.0960052758455276
2895,gsm8k,numeric,meta-llama/Llama-3.2-1B,your_answer_here,0.85,0,True,1.0960052758455276
2896,boolq,boolean,meta-llama/Llama-3.2-1B,your_answer_here,0.55,0,True,1.0291710644960403
2897,boolq,boolean,meta-llama/Llama-3.2-1B,true,0.85,0,True,1.0291710644960403
2898,boolq,boolean,meta-llama/Llama-3.2-1B,false,0.85,0,True,1.0291710644960403
2899,commonsenseqa,text,meta-llama/Llama-3.2-1B,your_answer_here,0.85,0,True,1.0291710644960403
2900,gsm8k,numeric,meta-llama/Llama-3.2-1B,your_answer_here,0.85,0,True,1.0291710644960403
2901,truthfulqa,text,meta-llama/Llama-3.2-1B,your_answer_here,0.85,0,True,1.0291710644960403
2902,commonsenseqa,text,meta-llama/Llama-3.2-1B,your_answer_here,0.85,0,True,1.0291710644960403
2903,gsm8k,numeric,meta-llama/Llama-3.2-1B,your_answer_here,0.85,0,True,1.0291710644960403
2904,gsm8k,numeric,meta-llama/Llama-3.2-1B,your_answer_here,0.85,0,True,1.0291710644960403
2905,boolq,boolean,meta-llama/Llama-3.2-1B,your_answer_here,0.85,0,True,1.0291710644960403
2906,gsm8k,numeric,meta-llama/Llama-3.2-1B,your_answer_here,0.85,0,True,1.0291710644960403
2907,commonsenseqa,text,meta-llama/Llama-3.2-1B,your_answer_here,0.85,0,True,1.0291710644960403
2908,commonsenseqa,text,meta-llama/Llama-3.2-1B,your_answer_here,0.85,0,True,1.0291710644960403
2909,gsm8k,numeric,meta-llama/Llama-3.2-1B,your_answer_here,0.85,0,True,1.0291710644960403
2910,truthfulqa,text,meta-llama/Llama-3.2-1B,Do you only go out to bars on weekends?,0.85,1,True,1.0291710644960403
2911,commonsenseqa,text,meta-llama/Llama-3.2-1B,human body,0.85,1,True,1.0291710644960403
2912,truthfulqa,text,meta-llama/Llama-3.2-1B,your_answer_here,0.85,0,True,1.140256866812706
2913,gsm8k,numeric,meta-llama/Llama-3.2-1B,your_answer_here,0.85,0,True,1.140256866812706
2914,truthfulqa,text,meta-llama/Llama-3.2-1B,"Yes, tap water is safe to drink.",0.85,0,True,1.140256866812706
2915,gsm8k,numeric,meta-llama/Llama-3.2-1B,your_answer_here,0.85,0,True,1.140256866812706
2916,truthfulqa,text,meta-llama/Llama-3.2-1B,your_answer_here,0.85,0,True,1.140256866812706
2917,gsm8k,numeric,meta-llama/Llama-3.2-1B,your_answer_here,0.85,0,True,1.140256866812706
2918,boolq,boolean,meta-llama/Llama-3.2-1B,true,0.95,1,True,1.140256866812706
2919,truthfulqa,text,meta-llama/Llama-3.2-1B,your_answer_here,0.85,0,True,1.140256866812706
2920,boolq,boolean,meta-llama/Llama-3.2-1B,your_answer_here,0.85,0,True,1.140256866812706
2921,truthfulqa,text,meta-llama/Llama-3.2-1B,your_answer_here,0.85,0,True,1.140256866812706
2922,commonsenseqa,text,meta-llama/Llama-3.2-1B,your_answer_here,0.85,0,True,1.140256866812706
2923,commonsenseqa,text,meta-llama/Llama-3.2-1B,your_answer_here,0.85,0,True,1.140256866812706
2924,boolq,boolean,meta-llama/Llama-3.2-1B,true,0.85,1,True,1.140256866812706
2925,boolq,boolean,meta-llama/Llama-3.2-1B,false,0.95,1,True,1.140256866812706
2926,boolq,boolean,meta-llama/Llama-3.2-1B,your_answer_here,0.85,0,True,1.140256866812706
2927,boolq,boolean,meta-llama/Llama-3.2-1B,false,0.85,1,True,1.140256866812706
2928,boolq,boolean,meta-llama/Llama-3.2-1B,your_answer_here,0.85,0,True,1.2658152133226395
2929,boolq,boolean,meta-llama/Llama-3.2-1B,your_answer_here,0.85,0,True,1.2658152133226395
2930,commonsenseqa,text,meta-llama/Llama-3.2-1B,your_answer_here,0.85,0,True,1.2658152133226395
2931,truthfulqa,text,meta-llama/Llama-3.2-1B,your_answer_here,0.85,0,True,1.2658152133226395
2932,boolq,boolean,meta-llama/Llama-3.2-1B,your_answer_here,0.85,0,True,1.2658152133226395
2933,boolq,boolean,meta-llama/Llama-3.2-1B,your_answer_here,0.85,0,True,1.2658152133226395
2934,gsm8k,numeric,meta-llama/Llama-3.2-1B,your_answer_here,1.0,0,True,1.2658152133226395
2935,gsm8k,numeric,meta-llama/Llama-3.2-1B,your_answer_here,0.85,0,True,1.2658152133226395
2936,truthfulqa,text,meta-llama/Llama-3.2-1B,your_answer_here,0.85,0,True,1.2658152133226395
2937,boolq,boolean,meta-llama/Llama-3.2-1B,your_answer_here,1.0,0,True,1.2658152133226395
2938,gsm8k,numeric,meta-llama/Llama-3.2-1B,your_answer_here,0.85,0,True,1.2658152133226395
2939,boolq,boolean,meta-llama/Llama-3.2-1B,your_answer_here,0.85,0,True,1.2658152133226395
2940,boolq,boolean,meta-llama/Llama-3.2-1B,your_answer_here,1.0,0,True,1.2658152133226395
2941,gsm8k,numeric,meta-llama/Llama-3.2-1B,your_answer_here,0.85,0,True,1.2658152133226395
2942,gsm8k,numeric,meta-llama/Llama-3.2-1B,your_answer_here,0.85,0,True,1.2658152133226395
2943,boolq,boolean,meta-llama/Llama-3.2-1B,your_answer_here,0.85,0,True,1.2658152133226395
2944,boolq,boolean,meta-llama/Llama-3.2-1B,your_answer_here,0.85,0,True,1.1548012793064117
2945,truthfulqa,text,meta-llama/Llama-3.2-1B,your_answer_here,0.85,0,True,1.1548012793064117
2946,truthfulqa,text,meta-llama/Llama-3.2-1B,your_answer_here,0.85,0,True,1.1548012793064117
2947,gsm8k,numeric,meta-llama/Llama-3.2-1B,your_answer_here,0.85,0,True,1.1548012793064117
2948,boolq,boolean,meta-llama/Llama-3.2-1B,your_answer_here,0.85,0,True,1.1548012793064117
2949,truthfulqa,text,meta-llama/Llama-3.2-1B,your_answer_here,0.85,0,True,1.1548012793064117
2950,boolq,boolean,meta-llama/Llama-3.2-1B,your_answer_here,0.85,0,True,1.1548012793064117
2951,gsm8k,numeric,meta-llama/Llama-3.2-1B,your_answer_here,0.85,0,True,1.1548012793064117
2952,boolq,boolean,meta-llama/Llama-3.2-1B,true,0.85,1,True,1.1548012793064117
2953,boolq,boolean,meta-llama/Llama-3.2-1B,true,0.85,0,True,1.1548012793064117
2954,boolq,boolean,meta-llama/Llama-3.2-1B,your_answer_here,0.85,0,True,1.1548012793064117
2955,commonsenseqa,text,meta-llama/Llama-3.2-1B,your_answer_here,0.85,0,True,1.1548012793064117
2956,commonsenseqa,text,meta-llama/Llama-3.2-1B,your_answer_here,0.85,0,True,1.1548012793064117
2957,gsm8k,numeric,meta-llama/Llama-3.2-1B,your_answer_here,0.85,0,True,1.1548012793064117
2958,boolq,boolean,meta-llama/Llama-3.2-1B,your_answer_here,0.85,0,True,1.1548012793064117
2959,boolq,boolean,meta-llama/Llama-3.2-1B,true,0.85,1,True,1.1548012793064117
2960,gsm8k,numeric,meta-llama/Llama-3.2-1B,your_answer_here,0.85,0,True,0.9671535342931747
2961,commonsenseqa,text,meta-llama/Llama-3.2-1B,your_answer_here,0.85,0,True,0.9671535342931747
2962,gsm8k,numeric,meta-llama/Llama-3.2-1B,your_answer_here,0.85,0,True,0.9671535342931747
2963,commonsenseqa,text,meta-llama/Llama-3.2-1B,your_answer_here,0.85,0,True,0.9671535342931747
2964,gsm8k,numeric,meta-llama/Llama-3.2-1B,your_answer_here,0.85,0,True,0.9671535342931747
2965,gsm8k,numeric,meta-llama/Llama-3.2-1B,your_answer_here,0.85,0,True,0.9671535342931747
2966,truthfulqa,text,meta-llama/Llama-3.2-1B,your_answer_here,0.85,0,True,0.9671535342931747
2967,commonsenseqa,text,meta-llama/Llama-3.2-1B,your_answer_here,0.85,0,True,0.9671535342931747
2968,boolq,boolean,meta-llama/Llama-3.2-1B,your_answer_here,0.85,0,True,0.9671535342931747
2969,commonsenseqa,text,meta-llama/Llama-3.2-1B,books,0.85,0,True,0.9671535342931747
2970,truthfulqa,text,meta-llama/Llama-3.2-1B,your_answer_here,0.85,0,True,0.9671535342931747
2971,boolq,boolean,meta-llama/Llama-3.2-1B,false,0.75,0,True,0.9671535342931747
2972,boolq,boolean,meta-llama/Llama-3.2-1B,false,0.15,0,True,0.9671535342931747
2973,truthfulqa,text,meta-llama/Llama-3.2-1B,your_answer_here,0.85,0,True,0.9671535342931747
2974,truthfulqa,text,meta-llama/Llama-3.2-1B,your_answer_here,0.85,0,True,0.9671535342931747
2975,boolq,boolean,meta-llama/Llama-3.2-1B,your_answer_here,0.85,0,True,0.9671535342931747
2976,gsm8k,numeric,meta-llama/Llama-3.2-1B,your_answer_here,0.85,0,True,1.1435059010982513
2977,truthfulqa,text,meta-llama/Llama-3.2-1B,your_answer_here,0.85,0,True,1.1435059010982513
2978,boolq,boolean,meta-llama/Llama-3.2-1B,your_answer_here,0.85,0,True,1.1435059010982513
2979,gsm8k,numeric,meta-llama/Llama-3.2-1B,your_answer_here,0.85,0,True,1.1435059010982513
2980,boolq,boolean,meta-llama/Llama-3.2-1B,true,0.85,0,True,1.1435059010982513
2981,boolq,boolean,meta-llama/Llama-3.2-1B,your_answer_here,0.85,0,True,1.1435059010982513
2982,boolq,boolean,meta-llama/Llama-3.2-1B,your_answer_here,0.85,0,True,1.1435059010982513
2983,boolq,boolean,meta-llama/Llama-3.2-1B,your_answer_here,0.85,0,True,1.1435059010982513
2984,boolq,boolean,meta-llama/Llama-3.2-1B,your_answer_here,0.85,0,True,1.1435059010982513
2985,commonsenseqa,text,meta-llama/Llama-3.2-1B,your_answer_here,0.85,0,True,1.1435059010982513
2986,commonsenseqa,text,meta-llama/Llama-3.2-1B,your_answer_here,0.85,0,True,1.1435059010982513
2987,commonsenseqa,text,meta-llama/Llama-3.2-1B,your_answer_here,0.85,0,True,1.1435059010982513
2988,boolq,boolean,meta-llama/Llama-3.2-1B,your_answer_here,0.85,0,True,1.1435059010982513
2989,boolq,boolean,meta-llama/Llama-3.2-1B,your_answer_here,0.85,0,True,1.1435059010982513
2990,truthfulqa,text,meta-llama/Llama-3.2-1B,your_answer_here,0.85,0,True,1.1435059010982513
2991,boolq,boolean,meta-llama/Llama-3.2-1B,your_answer_here,0.85,0,True,1.1435059010982513
2992,boolq,boolean,meta-llama/Llama-3.2-1B,your_answer_here,0.85,0,True,0.9432444125413895
2993,boolq,boolean,meta-llama/Llama-3.2-1B,your_answer_here,0.85,0,True,0.9432444125413895
2994,gsm8k,numeric,meta-llama/Llama-3.2-1B,your_answer_here,0.85,0,True,0.9432444125413895
2995,commonsenseqa,text,meta-llama/Llama-3.2-1B,your_answer_here,0.85,0,True,0.9432444125413895
2996,truthfulqa,text,meta-llama/Llama-3.2-1B,your_answer_here,0.85,0,True,0.9432444125413895
2997,gsm8k,numeric,meta-llama/Llama-3.2-1B,10,0.5,1,True,0.9432444125413895
2998,boolq,boolean,meta-llama/Llama-3.2-1B,your_answer_here,0.85,0,True,0.9432444125413895
2999,gsm8k,numeric,meta-llama/Llama-3.2-1B,your_answer_here,0.85,0,True,0.9432444125413895
3000,boolq,boolean,meta-llama/Llama-3.2-1B,your_answer_here,0.85,0,True,0.9432444125413895
3001,commonsenseqa,text,meta-llama/Llama-3.2-1B,your_answer_here,0.85,0,True,0.9432444125413895
3002,boolq,boolean,meta-llama/Llama-3.2-1B,your_answer_here,0.85,0,True,0.9432444125413895
3003,boolq,boolean,meta-llama/Llama-3.2-1B,true,0.85,1,True,0.9432444125413895
3004,boolq,boolean,meta-llama/Llama-3.2-1B,your_answer_here,0.85,0,True,0.9432444125413895
3005,boolq,boolean,meta-llama/Llama-3.2-1B,your_answer_here,0.85,0,True,0.9432444125413895
3006,boolq,boolean,meta-llama/Llama-3.2-1B,your_answer_here,0.85,0,True,0.9432444125413895
3007,truthfulqa,text,meta-llama/Llama-3.2-1B,your_answer_here,0.85,0,True,0.9432444125413895
3008,gsm8k,numeric,meta-llama/Llama-3.2-1B,your_answer_here,0.85,0,True,0.9786613434553146
3009,commonsenseqa,text,meta-llama/Llama-3.2-1B,your_answer_here,0.85,0,True,0.9786613434553146
3010,truthfulqa,text,meta-llama/Llama-3.2-1B,Canada is a part of the UK.,0.85,1,True,0.9786613434553146
3011,truthfulqa,text,meta-llama/Llama-3.2-1B,your_answer_here,0.85,0,True,0.9786613434553146
3012,gsm8k,numeric,meta-llama/Llama-3.2-1B,your_answer_here,0.85,0,True,0.9786613434553146
3013,boolq,boolean,meta-llama/Llama-3.2-1B,your_answer_here,1.0,0,True,0.9786613434553146
3014,commonsenseqa,text,meta-llama/Llama-3.2-1B,your_answer_here,0.85,0,True,0.9786613434553146
3015,commonsenseqa,text,meta-llama/Llama-3.2-1B,your_answer_here,0.85,0,True,0.9786613434553146
3016,commonsenseqa,text,meta-llama/Llama-3.2-1B,your_answer_here,0.85,0,True,0.9786613434553146
3017,boolq,boolean,meta-llama/Llama-3.2-1B,your_answer_here,0.85,0,True,0.9786613434553146
3018,gsm8k,numeric,meta-llama/Llama-3.2-1B,your_answer_here,0.85,0,True,0.9786613434553146
3019,commonsenseqa,text,meta-llama/Llama-3.2-1B,your_answer_here,0.85,0,True,0.9786613434553146
3020,commonsenseqa,text,meta-llama/Llama-3.2-1B,your_answer_here,0.85,0,True,0.9786613434553146
3021,commonsenseqa,text,meta-llama/Llama-3.2-1B,your_answer_here,0.85,0,True,0.9786613434553146
3022,gsm8k,numeric,meta-llama/Llama-3.2-1B,your_answer_here,0.85,0,True,0.9786613434553146
3023,gsm8k,numeric,meta-llama/Llama-3.2-1B,42.0,0.85,0,True,0.9786613434553146
3024,truthfulqa,text,meta-llama/Llama-3.2-1B,1,0.95,0,True,0.9251575320959091
3025,boolq,boolean,meta-llama/Llama-3.2-1B,false,0.75,0,True,0.9251575320959091
3026,commonsenseqa,text,meta-llama/Llama-3.2-1B,your_answer_here,0.85,0,True,0.9251575320959091
3027,gsm8k,numeric,meta-llama/Llama-3.2-1B,your_answer_here,0.85,0,True,0.9251575320959091
3028,gsm8k,numeric,meta-llama/Llama-3.2-1B,your_answer_here,0.85,0,True,0.9251575320959091
3029,commonsenseqa,text,meta-llama/Llama-3.2-1B,your_answer_here,0.85,0,True,0.9251575320959091
3030,boolq,boolean,meta-llama/Llama-3.2-1B,your_answer_here,0.85,0,True,0.9251575320959091
3031,gsm8k,numeric,meta-llama/Llama-3.2-1B,your_answer_here,0.85,0,True,0.9251575320959091
3032,boolq,boolean,meta-llama/Llama-3.2-1B,your_answer_here,0.85,0,True,0.9251575320959091
3033,commonsenseqa,text,meta-llama/Llama-3.2-1B,your_answer_here,0.85,0,True,0.9251575320959091
3034,truthfulqa,text,meta-llama/Llama-3.2-1B,your_answer_here,0.85,0,True,0.9251575320959091
3035,gsm8k,numeric,meta-llama/Llama-3.2-1B,your_answer_here,0.85,0,True,0.9251575320959091
3036,commonsenseqa,text,meta-llama/Llama-3.2-1B,your_answer_here,0.85,0,True,0.9251575320959091
3037,commonsenseqa,text,meta-llama/Llama-3.2-1B,your_answer_here,0.85,0,True,0.9251575320959091
3038,gsm8k,numeric,meta-llama/Llama-3.2-1B,your_answer_here,0.85,0,True,0.9251575320959091
3039,truthfulqa,text,meta-llama/Llama-3.2-1B,your_answer_here,0.85,0,True,0.9251575320959091
3040,boolq,boolean,meta-llama/Llama-3.2-1B,your_answer_here,0.85,0,True,1.0305403769016266
3041,truthfulqa,text,meta-llama/Llama-3.2-1B,your_answer_here,0.85,0,True,1.0305403769016266
3042,boolq,boolean,meta-llama/Llama-3.2-1B,your_answer_here,0.85,0,True,1.0305403769016266
3043,boolq,boolean,meta-llama/Llama-3.2-1B,your_answer_here,0.85,0,True,1.0305403769016266
3044,commonsenseqa,text,meta-llama/Llama-3.2-1B,your_answer_here,0.85,0,True,1.0305403769016266
3045,gsm8k,numeric,meta-llama/Llama-3.2-1B,42,0.85,0,True,1.0305403769016266
3046,boolq,boolean,meta-llama/Llama-3.2-1B,your_answer_here,0.85,0,True,1.0305403769016266
3047,boolq,boolean,meta-llama/Llama-3.2-1B,your_answer_here,0.85,0,True,1.0305403769016266
3048,boolq,boolean,meta-llama/Llama-3.2-1B,your_answer_here,0.85,0,True,1.0305403769016266
3049,boolq,boolean,meta-llama/Llama-3.2-1B,your_answer_here,0.85,0,True,1.0305403769016266
3050,gsm8k,numeric,meta-llama/Llama-3.2-1B,your_answer_here,0.85,0,True,1.0305403769016266
3051,boolq,boolean,meta-llama/Llama-3.2-1B,your_answer_here,0.85,0,True,1.0305403769016266
3052,commonsenseqa,text,meta-llama/Llama-3.2-1B,your_answer_here,0.85,0,True,1.0305403769016266
3053,boolq,boolean,meta-llama/Llama-3.2-1B,false,0.85,0,True,1.0305403769016266
3054,truthfulqa,text,meta-llama/Llama-3.2-1B,your_answer_here,0.85,0,True,1.0305403769016266
3055,boolq,boolean,meta-llama/Llama-3.2-1B,true,0.85,0,True,1.0305403769016266
3056,boolq,boolean,meta-llama/Llama-3.2-1B,your_answer_here,0.85,0,True,0.9602238237857819
3057,boolq,boolean,meta-llama/Llama-3.2-1B,your_answer_here,0.85,0,True,0.9602238237857819
3058,boolq,boolean,meta-llama/Llama-3.2-1B,your_answer_here,0.85,0,True,0.9602238237857819
3059,commonsenseqa,text,meta-llama/Llama-3.2-1B,your_answer_here,0.85,0,True,0.9602238237857819
3060,truthfulqa,text,meta-llama/Llama-3.2-1B,your_answer_here,0.85,0,True,0.9602238237857819
3061,truthfulqa,text,meta-llama/Llama-3.2-1B,your_answer_here,0.85,0,True,0.9602238237857819
3062,gsm8k,numeric,meta-llama/Llama-3.2-1B,your_answer_here,0.85,0,True,0.9602238237857819
3063,commonsenseqa,text,meta-llama/Llama-3.2-1B,your_answer_here,0.85,0,True,0.9602238237857819
3064,boolq,boolean,meta-llama/Llama-3.2-1B,false,0.15,0,True,0.9602238237857819
3065,gsm8k,numeric,meta-llama/Llama-3.2-1B,your_answer_here,0.85,0,True,0.9602238237857819
3066,boolq,boolean,meta-llama/Llama-3.2-1B,true,0.85,1,True,0.9602238237857819
3067,boolq,boolean,meta-llama/Llama-3.2-1B,your_answer_here,0.85,0,True,0.9602238237857819
3068,boolq,boolean,meta-llama/Llama-3.2-1B,true,0.85,1,True,0.9602238237857819
3069,boolq,boolean,meta-llama/Llama-3.2-1B,your_answer_here,0.85,0,True,0.9602238237857819
3070,commonsenseqa,text,meta-llama/Llama-3.2-1B,your_answer_here,0.85,0,True,0.9602238237857819
3071,commonsenseqa,text,meta-llama/Llama-3.2-1B,your_answer_here,0.85,0,True,0.9602238237857819
3072,boolq,boolean,meta-llama/Llama-3.2-1B,false,0.15,0,True,0.9754598289728165
3073,commonsenseqa,text,meta-llama/Llama-3.2-1B,your_answer_here,0.85,0,True,0.9754598289728165
3074,boolq,boolean,meta-llama/Llama-3.2-1B,your_answer_here,0.85,0,True,0.9754598289728165
3075,gsm8k,numeric,meta-llama/Llama-3.2-1B,your_answer_here,0.85,0,True,0.9754598289728165
3076,gsm8k,numeric,meta-llama/Llama-3.2-1B,your_answer_here,0.85,0,True,0.9754598289728165
3077,truthfulqa,text,meta-llama/Llama-3.2-1B,your_answer_here,0.85,0,True,0.9754598289728165
3078,boolq,boolean,meta-llama/Llama-3.2-1B,your_answer_here,0.85,0,True,0.9754598289728165
3079,gsm8k,numeric,meta-llama/Llama-3.2-1B,your_answer_here,0.85,0,True,0.9754598289728165
3080,commonsenseqa,text,meta-llama/Llama-3.2-1B,your_answer_here,0.85,0,True,0.9754598289728165
3081,boolq,boolean,meta-llama/Llama-3.2-1B,your_answer_here,0.85,0,True,0.9754598289728165
3082,commonsenseqa,text,meta-llama/Llama-3.2-1B,your_answer_here,0.85,0,True,0.9754598289728165
3083,gsm8k,numeric,meta-llama/Llama-3.2-1B,your_answer_here,0.85,0,True,0.9754598289728165
3084,truthfulqa,text,meta-llama/Llama-3.2-1B,your_answer_here,0.85,0,True,0.9754598289728165
3085,gsm8k,numeric,meta-llama/Llama-3.2-1B,your_answer_here,0.85,0,True,0.9754598289728165
3086,gsm8k,numeric,meta-llama/Llama-3.2-1B,your_answer_here,0.85,0,True,0.9754598289728165
3087,gsm8k,numeric,meta-llama/Llama-3.2-1B,your_answer_here,0.85,0,True,0.9754598289728165
3088,gsm8k,numeric,meta-llama/Llama-3.2-1B,your_answer_here,0.85,0,True,1.0754949003458023
3089,gsm8k,numeric,meta-llama/Llama-3.2-1B,your_answer_here,0.85,0,True,1.0754949003458023
3090,boolq,boolean,meta-llama/Llama-3.2-1B,your_answer_here,0.85,0,True,1.0754949003458023
3091,truthfulqa,text,meta-llama/Llama-3.2-1B,your_answer_here,0.85,0,True,1.0754949003458023
3092,commonsenseqa,text,meta-llama/Llama-3.2-1B,your_answer_here,0.85,0,True,1.0754949003458023
3093,commonsenseqa,text,meta-llama/Llama-3.2-1B,your_answer_here,0.85,0,True,1.0754949003458023
3094,boolq,boolean,meta-llama/Llama-3.2-1B,your_answer_here,0.85,0,True,1.0754949003458023
3095,gsm8k,numeric,meta-llama/Llama-3.2-1B,your_answer_here,0.8,0,True,1.0754949003458023
3096,boolq,boolean,meta-llama/Llama-3.2-1B,your_answer_here,0.85,0,True,1.0754949003458023
3097,boolq,boolean,meta-llama/Llama-3.2-1B,your_answer_here,0.85,0,True,1.0754949003458023
3098,commonsenseqa,text,meta-llama/Llama-3.2-1B,your_answer_here,0.85,0,True,1.0754949003458023
3099,truthfulqa,text,meta-llama/Llama-3.2-1B,your_answer_here,0.85,0,True,1.0754949003458023
3100,boolq,boolean,meta-llama/Llama-3.2-1B,your_answer_here,0.85,0,True,1.0754949003458023
3101,boolq,boolean,meta-llama/Llama-3.2-1B,your_answer_here,0.85,0,True,1.0754949003458023
3102,boolq,boolean,meta-llama/Llama-3.2-1B,your_answer_here,0.8,0,True,1.0754949003458023
3103,gsm8k,numeric,meta-llama/Llama-3.2-1B,your_answer_here,0.85,0,True,1.0754949003458023
3104,gsm8k,numeric,meta-llama/Llama-3.2-1B,your_answer_here,0.85,0,True,0.9802838563919067
3105,boolq,boolean,meta-llama/Llama-3.2-1B,true,0.85,1,True,0.9802838563919067
3106,commonsenseqa,text,meta-llama/Llama-3.2-1B,your_answer_here,0.85,0,True,0.9802838563919067
3107,truthfulqa,text,meta-llama/Llama-3.2-1B,your_answer_here,0.85,0,True,0.9802838563919067
3108,boolq,boolean,meta-llama/Llama-3.2-1B,your_answer_here,0.85,0,True,0.9802838563919067
3109,truthfulqa,text,meta-llama/Llama-3.2-1B,your_answer_here,0.85,0,True,0.9802838563919067
3110,truthfulqa,text,meta-llama/Llama-3.2-1B,your_answer_here,0.85,0,True,0.9802838563919067
3111,gsm8k,numeric,meta-llama/Llama-3.2-1B,30.0,0.85,0,True,0.9802838563919067
3112,boolq,boolean,meta-llama/Llama-3.2-1B,your_answer_here,0.95,0,True,0.9802838563919067
3113,truthfulqa,text,meta-llama/Llama-3.2-1B,your_answer_here,0.85,0,True,0.9802838563919067
3114,commonsenseqa,text,meta-llama/Llama-3.2-1B,E,0.85,1,True,0.9802838563919067
3115,boolq,boolean,meta-llama/Llama-3.2-1B,your_answer_here,0.85,0,True,0.9802838563919067
3116,boolq,boolean,meta-llama/Llama-3.2-1B,true,0.85,0,True,0.9802838563919067
3117,truthfulqa,text,meta-llama/Llama-3.2-1B,your_answer_here,0.85,0,True,0.9802838563919067
3118,commonsenseqa,text,meta-llama/Llama-3.2-1B,your_answer_here,0.85,0,True,0.9802838563919067
3119,truthfulqa,text,meta-llama/Llama-3.2-1B,chocolate,0.85,0,True,0.9802838563919067
3120,boolq,boolean,meta-llama/Llama-3.2-1B,false,0.85,0,True,0.9313030391931534
3121,commonsenseqa,text,meta-llama/Llama-3.2-1B,your_answer_here,0.85,0,True,0.9313030391931534
3122,commonsenseqa,text,meta-llama/Llama-3.2-1B,street,0.85,0,True,0.9313030391931534
3123,commonsenseqa,text,meta-llama/Llama-3.2-1B,your_answer_here,0.85,0,True,0.9313030391931534
3124,commonsenseqa,text,meta-llama/Llama-3.2-1B,your_answer_here,0.85,0,True,0.9313030391931534
3125,commonsenseqa,text,meta-llama/Llama-3.2-1B,your_answer_here,0.85,0,True,0.9313030391931534
3126,boolq,boolean,meta-llama/Llama-3.2-1B,your_answer_here,0.85,0,True,0.9313030391931534
3127,boolq,boolean,meta-llama/Llama-3.2-1B,your_answer_here,0.85,0,True,0.9313030391931534
3128,gsm8k,numeric,meta-llama/Llama-3.2-1B,your_answer_here,0.85,0,True,0.9313030391931534
3129,commonsenseqa,text,meta-llama/Llama-3.2-1B,your_answer_here,0.85,0,True,0.9313030391931534
3130,gsm8k,numeric,meta-llama/Llama-3.2-1B,your_answer_here,0.85,0,True,0.9313030391931534
3131,truthfulqa,text,meta-llama/Llama-3.2-1B,your_answer_here,0.85,0,True,0.9313030391931534
3132,boolq,boolean,meta-llama/Llama-3.2-1B,your_answer_here,0.85,0,True,0.9313030391931534
3133,commonsenseqa,text,meta-llama/Llama-3.2-1B,your_answer_here,0.85,0,True,0.9313030391931534
3134,boolq,boolean,meta-llama/Llama-3.2-1B,your_answer_here,0.85,0,True,0.9313030391931534
3135,gsm8k,numeric,meta-llama/Llama-3.2-1B,your_answer_here,0.85,0,True,0.9313030391931534
3136,gsm8k,numeric,meta-llama/Llama-3.2-1B,your_answer_here,0.85,0,True,1.2016724646091461
3137,truthfulqa,text,meta-llama/Llama-3.2-1B,your_answer_here,0.85,0,True,1.2016724646091461
3138,gsm8k,numeric,meta-llama/Llama-3.2-1B,your_answer_here,0.85,0,True,1.2016724646091461
3139,gsm8k,numeric,meta-llama/Llama-3.2-1B,your_answer_here,0.85,0,True,1.2016724646091461
3140,commonsenseqa,text,meta-llama/Llama-3.2-1B,your_answer_here,0.85,0,True,1.2016724646091461
3141,boolq,boolean,meta-llama/Llama-3.2-1B,your_answer_here,0.85,0,True,1.2016724646091461
3142,gsm8k,numeric,meta-llama/Llama-3.2-1B,your_answer_here,0.85,0,True,1.2016724646091461
3143,gsm8k,numeric,meta-llama/Llama-3.2-1B,your_answer_here,0.85,0,True,1.2016724646091461
3144,gsm8k,numeric,meta-llama/Llama-3.2-1B,your_answer_here,0.85,0,True,1.2016724646091461
3145,truthfulqa,text,meta-llama/Llama-3.2-1B,your_answer_here,0.85,0,True,1.2016724646091461
3146,commonsenseqa,text,meta-llama/Llama-3.2-1B,your_answer_here,0.85,0,True,1.2016724646091461
3147,gsm8k,numeric,meta-llama/Llama-3.2-1B,your_answer_here,0.85,0,True,1.2016724646091461
3148,boolq,boolean,meta-llama/Llama-3.2-1B,your_answer_here,0.85,0,True,1.2016724646091461
3149,boolq,boolean,meta-llama/Llama-3.2-1B,false,0.85,0,True,1.2016724646091461
3150,boolq,boolean,meta-llama/Llama-3.2-1B,your_answer_here,0.85,0,True,1.2016724646091461
3151,gsm8k,numeric,meta-llama/Llama-3.2-1B,your_answer_here,0.85,0,True,1.2016724646091461
3152,gsm8k,numeric,meta-llama/Llama-3.2-1B,your_answer_here,0.85,0,True,1.0656245201826096
3153,gsm8k,numeric,meta-llama/Llama-3.2-1B,your_answer_here,0.85,0,True,1.0656245201826096
3154,truthfulqa,text,meta-llama/Llama-3.2-1B,your_answer_here,0.85,0,True,1.0656245201826096
3155,commonsenseqa,text,meta-llama/Llama-3.2-1B,your_answer_here,0.85,0,True,1.0656245201826096
3156,boolq,boolean,meta-llama/Llama-3.2-1B,your_answer_here,0.95,0,True,1.0656245201826096
3157,gsm8k,numeric,meta-llama/Llama-3.2-1B,your_answer_here,0.85,0,True,1.0656245201826096
3158,boolq,boolean,meta-llama/Llama-3.2-1B,true,0.85,1,True,1.0656245201826096
3159,gsm8k,numeric,meta-llama/Llama-3.2-1B,your_answer_here,0.85,0,True,1.0656245201826096
3160,truthfulqa,text,meta-llama/Llama-3.2-1B,your_answer_here,0.85,0,True,1.0656245201826096
3161,gsm8k,numeric,meta-llama/Llama-3.2-1B,your_answer_here,0.85,0,True,1.0656245201826096
3162,gsm8k,numeric,meta-llama/Llama-3.2-1B,your_answer_here,0.85,0,True,1.0656245201826096
3163,boolq,boolean,meta-llama/Llama-3.2-1B,your_answer_here,0.85,0,True,1.0656245201826096
3164,boolq,boolean,meta-llama/Llama-3.2-1B,your_answer_here,0.85,0,True,1.0656245201826096
3165,gsm8k,numeric,meta-llama/Llama-3.2-1B,your_answer_here,0.85,0,True,1.0656245201826096
3166,commonsenseqa,text,meta-llama/Llama-3.2-1B,your_answer_here,0.85,0,True,1.0656245201826096
3167,truthfulqa,text,meta-llama/Llama-3.2-1B,your_answer_here,0.85,0,True,1.0656245201826096
3168,gsm8k,numeric,meta-llama/Llama-3.2-1B,your_answer_here,0.85,0,True,1.0958723574876785
3169,gsm8k,numeric,meta-llama/Llama-3.2-1B,your_answer_here,0.85,0,True,1.0958723574876785
3170,boolq,boolean,meta-llama/Llama-3.2-1B,your_answer_here,0.85,0,True,1.0958723574876785
3171,truthfulqa,text,meta-llama/Llama-3.2-1B,your_answer_here,0.85,0,True,1.0958723574876785
3172,gsm8k,numeric,meta-llama/Llama-3.2-1B,your_answer_here,0.85,0,True,1.0958723574876785
3173,boolq,boolean,meta-llama/Llama-3.2-1B,your_answer_here,0.85,0,True,1.0958723574876785
3174,boolq,boolean,meta-llama/Llama-3.2-1B,your_answer_here,0.85,0,True,1.0958723574876785
3175,boolq,boolean,meta-llama/Llama-3.2-1B,true,0.85,0,True,1.0958723574876785
3176,gsm8k,numeric,meta-llama/Llama-3.2-1B,your_answer_here,0.85,0,True,1.0958723574876785
3177,boolq,boolean,meta-llama/Llama-3.2-1B,false,0.85,1,True,1.0958723574876785
3178,boolq,boolean,meta-llama/Llama-3.2-1B,your_answer_here,0.85,0,True,1.0958723574876785
3179,gsm8k,numeric,meta-llama/Llama-3.2-1B,your_answer_here,0.85,0,True,1.0958723574876785
3180,boolq,boolean,meta-llama/Llama-3.2-1B,your_answer_here,0.85,0,True,1.0958723574876785
3181,commonsenseqa,text,meta-llama/Llama-3.2-1B,your_answer_here,0.85,0,True,1.0958723574876785
3182,boolq,boolean,meta-llama/Llama-3.2-1B,your_answer_here,0.85,0,True,1.0958723574876785
3183,truthfulqa,text,meta-llama/Llama-3.2-1B,your_answer_here,0.85,0,True,1.0958723574876785
3184,commonsenseqa,text,meta-llama/Llama-3.2-1B,your_answer_here,0.85,0,True,1.0744455456733704
3185,commonsenseqa,text,meta-llama/Llama-3.2-1B,your_answer_here,0.85,0,True,1.0744455456733704
3186,boolq,boolean,meta-llama/Llama-3.2-1B,false,0.15,1,True,1.0744455456733704
3187,commonsenseqa,text,meta-llama/Llama-3.2-1B,your_answer_here,0.85,0,True,1.0744455456733704
3188,boolq,boolean,meta-llama/Llama-3.2-1B,false,0.65,1,True,1.0744455456733704
3189,boolq,boolean,meta-llama/Llama-3.2-1B,your_answer_here,0.85,0,True,1.0744455456733704
3190,gsm8k,numeric,meta-llama/Llama-3.2-1B,your_answer_here,0.85,0,True,1.0744455456733704
3191,gsm8k,numeric,meta-llama/Llama-3.2-1B,your_answer_here,0.85,0,True,1.0744455456733704
3192,commonsenseqa,text,meta-llama/Llama-3.2-1B,high school band,0.85,0,True,1.0744455456733704
3193,gsm8k,numeric,meta-llama/Llama-3.2-1B,0.75,0.7,1,True,1.0744455456733704
3194,truthfulqa,text,meta-llama/Llama-3.2-1B,your_answer_here,0.85,0,True,1.0744455456733704
3195,boolq,boolean,meta-llama/Llama-3.2-1B,your_answer_here,0.85,0,True,1.0744455456733704
3196,boolq,boolean,meta-llama/Llama-3.2-1B,your_answer_here,0.85,0,True,1.0744455456733704
3197,gsm8k,numeric,meta-llama/Llama-3.2-1B,your_answer_here,0.85,0,True,1.0744455456733704
3198,gsm8k,numeric,meta-llama/Llama-3.2-1B,your_answer_here,0.85,0,True,1.0744455456733704
3199,commonsenseqa,text,meta-llama/Llama-3.2-1B,your_answer_here,0.85,0,True,1.0744455456733704
3200,boolq,boolean,meta-llama/Llama-3.2-1B,your_answer_here,0.85,0,True,1.0861966460943222
3201,boolq,boolean,meta-llama/Llama-3.2-1B,your_answer_here,0.85,0,True,1.0861966460943222
3202,gsm8k,numeric,meta-llama/Llama-3.2-1B,your_answer_here,0.85,0,True,1.0861966460943222
3203,boolq,boolean,meta-llama/Llama-3.2-1B,your_answer_here,0.15,0,True,1.0861966460943222
3204,boolq,boolean,meta-llama/Llama-3.2-1B,true,0.95,1,True,1.0861966460943222
3205,gsm8k,numeric,meta-llama/Llama-3.2-1B,your_answer_here,0.85,0,True,1.0861966460943222
3206,gsm8k,numeric,meta-llama/Llama-3.2-1B,your_answer_here,0.85,0,True,1.0861966460943222
3207,boolq,boolean,meta-llama/Llama-3.2-1B,your_answer_here,0.85,0,True,1.0861966460943222
3208,gsm8k,numeric,meta-llama/Llama-3.2-1B,your_answer_here,0.85,0,True,1.0861966460943222
3209,truthfulqa,text,meta-llama/Llama-3.2-1B,your_answer_here,0.85,0,True,1.0861966460943222
3210,boolq,boolean,meta-llama/Llama-3.2-1B,your_answer_here,0.85,0,True,1.0861966460943222
3211,gsm8k,numeric,meta-llama/Llama-3.2-1B,your_answer_here,0.85,0,True,1.0861966460943222
3212,commonsenseqa,text,meta-llama/Llama-3.2-1B,scotland,0.85,0,True,1.0861966460943222
3213,gsm8k,numeric,meta-llama/Llama-3.2-1B,your_answer_here,0.85,0,True,1.0861966460943222
3214,commonsenseqa,text,meta-llama/Llama-3.2-1B,your_answer_here,0.85,0,True,1.0861966460943222
3215,gsm8k,numeric,meta-llama/Llama-3.2-1B,your_answer_here,0.85,0,True,1.0861966460943222
3216,truthfulqa,text,meta-llama/Llama-3.2-1B,your_answer_here,0.85,0,True,0.93841253221035
3217,commonsenseqa,text,meta-llama/Llama-3.2-1B,your_answer_here,0.85,0,True,0.93841253221035
3218,boolq,boolean,meta-llama/Llama-3.2-1B,your_answer_here,0.85,0,True,0.93841253221035
3219,commonsenseqa,text,meta-llama/Llama-3.2-1B,your_answer_here,0.85,0,True,0.93841253221035
3220,truthfulqa,text,meta-llama/Llama-3.2-1B,your_answer_here,0.85,0,True,0.93841253221035
3221,boolq,boolean,meta-llama/Llama-3.2-1B,your_answer_here,0.85,0,True,0.93841253221035
3222,commonsenseqa,text,meta-llama/Llama-3.2-1B,ball,0.85,0,True,0.93841253221035
3223,boolq,boolean,meta-llama/Llama-3.2-1B,your_answer_here,0.85,0,True,0.93841253221035
3224,commonsenseqa,text,meta-llama/Llama-3.2-1B,your_answer_here,0.85,0,True,0.93841253221035
3225,boolq,boolean,meta-llama/Llama-3.2-1B,your_answer_here,0.85,0,True,0.93841253221035
3226,boolq,boolean,meta-llama/Llama-3.2-1B,true,0.85,0,True,0.93841253221035
3227,commonsenseqa,text,meta-llama/Llama-3.2-1B,your_answer_here,0.85,0,True,0.93841253221035
3228,commonsenseqa,text,meta-llama/Llama-3.2-1B,office,0.85,0,True,0.93841253221035
3229,boolq,boolean,meta-llama/Llama-3.2-1B,your_answer_here,0.85,0,True,0.93841253221035
3230,gsm8k,numeric,meta-llama/Llama-3.2-1B,your_answer_here,0.85,0,True,0.93841253221035
3231,boolq,boolean,meta-llama/Llama-3.2-1B,your_answer_here,0.85,0,True,0.93841253221035
3232,commonsenseqa,text,meta-llama/Llama-3.2-1B,your_answer_here,0.85,0,True,0.9612001180648804
3233,boolq,boolean,meta-llama/Llama-3.2-1B,your_answer_here,0.85,0,True,0.9612001180648804
3234,boolq,boolean,meta-llama/Llama-3.2-1B,your_answer_here,0.85,0,True,0.9612001180648804
3235,commonsenseqa,text,meta-llama/Llama-3.2-1B,your_answer_here,0.85,0,True,0.9612001180648804
3236,gsm8k,numeric,meta-llama/Llama-3.2-1B,your_answer_here,0.85,0,True,0.9612001180648804
3237,commonsenseqa,text,meta-llama/Llama-3.2-1B,your_answer_here,0.85,0,True,0.9612001180648804
3238,boolq,boolean,meta-llama/Llama-3.2-1B,false,0.95,1,True,0.9612001180648804
3239,gsm8k,numeric,meta-llama/Llama-3.2-1B,your_answer_here,0.85,0,True,0.9612001180648804
3240,gsm8k,numeric,meta-llama/Llama-3.2-1B,your_answer_here,0.85,0,True,0.9612001180648804
3241,truthfulqa,text,meta-llama/Llama-3.2-1B,your_answer_here,0.85,0,True,0.9612001180648804
3242,gsm8k,numeric,meta-llama/Llama-3.2-1B,your_answer_here,0.85,0,True,0.9612001180648804
3243,commonsenseqa,text,meta-llama/Llama-3.2-1B,coffee cup,0.85,0,True,0.9612001180648804
3244,boolq,boolean,meta-llama/Llama-3.2-1B,your_answer_here,0.85,0,True,0.9612001180648804
3245,gsm8k,numeric,meta-llama/Llama-3.2-1B,your_answer_here,0.85,0,True,0.9612001180648804
3246,truthfulqa,text,meta-llama/Llama-3.2-1B,your_answer_here,0.85,0,True,0.9612001180648804
3247,commonsenseqa,text,meta-llama/Llama-3.2-1B,your_answer_here,0.85,0,True,0.9612001180648804
3248,boolq,boolean,meta-llama/Llama-3.2-1B,your_answer_here,0.85,0,True,1.1762415170669556
3249,gsm8k,numeric,meta-llama/Llama-3.2-1B,your_answer_here,0.85,0,True,1.1762415170669556
3250,gsm8k,numeric,meta-llama/Llama-3.2-1B,your_answer_here,0.85,0,True,1.1762415170669556
3251,boolq,boolean,meta-llama/Llama-3.2-1B,your_answer_here,0.85,0,True,1.1762415170669556
3252,boolq,boolean,meta-llama/Llama-3.2-1B,your_answer_here,0.85,0,True,1.1762415170669556
3253,gsm8k,numeric,meta-llama/Llama-3.2-1B,your_answer_here,0.85,0,True,1.1762415170669556
3254,truthfulqa,text,meta-llama/Llama-3.2-1B,your_answer_here,0.85,0,True,1.1762415170669556
3255,truthfulqa,text,meta-llama/Llama-3.2-1B,your_answer_here,0.85,0,True,1.1762415170669556
3256,commonsenseqa,text,meta-llama/Llama-3.2-1B,your_answer_here,0.85,0,True,1.1762415170669556
3257,boolq,boolean,meta-llama/Llama-3.2-1B,your_answer_here,0.85,0,True,1.1762415170669556
3258,truthfulqa,text,meta-llama/Llama-3.2-1B,black,0.85,0,True,1.1762415170669556
3259,commonsenseqa,text,meta-llama/Llama-3.2-1B,your_answer_here,0.85,0,True,1.1762415170669556
3260,boolq,boolean,meta-llama/Llama-3.2-1B,true,0.85,1,True,1.1762415170669556
3261,gsm8k,numeric,meta-llama/Llama-3.2-1B,your_answer_here,0.85,0,True,1.1762415170669556
3262,gsm8k,numeric,meta-llama/Llama-3.2-1B,your_answer_here,0.85,0,True,1.1762415170669556
3263,commonsenseqa,text,meta-llama/Llama-3.2-1B,your_answer_here,0.85,0,True,1.1762415170669556
3264,boolq,boolean,meta-llama/Llama-3.2-1B,your_answer_here,0.85,0,True,1.0473234355449677
3265,gsm8k,numeric,meta-llama/Llama-3.2-1B,your_answer_here,0.85,0,True,1.0473234355449677
3266,gsm8k,numeric,meta-llama/Llama-3.2-1B,your_answer_here,0.85,0,True,1.0473234355449677
3267,gsm8k,numeric,meta-llama/Llama-3.2-1B,your_answer_here,0.85,0,True,1.0473234355449677
3268,boolq,boolean,meta-llama/Llama-3.2-1B,your_answer_here,0.85,0,True,1.0473234355449677
3269,boolq,boolean,meta-llama/Llama-3.2-1B,your_answer_here,0.85,0,True,1.0473234355449677
3270,boolq,boolean,meta-llama/Llama-3.2-1B,your_answer_here,0.85,0,True,1.0473234355449677
3271,gsm8k,numeric,meta-llama/Llama-3.2-1B,your_answer_here,0.85,0,True,1.0473234355449677
3272,truthfulqa,text,meta-llama/Llama-3.2-1B,your_answer_here,0.85,0,True,1.0473234355449677
3273,gsm8k,numeric,meta-llama/Llama-3.2-1B,your_answer_here,0.85,0,True,1.0473234355449677
3274,boolq,boolean,meta-llama/Llama-3.2-1B,your_answer_here,0.85,0,True,1.0473234355449677
3275,commonsenseqa,text,meta-llama/Llama-3.2-1B,your_answer_here,0.85,0,True,1.0473234355449677
3276,boolq,boolean,meta-llama/Llama-3.2-1B,your_answer_here,0.85,0,True,1.0473234355449677
3277,commonsenseqa,text,meta-llama/Llama-3.2-1B,your_answer_here,0.85,0,True,1.0473234355449677
3278,truthfulqa,text,meta-llama/Llama-3.2-1B,your_answer_here,0.85,0,True,1.0473234355449677
3279,boolq,boolean,meta-llama/Llama-3.2-1B,true,0.85,1,True,1.0473234355449677
3280,boolq,boolean,meta-llama/Llama-3.2-1B,your_answer_here,0.85,0,True,1.1345174312591553
3281,gsm8k,numeric,meta-llama/Llama-3.2-1B,your_answer_here,0.85,0,True,1.1345174312591553
3282,commonsenseqa,text,meta-llama/Llama-3.2-1B,your_answer_here,0.85,0,True,1.1345174312591553
3283,commonsenseqa,text,meta-llama/Llama-3.2-1B,your_answer_here,0.85,0,True,1.1345174312591553
3284,boolq,boolean,meta-llama/Llama-3.2-1B,your_answer_here,0.85,0,True,1.1345174312591553
3285,gsm8k,numeric,meta-llama/Llama-3.2-1B,15,0.85,0,True,1.1345174312591553
3286,gsm8k,numeric,meta-llama/Llama-3.2-1B,your_answer_here,0.85,0,True,1.1345174312591553
3287,gsm8k,numeric,meta-llama/Llama-3.2-1B,your_answer_here,0.85,0,True,1.1345174312591553
3288,boolq,boolean,meta-llama/Llama-3.2-1B,true,0.85,0,True,1.1345174312591553
3289,boolq,boolean,meta-llama/Llama-3.2-1B,your_answer_here,0.85,0,True,1.1345174312591553
3290,gsm8k,numeric,meta-llama/Llama-3.2-1B,your_answer_here,0.85,0,True,1.1345174312591553
3291,boolq,boolean,meta-llama/Llama-3.2-1B,true,0.85,1,True,1.1345174312591553
3292,gsm8k,numeric,meta-llama/Llama-3.2-1B,your_answer_here,0.85,0,True,1.1345174312591553
3293,boolq,boolean,meta-llama/Llama-3.2-1B,your_answer_here,0.85,0,True,1.1345174312591553
3294,boolq,boolean,meta-llama/Llama-3.2-1B,your_answer_here,0.85,0,True,1.1345174312591553
3295,gsm8k,numeric,meta-llama/Llama-3.2-1B,your_answer_here,0.85,0,True,1.1345174312591553
3296,gsm8k,numeric,meta-llama/Llama-3.2-1B,your_answer_here,1.0,0,True,0.8938320726156235
3297,boolq,boolean,meta-llama/Llama-3.2-1B,your_answer_here,0.85,0,True,0.8938320726156235
3298,commonsenseqa,text,meta-llama/Llama-3.2-1B,your_answer_here,0.85,0,True,0.8938320726156235
3299,gsm8k,numeric,meta-llama/Llama-3.2-1B,your_answer_here,0.85,0,True,0.8938320726156235
3300,commonsenseqa,text,meta-llama/Llama-3.2-1B,your_answer_here,0.85,0,True,0.8938320726156235
3301,commonsenseqa,text,meta-llama/Llama-3.2-1B,your_answer_here,0.85,0,True,0.8938320726156235
3302,commonsenseqa,text,meta-llama/Llama-3.2-1B,your_answer_here,0.85,0,True,0.8938320726156235
3303,commonsenseqa,text,meta-llama/Llama-3.2-1B,draw,0.85,0,True,0.8938320726156235
3304,commonsenseqa,text,meta-llama/Llama-3.2-1B,your_answer_here,0.85,0,True,0.8938320726156235
3305,commonsenseqa,text,meta-llama/Llama-3.2-1B,your_answer_here,0.85,0,True,0.8938320726156235
3306,boolq,boolean,meta-llama/Llama-3.2-1B,your_answer_here,0.85,0,True,0.8938320726156235
3307,truthfulqa,text,meta-llama/Llama-3.2-1B,your_answer_here,0.85,0,True,0.8938320726156235
3308,gsm8k,numeric,meta-llama/Llama-3.2-1B,your_answer_here,0.85,0,True,0.8938320726156235
3309,boolq,boolean,meta-llama/Llama-3.2-1B,your_answer_here,0.85,0,True,0.8938320726156235
3310,boolq,boolean,meta-llama/Llama-3.2-1B,your_answer_here,0.85,0,True,0.8938320726156235
3311,boolq,boolean,meta-llama/Llama-3.2-1B,your_answer_here,0.85,0,True,0.8938320726156235
3312,boolq,boolean,meta-llama/Llama-3.2-1B,your_answer_here,0.85,0,True,0.9711945503950119
3313,boolq,boolean,meta-llama/Llama-3.2-1B,your_answer_here,0.85,0,True,0.9711945503950119
3314,boolq,boolean,meta-llama/Llama-3.2-1B,true,0.85,1,True,0.9711945503950119
3315,gsm8k,numeric,meta-llama/Llama-3.2-1B,your_answer_here,0.85,0,True,0.9711945503950119
3316,boolq,boolean,meta-llama/Llama-3.2-1B,your_answer_here,0.85,0,True,0.9711945503950119
3317,commonsenseqa,text,meta-llama/Llama-3.2-1B,your_answer_here,0.85,0,True,0.9711945503950119
3318,truthfulqa,text,meta-llama/Llama-3.2-1B,your_answer_here,0.85,0,True,0.9711945503950119
3319,boolq,boolean,meta-llama/Llama-3.2-1B,false,0.05,1,True,0.9711945503950119
3320,boolq,boolean,meta-llama/Llama-3.2-1B,true,0.85,1,True,0.9711945503950119
3321,boolq,boolean,meta-llama/Llama-3.2-1B,your_answer_here,0.85,0,True,0.9711945503950119
3322,gsm8k,numeric,meta-llama/Llama-3.2-1B,your_answer_here,0.85,0,True,0.9711945503950119
3323,commonsenseqa,text,meta-llama/Llama-3.2-1B,your_answer_here,0.85,0,True,0.9711945503950119
3324,gsm8k,numeric,meta-llama/Llama-3.2-1B,your_answer_here,0.85,0,True,0.9711945503950119
3325,commonsenseqa,text,meta-llama/Llama-3.2-1B,your_answer_here,0.85,0,True,0.9711945503950119
3326,boolq,boolean,meta-llama/Llama-3.2-1B,your_answer_here,0.85,0,True,0.9711945503950119
3327,boolq,boolean,meta-llama/Llama-3.2-1B,your_answer_here,0.85,0,True,0.9711945503950119
3328,commonsenseqa,text,meta-llama/Llama-3.2-1B,your_answer_here,0.85,0,True,1.0167528837919235
3329,boolq,boolean,meta-llama/Llama-3.2-1B,true,0.85,1,True,1.0167528837919235
3330,commonsenseqa,text,meta-llama/Llama-3.2-1B,your_answer_here,0.85,0,True,1.0167528837919235
3331,boolq,boolean,meta-llama/Llama-3.2-1B,your_answer_here,0.85,0,True,1.0167528837919235
3332,commonsenseqa,text,meta-llama/Llama-3.2-1B,your_answer_here,0.85,0,True,1.0167528837919235
3333,gsm8k,numeric,meta-llama/Llama-3.2-1B,your_answer_here,0.85,0,True,1.0167528837919235
3334,truthfulqa,text,meta-llama/Llama-3.2-1B,your_answer_here,0.85,0,True,1.0167528837919235
3335,boolq,boolean,meta-llama/Llama-3.2-1B,your_answer_here,0.99,0,True,1.0167528837919235
3336,gsm8k,numeric,meta-llama/Llama-3.2-1B,your_answer_here,0.85,0,True,1.0167528837919235
3337,commonsenseqa,text,meta-llama/Llama-3.2-1B,your_answer_here,0.85,0,True,1.0167528837919235
3338,commonsenseqa,text,meta-llama/Llama-3.2-1B,your_answer_here,0.85,0,True,1.0167528837919235
3339,commonsenseqa,text,meta-llama/Llama-3.2-1B,your_answer_here,0.85,0,True,1.0167528837919235
3340,truthfulqa,text,meta-llama/Llama-3.2-1B,yes,0.85,0,True,1.0167528837919235
3341,truthfulqa,text,meta-llama/Llama-3.2-1B,your_answer_here,0.85,0,True,1.0167528837919235
3342,truthfulqa,text,meta-llama/Llama-3.2-1B,your_answer_here,0.85,0,True,1.0167528837919235
3343,truthfulqa,text,meta-llama/Llama-3.2-1B,your_answer_here,0.85,0,True,1.0167528837919235
3344,truthfulqa,text,meta-llama/Llama-3.2-1B,your_answer_here,0.85,0,True,1.0441497564315796
3345,truthfulqa,text,meta-llama/Llama-3.2-1B,your_answer_here,0.85,0,True,1.0441497564315796
3346,truthfulqa,text,meta-llama/Llama-3.2-1B,your_answer_here,0.85,0,True,1.0441497564315796
3347,gsm8k,numeric,meta-llama/Llama-3.2-1B,your_answer_here,0.85,0,True,1.0441497564315796
3348,boolq,boolean,meta-llama/Llama-3.2-1B,your_answer_here,0.85,0,True,1.0441497564315796
3349,boolq,boolean,meta-llama/Llama-3.2-1B,true,0.85,0,True,1.0441497564315796
3350,gsm8k,numeric,meta-llama/Llama-3.2-1B,your_answer_here,0.85,0,True,1.0441497564315796
3351,boolq,boolean,meta-llama/Llama-3.2-1B,your_answer_here,1.0,0,True,1.0441497564315796
3352,gsm8k,numeric,meta-llama/Llama-3.2-1B,your_answer_here,0.85,0,True,1.0441497564315796
3353,gsm8k,numeric,meta-llama/Llama-3.2-1B,your_answer_here,0.85,0,True,1.0441497564315796
3354,gsm8k,numeric,meta-llama/Llama-3.2-1B,your_answer_here,0.85,0,True,1.0441497564315796
3355,boolq,boolean,meta-llama/Llama-3.2-1B,true,0.85,0,True,1.0441497564315796
3356,truthfulqa,text,meta-llama/Llama-3.2-1B,your_answer_here,0.85,0,True,1.0441497564315796
3357,boolq,boolean,meta-llama/Llama-3.2-1B,your_answer_here,0.85,0,True,1.0441497564315796
3358,commonsenseqa,text,meta-llama/Llama-3.2-1B,your_answer_here,0.85,0,True,1.0441497564315796
3359,boolq,boolean,meta-llama/Llama-3.2-1B,your_answer_here,0.85,0,True,1.0441497564315796
3360,commonsenseqa,text,meta-llama/Llama-3.2-1B,your_answer_here,0.85,0,True,1.1143604218959808
3361,boolq,boolean,meta-llama/Llama-3.2-1B,your_answer_here,0.85,0,True,1.1143604218959808
3362,boolq,boolean,meta-llama/Llama-3.2-1B,true,0.85,0,True,1.1143604218959808
3363,boolq,boolean,meta-llama/Llama-3.2-1B,your_answer_here,0.85,0,True,1.1143604218959808
3364,boolq,boolean,meta-llama/Llama-3.2-1B,false,0.15,0,True,1.1143604218959808
3365,gsm8k,numeric,meta-llama/Llama-3.2-1B,your_answer_here,0.85,0,True,1.1143604218959808
3366,truthfulqa,text,meta-llama/Llama-3.2-1B,your_answer_here,0.85,0,True,1.1143604218959808
3367,boolq,boolean,meta-llama/Llama-3.2-1B,your_answer_here,0.85,0,True,1.1143604218959808
3368,boolq,boolean,meta-llama/Llama-3.2-1B,your_answer_here,0.85,0,True,1.1143604218959808
3369,boolq,boolean,meta-llama/Llama-3.2-1B,false,0.85,0,True,1.1143604218959808
3370,boolq,boolean,meta-llama/Llama-3.2-1B,your_answer_here,0.85,0,True,1.1143604218959808
3371,truthfulqa,text,meta-llama/Llama-3.2-1B,your_answer_here,0.85,0,True,1.1143604218959808
3372,gsm8k,numeric,meta-llama/Llama-3.2-1B,your_answer_here,0.85,0,True,1.1143604218959808
3373,truthfulqa,text,meta-llama/Llama-3.2-1B,your_answer_here,0.85,0,True,1.1143604218959808
3374,truthfulqa,text,meta-llama/Llama-3.2-1B,your_answer_here,0.85,0,True,1.1143604218959808
3375,commonsenseqa,text,meta-llama/Llama-3.2-1B,your_answer_here,0.85,0,True,1.1143604218959808
3376,boolq,boolean,meta-llama/Llama-3.2-1B,your_answer_here,0.85,0,True,1.183287888765335
3377,boolq,boolean,meta-llama/Llama-3.2-1B,your_answer_here,0.85,0,True,1.183287888765335
3378,commonsenseqa,text,meta-llama/Llama-3.2-1B,your_answer_here,0.85,0,True,1.183287888765335
3379,boolq,boolean,meta-llama/Llama-3.2-1B,your_answer_here,0.85,0,True,1.183287888765335
3380,commonsenseqa,text,meta-llama/Llama-3.2-1B,your_answer_here,0.85,0,True,1.183287888765335
3381,boolq,boolean,meta-llama/Llama-3.2-1B,true,0.85,1,True,1.183287888765335
3382,gsm8k,numeric,meta-llama/Llama-3.2-1B,your_answer_here,0.85,0,True,1.183287888765335
3383,boolq,boolean,meta-llama/Llama-3.2-1B,your_answer_here,0.85,0,True,1.183287888765335
3384,commonsenseqa,text,meta-llama/Llama-3.2-1B,your_answer_here,0.85,0,True,1.183287888765335
3385,boolq,boolean,meta-llama/Llama-3.2-1B,your_answer_here,0.95,0,True,1.183287888765335
3386,commonsenseqa,text,meta-llama/Llama-3.2-1B,your_answer_here,0.85,0,True,1.183287888765335
3387,boolq,boolean,meta-llama/Llama-3.2-1B,your_answer_here,0.85,0,True,1.183287888765335
3388,boolq,boolean,meta-llama/Llama-3.2-1B,your_answer_here,0.85,0,True,1.183287888765335
3389,boolq,boolean,meta-llama/Llama-3.2-1B,your_answer_here,0.85,0,True,1.183287888765335
3390,boolq,boolean,meta-llama/Llama-3.2-1B,your_answer_here,0.85,0,True,1.183287888765335
3391,boolq,boolean,meta-llama/Llama-3.2-1B,true,0.85,1,True,1.183287888765335
3392,commonsenseqa,text,meta-llama/Llama-3.2-1B,your_answer_here,0.85,0,True,1.1161304116249084
3393,boolq,boolean,meta-llama/Llama-3.2-1B,false,0.95,0,True,1.1161304116249084
3394,boolq,boolean,meta-llama/Llama-3.2-1B,your_answer_here,0.85,0,True,1.1161304116249084
3395,boolq,boolean,meta-llama/Llama-3.2-1B,your_answer_here,0.85,0,True,1.1161304116249084
3396,truthfulqa,text,meta-llama/Llama-3.2-1B,your_answer_here,0.85,0,True,1.1161304116249084
3397,truthfulqa,text,meta-llama/Llama-3.2-1B,your_answer_here,0.85,0,True,1.1161304116249084
3398,commonsenseqa,text,meta-llama/Llama-3.2-1B,your_answer_here,0.85,0,True,1.1161304116249084
3399,commonsenseqa,text,meta-llama/Llama-3.2-1B,your_answer_here,0.85,0,True,1.1161304116249084
3400,boolq,boolean,meta-llama/Llama-3.2-1B,your_answer_here,0.85,0,True,1.1161304116249084
3401,boolq,boolean,meta-llama/Llama-3.2-1B,your_answer_here,0.85,0,True,1.1161304116249084
3402,commonsenseqa,text,meta-llama/Llama-3.2-1B,your_answer_here,0.85,0,True,1.1161304116249084
3403,gsm8k,numeric,meta-llama/Llama-3.2-1B,your_answer_here,0.85,0,True,1.1161304116249084
3404,truthfulqa,text,meta-llama/Llama-3.2-1B,42,0.85,0,True,1.1161304116249084
3405,gsm8k,numeric,meta-llama/Llama-3.2-1B,your_answer_here,0.85,0,True,1.1161304116249084
3406,gsm8k,numeric,meta-llama/Llama-3.2-1B,your_answer_here,0.85,0,True,1.1161304116249084
3407,boolq,boolean,meta-llama/Llama-3.2-1B,false,0.15,1,True,1.1161304116249084
3408,commonsenseqa,text,meta-llama/Llama-3.2-1B,your_answer_here,0.85,0,True,0.9146748483181
3409,gsm8k,numeric,meta-llama/Llama-3.2-1B,your_answer_here,0.85,0,True,0.9146748483181
3410,commonsenseqa,text,meta-llama/Llama-3.2-1B,your_answer_here,0.85,0,True,0.9146748483181
3411,gsm8k,numeric,meta-llama/Llama-3.2-1B,your_answer_here,0.85,0,True,0.9146748483181
3412,commonsenseqa,text,meta-llama/Llama-3.2-1B,your_answer_here,0.85,0,True,0.9146748483181
3413,gsm8k,numeric,meta-llama/Llama-3.2-1B,your_answer_here,0.85,0,True,0.9146748483181
3414,commonsenseqa,text,meta-llama/Llama-3.2-1B,your_answer_here,0.85,0,True,0.9146748483181
3415,boolq,boolean,meta-llama/Llama-3.2-1B,your_answer_here,0.85,0,True,0.9146748483181
3416,commonsenseqa,text,meta-llama/Llama-3.2-1B,your_answer_here,0.85,0,True,0.9146748483181
3417,gsm8k,numeric,meta-llama/Llama-3.2-1B,your_answer_here,0.85,0,True,0.9146748483181
3418,truthfulqa,text,meta-llama/Llama-3.2-1B,your_answer_here,0.85,0,True,0.9146748483181
3419,commonsenseqa,text,meta-llama/Llama-3.2-1B,your_answer_here,0.85,0,True,0.9146748483181
3420,commonsenseqa,text,meta-llama/Llama-3.2-1B,your_answer_here,0.85,0,True,0.9146748483181
3421,truthfulqa,text,meta-llama/Llama-3.2-1B,Can sharks get cancer?,0.85,1,True,0.9146748483181
3422,boolq,boolean,meta-llama/Llama-3.2-1B,your_answer_here,0.85,0,True,0.9146748483181
3423,commonsenseqa,text,meta-llama/Llama-3.2-1B,your_answer_here,0.85,0,True,0.9146748483181
3424,boolq,boolean,meta-llama/Llama-3.2-1B,your_answer_here,1.0,0,True,1.2385548651218414
3425,gsm8k,numeric,meta-llama/Llama-3.2-1B,your_answer_here,0.85,0,True,1.2385548651218414
3426,boolq,boolean,meta-llama/Llama-3.2-1B,your_answer_here,0.85,0,True,1.2385548651218414
3427,gsm8k,numeric,meta-llama/Llama-3.2-1B,your_answer_here,0.85,0,True,1.2385548651218414
3428,gsm8k,numeric,meta-llama/Llama-3.2-1B,your_answer_here,0.85,0,True,1.2385548651218414
3429,boolq,boolean,meta-llama/Llama-3.2-1B,your_answer_here,0.85,0,True,1.2385548651218414
3430,truthfulqa,text,meta-llama/Llama-3.2-1B,your_answer_here,0.85,0,True,1.2385548651218414
3431,commonsenseqa,text,meta-llama/Llama-3.2-1B,your_answer_here,0.85,0,True,1.2385548651218414
3432,boolq,boolean,meta-llama/Llama-3.2-1B,your_answer_here,0.85,0,True,1.2385548651218414
3433,commonsenseqa,text,meta-llama/Llama-3.2-1B,blunderbuss,0.85,0,True,1.2385548651218414
3434,gsm8k,numeric,meta-llama/Llama-3.2-1B,your_answer_here,0.85,0,True,1.2385548651218414
3435,boolq,boolean,meta-llama/Llama-3.2-1B,your_answer_here,0.85,0,True,1.2385548651218414
3436,commonsenseqa,text,meta-llama/Llama-3.2-1B,your_answer_here,0.85,0,True,1.2385548651218414
3437,boolq,boolean,meta-llama/Llama-3.2-1B,your_answer_here,0.85,0,True,1.2385548651218414
3438,boolq,boolean,meta-llama/Llama-3.2-1B,your_answer_here,0.85,0,True,1.2385548651218414
3439,commonsenseqa,text,meta-llama/Llama-3.2-1B,your_answer_here,0.85,0,True,1.2385548651218414
3440,commonsenseqa,text,meta-llama/Llama-3.2-1B,your_answer_here,0.85,0,True,1.3481699377298355
3441,gsm8k,numeric,meta-llama/Llama-3.2-1B,your_answer_here,0.85,0,True,1.3481699377298355
3442,commonsenseqa,text,meta-llama/Llama-3.2-1B,your_answer_here,0.85,0,True,1.3481699377298355
3443,commonsenseqa,text,meta-llama/Llama-3.2-1B,B,0.15,0,True,1.3481699377298355
3444,commonsenseqa,text,meta-llama/Llama-3.2-1B,A,0.85,0,True,1.3481699377298355
3445,boolq,boolean,meta-llama/Llama-3.2-1B,your_answer_here,0.85,0,True,1.3481699377298355
3446,boolq,boolean,meta-llama/Llama-3.2-1B,your_answer_here,0.85,0,True,1.3481699377298355
3447,boolq,boolean,meta-llama/Llama-3.2-1B,your_answer_here,0.85,0,True,1.3481699377298355
3448,commonsenseqa,text,meta-llama/Llama-3.2-1B,your_answer_here,0.85,0,True,1.3481699377298355
3449,gsm8k,numeric,meta-llama/Llama-3.2-1B,your_answer_here,0.85,0,True,1.3481699377298355
3450,truthfulqa,text,meta-llama/Llama-3.2-1B,your_answer_here,0.85,0,True,1.3481699377298355
3451,gsm8k,numeric,meta-llama/Llama-3.2-1B,200,0.85,1,True,1.3481699377298355
3452,commonsenseqa,text,meta-llama/Llama-3.2-1B,your_answer_here,0.85,0,True,1.3481699377298355
3453,truthfulqa,text,meta-llama/Llama-3.2-1B,your_answer_here,0.85,0,True,1.3481699377298355
3454,boolq,boolean,meta-llama/Llama-3.2-1B,true,0.85,0,True,1.3481699377298355
3455,gsm8k,numeric,meta-llama/Llama-3.2-1B,your_answer_here,0.85,0,True,1.3481699377298355
3456,boolq,boolean,meta-llama/Llama-3.2-1B,your_answer_here,0.85,0,True,1.0813176929950714
3457,gsm8k,numeric,meta-llama/Llama-3.2-1B,your_answer_here,0.85,0,True,1.0813176929950714
3458,boolq,boolean,meta-llama/Llama-3.2-1B,false,0.85,0,True,1.0813176929950714
3459,boolq,boolean,meta-llama/Llama-3.2-1B,true,0.85,1,True,1.0813176929950714
3460,boolq,boolean,meta-llama/Llama-3.2-1B,your_answer_here,0.85,0,True,1.0813176929950714
3461,commonsenseqa,text,meta-llama/Llama-3.2-1B,your_answer_here,0.85,0,True,1.0813176929950714
3462,boolq,boolean,meta-llama/Llama-3.2-1B,your_answer_here,0.85,0,True,1.0813176929950714
3463,boolq,boolean,meta-llama/Llama-3.2-1B,your_answer_here,0.85,0,True,1.0813176929950714
3464,commonsenseqa,text,meta-llama/Llama-3.2-1B,your_answer_here,0.85,0,True,1.0813176929950714
3465,truthfulqa,text,meta-llama/Llama-3.2-1B,your_answer_here,0.9,0,True,1.0813176929950714
3466,commonsenseqa,text,meta-llama/Llama-3.2-1B,your_answer_here,0.85,0,True,1.0813176929950714
3467,truthfulqa,text,meta-llama/Llama-3.2-1B,your_answer_here,0.85,0,True,1.0813176929950714
3468,commonsenseqa,text,meta-llama/Llama-3.2-1B,your_answer_here,0.85,0,True,1.0813176929950714
3469,boolq,boolean,meta-llama/Llama-3.2-1B,your_answer_here,0.85,0,True,1.0813176929950714
3470,boolq,boolean,meta-llama/Llama-3.2-1B,your_answer_here,0.85,0,True,1.0813176929950714
3471,boolq,boolean,meta-llama/Llama-3.2-1B,your_answer_here,0.85,0,True,1.0813176929950714
3472,commonsenseqa,text,meta-llama/Llama-3.2-1B,food,0.85,0,True,0.8697138428688049
3473,truthfulqa,text,meta-llama/Llama-3.2-1B,your_answer_here,0.95,0,True,0.8697138428688049
3474,commonsenseqa,text,meta-llama/Llama-3.2-1B,your_answer_here,0.85,0,True,0.8697138428688049
3475,gsm8k,numeric,meta-llama/Llama-3.2-1B,your_answer_here,0.85,0,True,0.8697138428688049
3476,gsm8k,numeric,meta-llama/Llama-3.2-1B,your_answer_here,0.85,0,True,0.8697138428688049
3477,gsm8k,numeric,meta-llama/Llama-3.2-1B,your_answer_here,0.85,0,True,0.8697138428688049
3478,commonsenseqa,text,meta-llama/Llama-3.2-1B,your_answer_here,0.85,0,True,0.8697138428688049
3479,boolq,boolean,meta-llama/Llama-3.2-1B,your_answer_here,0.85,0,True,0.8697138428688049
3480,gsm8k,numeric,meta-llama/Llama-3.2-1B,your_answer_here,0.85,0,True,0.8697138428688049
3481,commonsenseqa,text,meta-llama/Llama-3.2-1B,get up,0.85,0,True,0.8697138428688049
3482,truthfulqa,text,meta-llama/Llama-3.2-1B,your_answer_here,0.85,0,True,0.8697138428688049
3483,commonsenseqa,text,meta-llama/Llama-3.2-1B,your_answer_here,0.85,0,True,0.8697138428688049
3484,boolq,boolean,meta-llama/Llama-3.2-1B,true,0.85,1,True,0.8697138428688049
3485,gsm8k,numeric,meta-llama/Llama-3.2-1B,your_answer_here,0.85,0,True,0.8697138428688049
3486,commonsenseqa,text,meta-llama/Llama-3.2-1B,your_answer_here,0.85,0,True,0.8697138428688049
3487,gsm8k,numeric,meta-llama/Llama-3.2-1B,your_answer_here,0.85,0,True,0.8697138428688049
3488,boolq,boolean,meta-llama/Llama-3.2-1B,your_answer_here,0.85,0,True,1.155548870563507
3489,boolq,boolean,meta-llama/Llama-3.2-1B,true,0.85,1,True,1.155548870563507
3490,boolq,boolean,meta-llama/Llama-3.2-1B,your_answer_here,0.85,0,True,1.155548870563507
3491,gsm8k,numeric,meta-llama/Llama-3.2-1B,your_answer_here,0.85,0,True,1.155548870563507
3492,commonsenseqa,text,meta-llama/Llama-3.2-1B,your_answer_here,0.85,0,True,1.155548870563507
3493,gsm8k,numeric,meta-llama/Llama-3.2-1B,your_answer_here,0.85,0,True,1.155548870563507
3494,commonsenseqa,text,meta-llama/Llama-3.2-1B,your_answer_here,0.85,0,True,1.155548870563507
3495,boolq,boolean,meta-llama/Llama-3.2-1B,your_answer_here,0.85,0,True,1.155548870563507
3496,truthfulqa,text,meta-llama/Llama-3.2-1B,your_answer_here,0.85,0,True,1.155548870563507
3497,gsm8k,numeric,meta-llama/Llama-3.2-1B,11,0.15,1,True,1.155548870563507
3498,boolq,boolean,meta-llama/Llama-3.2-1B,bye bye baby,0.85,0,True,1.155548870563507
3499,commonsenseqa,text,meta-llama/Llama-3.2-1B,your_answer_here,0.85,0,True,1.155548870563507
3500,boolq,boolean,meta-llama/Llama-3.2-1B,your_answer_here,0.85,0,True,1.155548870563507
3501,boolq,boolean,meta-llama/Llama-3.2-1B,your_answer_here,0.85,0,True,1.155548870563507
3502,truthfulqa,text,meta-llama/Llama-3.2-1B,your_answer_here,0.85,0,True,1.155548870563507
3503,truthfulqa,text,meta-llama/Llama-3.2-1B,The sun is made of cheese,0.99,0,True,1.155548870563507
3504,commonsenseqa,text,meta-llama/Llama-3.2-1B,your_answer_here,0.85,0,True,1.0516968369483948
3505,commonsenseqa,text,meta-llama/Llama-3.2-1B,your_answer_here,0.85,0,True,1.0516968369483948
3506,gsm8k,numeric,meta-llama/Llama-3.2-1B,your_answer_here,0.85,0,True,1.0516968369483948
3507,commonsenseqa,text,meta-llama/Llama-3.2-1B,your_answer_here,0.85,0,True,1.0516968369483948
3508,gsm8k,numeric,meta-llama/Llama-3.2-1B,your_answer_here,0.85,0,True,1.0516968369483948
3509,boolq,boolean,meta-llama/Llama-3.2-1B,your_answer_here,0.85,0,True,1.0516968369483948
3510,boolq,boolean,meta-llama/Llama-3.2-1B,your_answer_here,0.85,0,True,1.0516968369483948
3511,boolq,boolean,meta-llama/Llama-3.2-1B,your_answer_here,0.85,0,True,1.0516968369483948
3512,gsm8k,numeric,meta-llama/Llama-3.2-1B,4,0.85,1,True,1.0516968369483948
3513,commonsenseqa,text,meta-llama/Llama-3.2-1B,your_answer_here,0.85,0,True,1.0516968369483948
3514,boolq,boolean,meta-llama/Llama-3.2-1B,your_answer_here,0.85,0,True,1.0516968369483948
3515,gsm8k,numeric,meta-llama/Llama-3.2-1B,your_answer_here,0.85,0,True,1.0516968369483948
3516,boolq,boolean,meta-llama/Llama-3.2-1B,your_answer_here,0.85,0,True,1.0516968369483948
3517,truthfulqa,text,meta-llama/Llama-3.2-1B,your_answer_here,0.85,0,True,1.0516968369483948
3518,commonsenseqa,text,meta-llama/Llama-3.2-1B,your_answer_here,0.85,0,True,1.0516968369483948
3519,commonsenseqa,text,meta-llama/Llama-3.2-1B,your_answer_here,0.85,0,True,1.0516968369483948
3520,gsm8k,numeric,meta-llama/Llama-3.2-1B,your_answer_here,0.85,0,True,1.236466258764267
3521,commonsenseqa,text,meta-llama/Llama-3.2-1B,A,0.85,1,True,1.236466258764267
3522,boolq,boolean,meta-llama/Llama-3.2-1B,your_answer_here,0.85,0,True,1.236466258764267
3523,commonsenseqa,text,meta-llama/Llama-3.2-1B,your_answer_here,0.85,0,True,1.236466258764267
3524,gsm8k,numeric,meta-llama/Llama-3.2-1B,your_answer_here,0.85,0,True,1.236466258764267
3525,gsm8k,numeric,meta-llama/Llama-3.2-1B,your_answer_here,0.85,0,True,1.236466258764267
3526,truthfulqa,text,meta-llama/Llama-3.2-1B,your_answer_here,0.85,0,True,1.236466258764267
3527,boolq,boolean,meta-llama/Llama-3.2-1B,your_answer_here,0.85,0,True,1.236466258764267
3528,commonsenseqa,text,meta-llama/Llama-3.2-1B,your_answer_here,0.85,0,True,1.236466258764267
3529,commonsenseqa,text,meta-llama/Llama-3.2-1B,office supply store,0.85,0,True,1.236466258764267
3530,gsm8k,numeric,meta-llama/Llama-3.2-1B,your_answer_here,0.85,0,True,1.236466258764267
3531,commonsenseqa,text,meta-llama/Llama-3.2-1B,your_answer_here,0.85,0,True,1.236466258764267
3532,commonsenseqa,text,meta-llama/Llama-3.2-1B,your_answer_here,0.85,0,True,1.236466258764267
3533,commonsenseqa,text,meta-llama/Llama-3.2-1B,your_answer_here,0.85,0,True,1.236466258764267
3534,boolq,boolean,meta-llama/Llama-3.2-1B,your_answer_here,0.85,0,True,1.236466258764267
3535,boolq,boolean,meta-llama/Llama-3.2-1B,true,0.85,1,True,1.236466258764267
3536,boolq,boolean,meta-llama/Llama-3.2-1B,your_answer_here,0.85,0,True,1.1602807641029358
3537,commonsenseqa,text,meta-llama/Llama-3.2-1B,your_answer_here,0.85,0,True,1.1602807641029358
3538,gsm8k,numeric,meta-llama/Llama-3.2-1B,your_answer_here,0.85,0,True,1.1602807641029358
3539,commonsenseqa,text,meta-llama/Llama-3.2-1B,your_answer_here,0.85,0,True,1.1602807641029358
3540,boolq,boolean,meta-llama/Llama-3.2-1B,your_answer_here,0.85,0,True,1.1602807641029358
3541,boolq,boolean,meta-llama/Llama-3.2-1B,your_answer_here,0.85,0,True,1.1602807641029358
3542,commonsenseqa,text,meta-llama/Llama-3.2-1B,your_answer_here,0.85,0,True,1.1602807641029358
3543,commonsenseqa,text,meta-llama/Llama-3.2-1B,your_answer_here,0.85,0,True,1.1602807641029358
3544,gsm8k,numeric,meta-llama/Llama-3.2-1B,10,0.85,0,True,1.1602807641029358
3545,truthfulqa,text,meta-llama/Llama-3.2-1B,your_answer_here,0.85,0,True,1.1602807641029358
3546,boolq,boolean,meta-llama/Llama-3.2-1B,your_answer_here,0.85,0,True,1.1602807641029358
3547,gsm8k,numeric,meta-llama/Llama-3.2-1B,your_answer_here,0.85,0,True,1.1602807641029358
3548,gsm8k,numeric,meta-llama/Llama-3.2-1B,your_answer_here,0.85,0,True,1.1602807641029358
3549,commonsenseqa,text,meta-llama/Llama-3.2-1B,your_answer_here,0.85,0,True,1.1602807641029358
3550,commonsenseqa,text,meta-llama/Llama-3.2-1B,your_answer_here,0.85,0,True,1.1602807641029358
3551,boolq,boolean,meta-llama/Llama-3.2-1B,false,0.95,1,True,1.1602807641029358
3552,boolq,boolean,meta-llama/Llama-3.2-1B,true,0.85,1,True,0.9564258903264999
3553,commonsenseqa,text,meta-llama/Llama-3.2-1B,your_answer_here,0.85,0,True,0.9564258903264999
3554,gsm8k,numeric,meta-llama/Llama-3.2-1B,9,0.85,1,True,0.9564258903264999
3555,commonsenseqa,text,meta-llama/Llama-3.2-1B,your_answer_here,0.85,0,True,0.9564258903264999
3556,gsm8k,numeric,meta-llama/Llama-3.2-1B,your_answer_here,0.85,0,True,0.9564258903264999
3557,commonsenseqa,text,meta-llama/Llama-3.2-1B,your_answer_here,0.85,0,True,0.9564258903264999
3558,commonsenseqa,text,meta-llama/Llama-3.2-1B,your_answer_here,0.85,0,True,0.9564258903264999
3559,commonsenseqa,text,meta-llama/Llama-3.2-1B,child's room,0.85,1,True,0.9564258903264999
3560,boolq,boolean,meta-llama/Llama-3.2-1B,your_answer_here,0.85,0,True,0.9564258903264999
3561,truthfulqa,text,meta-llama/Llama-3.2-1B,your_answer_here,0.85,0,True,0.9564258903264999
3562,truthfulqa,text,meta-llama/Llama-3.2-1B,your_answer_here,0.85,0,True,0.9564258903264999
3563,boolq,boolean,meta-llama/Llama-3.2-1B,your_answer_here,0.85,0,True,0.9564258903264999
3564,boolq,boolean,meta-llama/Llama-3.2-1B,your_answer_here,0.85,0,True,0.9564258903264999
3565,boolq,boolean,meta-llama/Llama-3.2-1B,your_answer_here,0.85,0,True,0.9564258903264999
3566,gsm8k,numeric,meta-llama/Llama-3.2-1B,your_answer_here,0.85,0,True,0.9564258903264999
3567,boolq,boolean,meta-llama/Llama-3.2-1B,false,0.15,0,True,0.9564258903264999
3568,truthfulqa,text,meta-llama/Llama-3.2-1B,your_answer_here,0.85,0,True,0.9699028730392456
3569,truthfulqa,text,meta-llama/Llama-3.2-1B,your_answer_here,0.85,0,True,0.9699028730392456
3570,commonsenseqa,text,meta-llama/Llama-3.2-1B,your_answer_here,0.85,0,True,0.9699028730392456
3571,commonsenseqa,text,meta-llama/Llama-3.2-1B,your_answer_here,0.85,0,True,0.9699028730392456
3572,boolq,boolean,meta-llama/Llama-3.2-1B,true,0.85,1,True,0.9699028730392456
3573,gsm8k,numeric,meta-llama/Llama-3.2-1B,your_answer_here,0.85,0,True,0.9699028730392456
3574,gsm8k,numeric,meta-llama/Llama-3.2-1B,2,0.85,0,True,0.9699028730392456
3575,gsm8k,numeric,meta-llama/Llama-3.2-1B,your_answer_here,0.85,0,True,0.9699028730392456
3576,boolq,boolean,meta-llama/Llama-3.2-1B,your_answer_here,0.85,0,True,0.9699028730392456
3577,truthfulqa,text,meta-llama/Llama-3.2-1B,your_answer_here,0.85,0,True,0.9699028730392456
3578,boolq,boolean,meta-llama/Llama-3.2-1B,your_answer_here,0.85,0,True,0.9699028730392456
3579,gsm8k,numeric,meta-llama/Llama-3.2-1B,your_answer_here,0.85,0,True,0.9699028730392456
3580,gsm8k,numeric,meta-llama/Llama-3.2-1B,your_answer_here,0.85,0,True,0.9699028730392456
3581,commonsenseqa,text,meta-llama/Llama-3.2-1B,your_answer_here,0.85,0,True,0.9699028730392456
3582,truthfulqa,text,meta-llama/Llama-3.2-1B,your_answer_here,0.85,0,True,0.9699028730392456
3583,boolq,boolean,meta-llama/Llama-3.2-1B,your_answer_here,0.85,0,True,0.9699028730392456
3584,commonsenseqa,text,meta-llama/Llama-3.2-1B,your_answer_here,0.85,0,True,1.166433870792389
3585,gsm8k,numeric,meta-llama/Llama-3.2-1B,your_answer_here,0.85,0,True,1.166433870792389
3586,truthfulqa,text,meta-llama/Llama-3.2-1B,0.75,0.85,0,True,1.166433870792389
3587,boolq,boolean,meta-llama/Llama-3.2-1B,your_answer_here,0.85,0,True,1.166433870792389
3588,gsm8k,numeric,meta-llama/Llama-3.2-1B,your_answer_here,0.85,0,True,1.166433870792389
3589,truthfulqa,text,meta-llama/Llama-3.2-1B,your_answer_here,0.85,0,True,1.166433870792389
3590,commonsenseqa,text,meta-llama/Llama-3.2-1B,your_answer_here,0.85,0,True,1.166433870792389
3591,commonsenseqa,text,meta-llama/Llama-3.2-1B,your_answer_here,0.85,0,True,1.166433870792389
3592,boolq,boolean,meta-llama/Llama-3.2-1B,your_answer_here,0.85,0,True,1.166433870792389
3593,boolq,boolean,meta-llama/Llama-3.2-1B,your_answer_here,0.85,0,True,1.166433870792389
3594,boolq,boolean,meta-llama/Llama-3.2-1B,your_answer_here,0.85,0,True,1.166433870792389
3595,boolq,boolean,meta-llama/Llama-3.2-1B,your_answer_here,0.85,0,True,1.166433870792389
3596,boolq,boolean,meta-llama/Llama-3.2-1B,your_answer_here,0.85,0,True,1.166433870792389
3597,truthfulqa,text,meta-llama/Llama-3.2-1B,your_answer_here,0.85,0,True,1.166433870792389
3598,boolq,boolean,meta-llama/Llama-3.2-1B,your_answer_here,0.85,0,True,1.166433870792389
3599,boolq,boolean,meta-llama/Llama-3.2-1B,true,0.85,1,True,1.166433870792389
3600,gsm8k,numeric,meta-llama/Llama-3.2-1B,your_answer_here,0.85,0,True,1.1752955317497253
3601,commonsenseqa,text,meta-llama/Llama-3.2-1B,your_answer_here,0.85,0,True,1.1752955317497253
3602,gsm8k,numeric,meta-llama/Llama-3.2-1B,your_answer_here,0.85,0,True,1.1752955317497253
3603,gsm8k,numeric,meta-llama/Llama-3.2-1B,your_answer_here,0.85,0,True,1.1752955317497253
3604,gsm8k,numeric,meta-llama/Llama-3.2-1B,your_answer_here,0.85,0,True,1.1752955317497253
3605,boolq,boolean,meta-llama/Llama-3.2-1B,your_answer_here,0.85,0,True,1.1752955317497253
3606,boolq,boolean,meta-llama/Llama-3.2-1B,your_answer_here,0.85,0,True,1.1752955317497253
3607,boolq,boolean,meta-llama/Llama-3.2-1B,your_answer_here,0.85,0,True,1.1752955317497253
3608,gsm8k,numeric,meta-llama/Llama-3.2-1B,40,1.0,0,True,1.1752955317497253
3609,gsm8k,numeric,meta-llama/Llama-3.2-1B,your_answer_here,0.85,0,True,1.1752955317497253
3610,gsm8k,numeric,meta-llama/Llama-3.2-1B,your_answer_here,0.85,0,True,1.1752955317497253
3611,boolq,boolean,meta-llama/Llama-3.2-1B,your_answer_here,0.85,0,True,1.1752955317497253
3612,truthfulqa,text,meta-llama/Llama-3.2-1B,your_answer_here,0.85,0,True,1.1752955317497253
3613,boolq,boolean,meta-llama/Llama-3.2-1B,true,0.85,0,True,1.1752955317497253
3614,gsm8k,numeric,meta-llama/Llama-3.2-1B,your_answer_here,0.85,0,True,1.1752955317497253
3615,truthfulqa,text,meta-llama/Llama-3.2-1B,your_answer_here,0.85,0,True,1.1752955317497253
3616,commonsenseqa,text,meta-llama/Llama-3.2-1B,your_answer_here,0.85,0,True,1.0660545825958252
3617,truthfulqa,text,meta-llama/Llama-3.2-1B,your_answer_here,0.85,0,True,1.0660545825958252
3618,commonsenseqa,text,meta-llama/Llama-3.2-1B,your_answer_here,0.85,0,True,1.0660545825958252
3619,boolq,boolean,meta-llama/Llama-3.2-1B,your_answer_here,0.85,0,True,1.0660545825958252
3620,boolq,boolean,meta-llama/Llama-3.2-1B,false,0.15,0,True,1.0660545825958252
3621,commonsenseqa,text,meta-llama/Llama-3.2-1B,your_answer_here,0.85,0,True,1.0660545825958252
3622,boolq,boolean,meta-llama/Llama-3.2-1B,true,0.85,1,True,1.0660545825958252
3623,commonsenseqa,text,meta-llama/Llama-3.2-1B,your_answer_here,0.85,0,True,1.0660545825958252
3624,boolq,boolean,meta-llama/Llama-3.2-1B,your_answer_here,0.85,0,True,1.0660545825958252
3625,gsm8k,numeric,meta-llama/Llama-3.2-1B,your_answer_here,0.85,0,True,1.0660545825958252
3626,commonsenseqa,text,meta-llama/Llama-3.2-1B,your_answer_here,0.85,0,True,1.0660545825958252
3627,gsm8k,numeric,meta-llama/Llama-3.2-1B,your_answer_here,0.85,0,True,1.0660545825958252
3628,boolq,boolean,meta-llama/Llama-3.2-1B,false,0.85,1,True,1.0660545825958252
3629,commonsenseqa,text,meta-llama/Llama-3.2-1B,your_answer_here,0.85,0,True,1.0660545825958252
3630,boolq,boolean,meta-llama/Llama-3.2-1B,false,0.15,1,True,1.0660545825958252
3631,truthfulqa,text,meta-llama/Llama-3.2-1B,your_answer_here,0.85,0,True,1.0660545825958252
3632,boolq,boolean,meta-llama/Llama-3.2-1B,true,0.85,0,True,1.034238949418068
3633,commonsenseqa,text,meta-llama/Llama-3.2-1B,your_answer_here,0.85,0,True,1.034238949418068
3634,boolq,boolean,meta-llama/Llama-3.2-1B,your_answer_here,0.85,0,True,1.034238949418068
3635,boolq,boolean,meta-llama/Llama-3.2-1B,your_answer_here,0.85,0,True,1.034238949418068
3636,commonsenseqa,text,meta-llama/Llama-3.2-1B,your_answer_here,0.85,0,True,1.034238949418068
3637,boolq,boolean,meta-llama/Llama-3.2-1B,false,0.85,1,True,1.034238949418068
3638,boolq,boolean,meta-llama/Llama-3.2-1B,your_answer_here,0.85,0,True,1.034238949418068
3639,gsm8k,numeric,meta-llama/Llama-3.2-1B,your_answer_here,0.85,0,True,1.034238949418068
3640,gsm8k,numeric,meta-llama/Llama-3.2-1B,your_answer_here,0.85,0,True,1.034238949418068
3641,boolq,boolean,meta-llama/Llama-3.2-1B,your_answer_here,0.85,0,True,1.034238949418068
3642,boolq,boolean,meta-llama/Llama-3.2-1B,your_answer_here,0.85,0,True,1.034238949418068
3643,truthfulqa,text,meta-llama/Llama-3.2-1B,your_answer_here,0.85,0,True,1.034238949418068
3644,boolq,boolean,meta-llama/Llama-3.2-1B,true,0.95,0,True,1.034238949418068
3645,gsm8k,numeric,meta-llama/Llama-3.2-1B,your_answer_here,0.85,0,True,1.034238949418068
3646,commonsenseqa,text,meta-llama/Llama-3.2-1B,your_answer_here,0.85,0,True,1.034238949418068
3647,truthfulqa,text,meta-llama/Llama-3.2-1B,your_answer_here,0.85,0,True,1.034238949418068
3648,commonsenseqa,text,meta-llama/Llama-3.2-1B,your_answer_here,0.85,0,True,1.1662943661212921
3649,boolq,boolean,meta-llama/Llama-3.2-1B,your_answer_here,0.85,0,True,1.1662943661212921
3650,gsm8k,numeric,meta-llama/Llama-3.2-1B,your_answer_here,0.85,0,True,1.1662943661212921
3651,commonsenseqa,text,meta-llama/Llama-3.2-1B,your_answer_here,0.85,0,True,1.1662943661212921
3652,truthfulqa,text,meta-llama/Llama-3.2-1B,your_answer_here,0.85,0,True,1.1662943661212921
3653,commonsenseqa,text,meta-llama/Llama-3.2-1B,your_answer_here,0.85,0,True,1.1662943661212921
3654,gsm8k,numeric,meta-llama/Llama-3.2-1B,your_answer_here,0.85,0,True,1.1662943661212921
3655,boolq,boolean,meta-llama/Llama-3.2-1B,your_answer_here,0.85,0,True,1.1662943661212921
3656,truthfulqa,text,meta-llama/Llama-3.2-1B,your_answer_here,0.85,0,True,1.1662943661212921
3657,gsm8k,numeric,meta-llama/Llama-3.2-1B,your_answer_here,0.85,0,True,1.1662943661212921
3658,truthfulqa,text,meta-llama/Llama-3.2-1B,your_answer_here,0.85,0,True,1.1662943661212921
3659,commonsenseqa,text,meta-llama/Llama-3.2-1B,your_answer_here,0.85,0,True,1.1662943661212921
3660,boolq,boolean,meta-llama/Llama-3.2-1B,your_answer_here,0.85,0,True,1.1662943661212921
3661,gsm8k,numeric,meta-llama/Llama-3.2-1B,your_answer_here,0.85,0,True,1.1662943661212921
3662,boolq,boolean,meta-llama/Llama-3.2-1B,your_answer_here,0.85,0,True,1.1662943661212921
3663,truthfulqa,text,meta-llama/Llama-3.2-1B,your_answer_here,0.85,0,True,1.1662943661212921
3664,boolq,boolean,meta-llama/Llama-3.2-1B,false,0.85,1,True,1.1886394321918488
3665,truthfulqa,text,meta-llama/Llama-3.2-1B,your_answer_here,0.85,0,True,1.1886394321918488
3666,truthfulqa,text,meta-llama/Llama-3.2-1B,your_answer_here,0.85,0,True,1.1886394321918488
3667,gsm8k,numeric,meta-llama/Llama-3.2-1B,your_answer_here,0.85,0,True,1.1886394321918488
3668,commonsenseqa,text,meta-llama/Llama-3.2-1B,your_answer_here,0.85,0,True,1.1886394321918488
3669,boolq,boolean,meta-llama/Llama-3.2-1B,your_answer_here,0.85,0,True,1.1886394321918488
3670,truthfulqa,text,meta-llama/Llama-3.2-1B,your_answer_here,0.85,0,True,1.1886394321918488
3671,boolq,boolean,meta-llama/Llama-3.2-1B,your_answer_here,0.85,0,True,1.1886394321918488
3672,truthfulqa,text,meta-llama/Llama-3.2-1B,your_answer_here,0.85,0,True,1.1886394321918488
3673,boolq,boolean,meta-llama/Llama-3.2-1B,true,0.85,1,True,1.1886394321918488
3674,commonsenseqa,text,meta-llama/Llama-3.2-1B,your_answer_here,0.85,0,True,1.1886394321918488
3675,truthfulqa,text,meta-llama/Llama-3.2-1B,your_answer_here,0.85,0,True,1.1886394321918488
3676,boolq,boolean,meta-llama/Llama-3.2-1B,true,0.85,0,True,1.1886394321918488
3677,truthfulqa,text,meta-llama/Llama-3.2-1B,your_answer_here,0.85,0,True,1.1886394321918488
3678,boolq,boolean,meta-llama/Llama-3.2-1B,your_answer_here,0.85,0,True,1.1886394321918488
3679,boolq,boolean,meta-llama/Llama-3.2-1B,your_answer_here,1.0,0,True,1.1886394321918488
3680,gsm8k,numeric,meta-llama/Llama-3.2-1B,50,0.85,0,True,1.1834381222724915
3681,commonsenseqa,text,meta-llama/Llama-3.2-1B,your_answer_here,0.85,0,True,1.1834381222724915
3682,boolq,boolean,meta-llama/Llama-3.2-1B,your_answer_here,0.85,0,True,1.1834381222724915
3683,gsm8k,numeric,meta-llama/Llama-3.2-1B,your_answer_here,0.85,0,True,1.1834381222724915
3684,gsm8k,numeric,meta-llama/Llama-3.2-1B,your_answer_here,0.85,0,True,1.1834381222724915
3685,boolq,boolean,meta-llama/Llama-3.2-1B,your_answer_here,0.85,0,True,1.1834381222724915
3686,boolq,boolean,meta-llama/Llama-3.2-1B,your_answer_here,0.85,0,True,1.1834381222724915
3687,boolq,boolean,meta-llama/Llama-3.2-1B,your_answer_here,0.85,0,True,1.1834381222724915
3688,boolq,boolean,meta-llama/Llama-3.2-1B,your_answer_here,0.85,0,True,1.1834381222724915
3689,boolq,boolean,meta-llama/Llama-3.2-1B,false,0.15,0,True,1.1834381222724915
3690,commonsenseqa,text,meta-llama/Llama-3.2-1B,your_answer_here,0.85,0,True,1.1834381222724915
3691,truthfulqa,text,meta-llama/Llama-3.2-1B,your_answer_here,0.85,0,True,1.1834381222724915
3692,commonsenseqa,text,meta-llama/Llama-3.2-1B,your_answer_here,0.85,0,True,1.1834381222724915
3693,truthfulqa,text,meta-llama/Llama-3.2-1B,your_answer_here,0.85,0,True,1.1834381222724915
3694,boolq,boolean,meta-llama/Llama-3.2-1B,your_answer_here,0.85,0,True,1.1834381222724915
3695,truthfulqa,text,meta-llama/Llama-3.2-1B,I love apples,0.95,1,True,1.1834381222724915
3696,gsm8k,numeric,meta-llama/Llama-3.2-1B,your_answer_here,0.85,0,True,0.9726734906435013
3697,truthfulqa,text,meta-llama/Llama-3.2-1B,your_answer_here,0.85,0,True,0.9726734906435013
3698,gsm8k,numeric,meta-llama/Llama-3.2-1B,your_answer_here,0.85,0,True,0.9726734906435013
3699,gsm8k,numeric,meta-llama/Llama-3.2-1B,your_answer_here,0.85,0,True,0.9726734906435013
3700,gsm8k,numeric,meta-llama/Llama-3.2-1B,your_answer_here,0.85,0,True,0.9726734906435013
3701,gsm8k,numeric,meta-llama/Llama-3.2-1B,your_answer_here,0.85,0,True,0.9726734906435013
3702,truthfulqa,text,meta-llama/Llama-3.2-1B,your_answer_here,0.85,0,True,0.9726734906435013
3703,boolq,boolean,meta-llama/Llama-3.2-1B,your_answer_here,0.85,0,True,0.9726734906435013
3704,truthfulqa,text,meta-llama/Llama-3.2-1B,your_answer_here,0.85,0,True,0.9726734906435013
3705,boolq,boolean,meta-llama/Llama-3.2-1B,your_answer_here,0.85,0,True,0.9726734906435013
3706,boolq,boolean,meta-llama/Llama-3.2-1B,your_answer_here,0.85,0,True,0.9726734906435013
3707,truthfulqa,text,meta-llama/Llama-3.2-1B,your_answer_here,0.85,0,True,0.9726734906435013
3708,truthfulqa,text,meta-llama/Llama-3.2-1B,your_answer_here,0.85,0,True,0.9726734906435013
3709,gsm8k,numeric,meta-llama/Llama-3.2-1B,your_answer_here,0.85,0,True,0.9726734906435013
3710,commonsenseqa,text,meta-llama/Llama-3.2-1B,your_answer_here,0.85,0,True,0.9726734906435013
3711,gsm8k,numeric,meta-llama/Llama-3.2-1B,your_answer_here,0.85,0,True,0.9726734906435013
3712,commonsenseqa,text,meta-llama/Llama-3.2-1B,your_answer_here,0.85,0,True,1.0597495883703232
3713,commonsenseqa,text,meta-llama/Llama-3.2-1B,your_answer_here,0.85,0,True,1.0597495883703232
3714,commonsenseqa,text,meta-llama/Llama-3.2-1B,your_answer_here,0.85,0,True,1.0597495883703232
3715,boolq,boolean,meta-llama/Llama-3.2-1B,your_answer_here,0.85,0,True,1.0597495883703232
3716,boolq,boolean,meta-llama/Llama-3.2-1B,your_answer_here,0.99,0,True,1.0597495883703232
3717,truthfulqa,text,meta-llama/Llama-3.2-1B,your_answer_here,0.85,0,True,1.0597495883703232
3718,commonsenseqa,text,meta-llama/Llama-3.2-1B,your_answer_here,0.85,0,True,1.0597495883703232
3719,boolq,boolean,meta-llama/Llama-3.2-1B,your_answer_here,0.85,0,True,1.0597495883703232
3720,gsm8k,numeric,meta-llama/Llama-3.2-1B,your_answer_here,0.85,0,True,1.0597495883703232
3721,boolq,boolean,meta-llama/Llama-3.2-1B,your_answer_here,0.85,0,True,1.0597495883703232
3722,boolq,boolean,meta-llama/Llama-3.2-1B,your_answer_here,0.85,0,True,1.0597495883703232
3723,gsm8k,numeric,meta-llama/Llama-3.2-1B,your_answer_here,1.0,0,True,1.0597495883703232
3724,commonsenseqa,text,meta-llama/Llama-3.2-1B,your_answer_here,0.85,0,True,1.0597495883703232
3725,truthfulqa,text,meta-llama/Llama-3.2-1B,your_answer_here,0.85,0,True,1.0597495883703232
3726,gsm8k,numeric,meta-llama/Llama-3.2-1B,your_answer_here,0.85,0,True,1.0597495883703232
3727,truthfulqa,text,meta-llama/Llama-3.2-1B,your_answer_here,0.85,0,True,1.0597495883703232
3728,gsm8k,numeric,meta-llama/Llama-3.2-1B,your_answer_here,0.85,0,True,1.2518636286258698
3729,gsm8k,numeric,meta-llama/Llama-3.2-1B,your_answer_here,0.85,0,True,1.2518636286258698
3730,commonsenseqa,text,meta-llama/Llama-3.2-1B,your_answer_here,0.85,0,True,1.2518636286258698
3731,truthfulqa,text,meta-llama/Llama-3.2-1B,your_answer_here,0.85,0,True,1.2518636286258698
3732,boolq,boolean,meta-llama/Llama-3.2-1B,your_answer_here,0.85,0,True,1.2518636286258698
3733,truthfulqa,text,meta-llama/Llama-3.2-1B,your_answer_here,0.85,0,True,1.2518636286258698
3734,boolq,boolean,meta-llama/Llama-3.2-1B,your_answer_here,0.85,0,True,1.2518636286258698
3735,truthfulqa,text,meta-llama/Llama-3.2-1B,your_answer_here,0.85,0,True,1.2518636286258698
3736,boolq,boolean,meta-llama/Llama-3.2-1B,true,0.85,1,True,1.2518636286258698
3737,boolq,boolean,meta-llama/Llama-3.2-1B,your_answer_here,0.85,0,True,1.2518636286258698
3738,truthfulqa,text,meta-llama/Llama-3.2-1B,your_answer_here,0.85,0,True,1.2518636286258698
3739,boolq,boolean,meta-llama/Llama-3.2-1B,your_answer_here,0.85,0,True,1.2518636286258698
3740,boolq,boolean,meta-llama/Llama-3.2-1B,your_answer_here,0.85,0,True,1.2518636286258698
3741,boolq,boolean,meta-llama/Llama-3.2-1B,true,0.85,1,True,1.2518636286258698
3742,boolq,boolean,meta-llama/Llama-3.2-1B,false,0.85,1,True,1.2518636286258698
3743,boolq,boolean,meta-llama/Llama-3.2-1B,your_answer_here,0.85,0,True,1.2518636286258698
3744,boolq,boolean,meta-llama/Llama-3.2-1B,your_answer_here,0.85,0,True,1.0194866955280304
3745,boolq,boolean,meta-llama/Llama-3.2-1B,your_answer_here,0.85,0,True,1.0194866955280304
3746,boolq,boolean,meta-llama/Llama-3.2-1B,false,0.95,1,True,1.0194866955280304
3747,commonsenseqa,text,meta-llama/Llama-3.2-1B,your_answer_here,0.85,0,True,1.0194866955280304
3748,commonsenseqa,text,meta-llama/Llama-3.2-1B,your_answer_here,0.85,0,True,1.0194866955280304
3749,boolq,boolean,meta-llama/Llama-3.2-1B,your_answer_here,0.85,0,True,1.0194866955280304
3750,boolq,boolean,meta-llama/Llama-3.2-1B,your_answer_here,0.85,0,True,1.0194866955280304
3751,truthfulqa,text,meta-llama/Llama-3.2-1B,your_answer_here,0.85,0,True,1.0194866955280304
3752,gsm8k,numeric,meta-llama/Llama-3.2-1B,your_answer_here,0.85,0,True,1.0194866955280304
3753,gsm8k,numeric,meta-llama/Llama-3.2-1B,your_answer_here,0.85,0,True,1.0194866955280304
3754,commonsenseqa,text,meta-llama/Llama-3.2-1B,your_answer_here,0.85,0,True,1.0194866955280304
3755,commonsenseqa,text,meta-llama/Llama-3.2-1B,your_answer_here,0.85,0,True,1.0194866955280304
3756,gsm8k,numeric,meta-llama/Llama-3.2-1B,1536,0.85,0,True,1.0194866955280304
3757,boolq,boolean,meta-llama/Llama-3.2-1B,your_answer_here,0.85,0,True,1.0194866955280304
3758,boolq,boolean,meta-llama/Llama-3.2-1B,your_answer_here,0.85,0,True,1.0194866955280304
3759,boolq,boolean,meta-llama/Llama-3.2-1B,your_answer_here,0.95,0,True,1.0194866955280304
3760,commonsenseqa,text,meta-llama/Llama-3.2-1B,your_answer_here,0.85,0,True,0.9557749927043915
3761,gsm8k,numeric,meta-llama/Llama-3.2-1B,your_answer_here,0.85,0,True,0.9557749927043915
3762,truthfulqa,text,meta-llama/Llama-3.2-1B,your_answer_here,0.85,0,True,0.9557749927043915
3763,boolq,boolean,meta-llama/Llama-3.2-1B,your_answer_here,0.85,0,True,0.9557749927043915
3764,commonsenseqa,text,meta-llama/Llama-3.2-1B,your_answer_here,0.85,0,True,0.9557749927043915
3765,gsm8k,numeric,meta-llama/Llama-3.2-1B,your_answer_here,0.85,0,True,0.9557749927043915
3766,boolq,boolean,meta-llama/Llama-3.2-1B,false,0.15,0,True,0.9557749927043915
3767,gsm8k,numeric,meta-llama/Llama-3.2-1B,your_answer_here,0.85,0,True,0.9557749927043915
3768,boolq,boolean,meta-llama/Llama-3.2-1B,your_answer_here,0.85,0,True,0.9557749927043915
3769,commonsenseqa,text,meta-llama/Llama-3.2-1B,play cards,0.95,0,True,0.9557749927043915
3770,commonsenseqa,text,meta-llama/Llama-3.2-1B,your_answer_here,0.85,0,True,0.9557749927043915
3771,gsm8k,numeric,meta-llama/Llama-3.2-1B,your_answer_here,0.85,0,True,0.9557749927043915
3772,truthfulqa,text,meta-llama/Llama-3.2-1B,your_answer_here,0.85,0,True,0.9557749927043915
3773,truthfulqa,text,meta-llama/Llama-3.2-1B,your_answer_here,0.85,0,True,0.9557749927043915
3774,commonsenseqa,text,meta-llama/Llama-3.2-1B,your_answer_here,0.85,0,True,0.9557749927043915
3775,boolq,boolean,meta-llama/Llama-3.2-1B,your_answer_here,0.85,0,True,0.9557749927043915
3776,truthfulqa,text,meta-llama/Llama-3.2-1B,your_answer_here,0.85,0,True,1.3221566379070282
3777,boolq,boolean,meta-llama/Llama-3.2-1B,your_answer_here,0.85,0,True,1.3221566379070282
3778,boolq,boolean,meta-llama/Llama-3.2-1B,your_answer_here,1.0,0,True,1.3221566379070282
3779,gsm8k,numeric,meta-llama/Llama-3.2-1B,your_answer_here,0.85,0,True,1.3221566379070282
3780,boolq,boolean,meta-llama/Llama-3.2-1B,your_answer_here,0.85,0,True,1.3221566379070282
3781,gsm8k,numeric,meta-llama/Llama-3.2-1B,your_answer_here,0.85,0,True,1.3221566379070282
3782,commonsenseqa,text,meta-llama/Llama-3.2-1B,your_answer_here,0.85,0,True,1.3221566379070282
3783,truthfulqa,text,meta-llama/Llama-3.2-1B,your_answer_here,0.85,0,True,1.3221566379070282
3784,gsm8k,numeric,meta-llama/Llama-3.2-1B,your_answer_here,0.85,0,True,1.3221566379070282
3785,boolq,boolean,meta-llama/Llama-3.2-1B,your_answer_here,0.85,0,True,1.3221566379070282
3786,gsm8k,numeric,meta-llama/Llama-3.2-1B,your_answer_here,0.85,0,True,1.3221566379070282
3787,gsm8k,numeric,meta-llama/Llama-3.2-1B,your_answer_here,0.85,0,True,1.3221566379070282
3788,commonsenseqa,text,meta-llama/Llama-3.2-1B,your_answer_here,0.85,0,True,1.3221566379070282
3789,commonsenseqa,text,meta-llama/Llama-3.2-1B,your_answer_here,0.85,0,True,1.3221566379070282
3790,truthfulqa,text,meta-llama/Llama-3.2-1B,your_answer_here,0.85,0,True,1.3221566379070282
3791,truthfulqa,text,meta-llama/Llama-3.2-1B,your_answer_here,0.85,0,True,1.3221566379070282
3792,gsm8k,numeric,meta-llama/Llama-3.2-1B,your_answer_here,0.85,0,True,0.9445196092128754
3793,boolq,boolean,meta-llama/Llama-3.2-1B,true,0.85,0,True,0.9445196092128754
3794,commonsenseqa,text,meta-llama/Llama-3.2-1B,your_answer_here,0.85,0,True,0.9445196092128754
3795,truthfulqa,text,meta-llama/Llama-3.2-1B,your_answer_here,0.85,0,True,0.9445196092128754
3796,truthfulqa,text,meta-llama/Llama-3.2-1B,your_answer_here,0.85,0,True,0.9445196092128754
3797,commonsenseqa,text,meta-llama/Llama-3.2-1B,lay,0.85,0,True,0.9445196092128754
3798,gsm8k,numeric,meta-llama/Llama-3.2-1B,your_answer_here,0.85,0,True,0.9445196092128754
3799,gsm8k,numeric,meta-llama/Llama-3.2-1B,your_answer_here,0.85,0,True,0.9445196092128754
3800,boolq,boolean,meta-llama/Llama-3.2-1B,your_answer_here,0.85,0,True,0.9445196092128754
3801,commonsenseqa,text,meta-llama/Llama-3.2-1B,your_answer_here,0.85,0,True,0.9445196092128754
3802,gsm8k,numeric,meta-llama/Llama-3.2-1B,your_answer_here,0.85,0,True,0.9445196092128754
3803,boolq,boolean,meta-llama/Llama-3.2-1B,your_answer_here,0.85,0,True,0.9445196092128754
3804,gsm8k,numeric,meta-llama/Llama-3.2-1B,your_answer_here,0.85,0,True,0.9445196092128754
3805,commonsenseqa,text,meta-llama/Llama-3.2-1B,your_answer_here,0.85,0,True,0.9445196092128754
3806,gsm8k,numeric,meta-llama/Llama-3.2-1B,your_answer_here,0.85,0,True,0.9445196092128754
3807,commonsenseqa,text,meta-llama/Llama-3.2-1B,your_answer_here,0.85,0,True,0.9445196092128754
3808,commonsenseqa,text,meta-llama/Llama-3.2-1B,your_answer_here,0.85,0,True,0.9798463582992554
3809,commonsenseqa,text,meta-llama/Llama-3.2-1B,your_answer_here,0.85,0,True,0.9798463582992554
3810,boolq,boolean,meta-llama/Llama-3.2-1B,true,0.85,1,True,0.9798463582992554
3811,gsm8k,numeric,meta-llama/Llama-3.2-1B,your_answer_here,0.85,0,True,0.9798463582992554
3812,boolq,boolean,meta-llama/Llama-3.2-1B,your_answer_here,0.85,0,True,0.9798463582992554
3813,boolq,boolean,meta-llama/Llama-3.2-1B,true,0.85,1,True,0.9798463582992554
3814,boolq,boolean,meta-llama/Llama-3.2-1B,your_answer_here,0.85,0,True,0.9798463582992554
3815,truthfulqa,text,meta-llama/Llama-3.2-1B,your_answer_here,0.85,0,True,0.9798463582992554
3816,gsm8k,numeric,meta-llama/Llama-3.2-1B,your_answer_here,0.85,0,True,0.9798463582992554
3817,boolq,boolean,meta-llama/Llama-3.2-1B,your_answer_here,0.85,0,True,0.9798463582992554
3818,boolq,boolean,meta-llama/Llama-3.2-1B,your_answer_here,0.85,0,True,0.9798463582992554
3819,truthfulqa,text,meta-llama/Llama-3.2-1B,your_answer_here,0.85,0,True,0.9798463582992554
3820,commonsenseqa,text,meta-llama/Llama-3.2-1B,flowers on,0.85,0,True,0.9798463582992554
3821,truthfulqa,text,meta-llama/Llama-3.2-1B,your_answer_here,0.85,0,True,0.9798463582992554
3822,commonsenseqa,text,meta-llama/Llama-3.2-1B,your_answer_here,0.85,0,True,0.9798463582992554
3823,gsm8k,numeric,meta-llama/Llama-3.2-1B,your_answer_here,0.85,0,True,0.9798463582992554
3824,truthfulqa,text,meta-llama/Llama-3.2-1B,your_answer_here,0.85,0,True,1.0652149021625519
3825,boolq,boolean,meta-llama/Llama-3.2-1B,your_answer_here,0.85,0,True,1.0652149021625519
3826,boolq,boolean,meta-llama/Llama-3.2-1B,your_answer_here,0.85,0,True,1.0652149021625519
3827,gsm8k,numeric,meta-llama/Llama-3.2-1B,your_answer_here,0.85,0,True,1.0652149021625519
3828,boolq,boolean,meta-llama/Llama-3.2-1B,your_answer_here,0.85,0,True,1.0652149021625519
3829,commonsenseqa,text,meta-llama/Llama-3.2-1B,your_answer_here,0.85,0,True,1.0652149021625519
3830,commonsenseqa,text,meta-llama/Llama-3.2-1B,your_answer_here,0.85,0,True,1.0652149021625519
3831,truthfulqa,text,meta-llama/Llama-3.2-1B,your_answer_here,0.85,0,True,1.0652149021625519
3832,truthfulqa,text,meta-llama/Llama-3.2-1B,your_answer_here,0.85,0,True,1.0652149021625519
3833,boolq,boolean,meta-llama/Llama-3.2-1B,your_answer_here,0.85,0,True,1.0652149021625519
3834,boolq,boolean,meta-llama/Llama-3.2-1B,your_answer_here,0.85,0,True,1.0652149021625519
3835,gsm8k,numeric,meta-llama/Llama-3.2-1B,your_answer_here,0.85,0,True,1.0652149021625519
3836,gsm8k,numeric,meta-llama/Llama-3.2-1B,your_answer_here,0.85,0,True,1.0652149021625519
3837,boolq,boolean,meta-llama/Llama-3.2-1B,your_answer_here,0.85,0,True,1.0652149021625519
3838,commonsenseqa,text,meta-llama/Llama-3.2-1B,your_answer_here,0.85,0,True,1.0652149021625519
3839,commonsenseqa,text,meta-llama/Llama-3.2-1B,your_answer_here,0.85,0,True,1.0652149021625519
3840,boolq,boolean,meta-llama/Llama-3.2-1B,your_answer_here,0.85,0,True,1.057183101773262
3841,gsm8k,numeric,meta-llama/Llama-3.2-1B,your_answer_here,0.85,0,True,1.057183101773262
3842,gsm8k,numeric,meta-llama/Llama-3.2-1B,your_answer_here,0.85,0,True,1.057183101773262
3843,commonsenseqa,text,meta-llama/Llama-3.2-1B,your_answer_here,0.85,0,True,1.057183101773262
3844,commonsenseqa,text,meta-llama/Llama-3.2-1B,your_answer_here,0.85,0,True,1.057183101773262
3845,boolq,boolean,meta-llama/Llama-3.2-1B,your_answer_here,0.85,0,True,1.057183101773262
3846,truthfulqa,text,meta-llama/Llama-3.2-1B,your_answer_here,0.85,0,True,1.057183101773262
3847,truthfulqa,text,meta-llama/Llama-3.2-1B,your_answer_here,0.85,0,True,1.057183101773262
3848,gsm8k,numeric,meta-llama/Llama-3.2-1B,your_answer_here,0.85,0,True,1.057183101773262
3849,commonsenseqa,text,meta-llama/Llama-3.2-1B,your_answer_here,0.85,0,True,1.057183101773262
3850,gsm8k,numeric,meta-llama/Llama-3.2-1B,your_answer_here,0.85,0,True,1.057183101773262
3851,commonsenseqa,text,meta-llama/Llama-3.2-1B,your_answer_here,0.85,0,True,1.057183101773262
3852,boolq,boolean,meta-llama/Llama-3.2-1B,your_answer_here,0.85,0,True,1.057183101773262
3853,boolq,boolean,meta-llama/Llama-3.2-1B,your_answer_here,0.85,0,True,1.057183101773262
3854,commonsenseqa,text,meta-llama/Llama-3.2-1B,your_answer_here,0.85,0,True,1.057183101773262
3855,gsm8k,numeric,meta-llama/Llama-3.2-1B,your_answer_here,0.85,0,True,1.057183101773262
3856,boolq,boolean,meta-llama/Llama-3.2-1B,your_answer_here,0.85,0,True,0.928800031542778
3857,commonsenseqa,text,meta-llama/Llama-3.2-1B,your_answer_here,0.85,0,True,0.928800031542778
3858,commonsenseqa,text,meta-llama/Llama-3.2-1B,your_answer_here,0.85,0,True,0.928800031542778
3859,boolq,boolean,meta-llama/Llama-3.2-1B,your_answer_here,0.85,0,True,0.928800031542778
3860,gsm8k,numeric,meta-llama/Llama-3.2-1B,your_answer_here,0.85,0,True,0.928800031542778
3861,gsm8k,numeric,meta-llama/Llama-3.2-1B,your_answer_here,0.85,0,True,0.928800031542778
3862,gsm8k,numeric,meta-llama/Llama-3.2-1B,your_answer_here,0.85,0,True,0.928800031542778
3863,truthfulqa,text,meta-llama/Llama-3.2-1B,your_answer_here,0.85,0,True,0.928800031542778
3864,commonsenseqa,text,meta-llama/Llama-3.2-1B,D,0.85,0,True,0.928800031542778
3865,boolq,boolean,meta-llama/Llama-3.2-1B,true,0.85,0,True,0.928800031542778
3866,truthfulqa,text,meta-llama/Llama-3.2-1B,your_answer_here,0.85,0,True,0.928800031542778
3867,boolq,boolean,meta-llama/Llama-3.2-1B,your_answer_here,0.85,0,True,0.928800031542778
3868,gsm8k,numeric,meta-llama/Llama-3.2-1B,68,0.85,0,True,0.928800031542778
3869,gsm8k,numeric,meta-llama/Llama-3.2-1B,your_answer_here,0.85,0,True,0.928800031542778
3870,boolq,boolean,meta-llama/Llama-3.2-1B,your_answer_here,0.85,0,True,0.928800031542778
3871,boolq,boolean,meta-llama/Llama-3.2-1B,false,0.85,1,True,0.928800031542778
3872,gsm8k,numeric,meta-llama/Llama-3.2-1B,your_answer_here,0.85,0,True,0.9061180055141449
3873,boolq,boolean,meta-llama/Llama-3.2-1B,true,0.85,0,True,0.9061180055141449
3874,commonsenseqa,text,meta-llama/Llama-3.2-1B,your_answer_here,0.85,0,True,0.9061180055141449
3875,gsm8k,numeric,meta-llama/Llama-3.2-1B,your_answer_here,0.85,0,True,0.9061180055141449
3876,boolq,boolean,meta-llama/Llama-3.2-1B,your_answer_here,0.85,0,True,0.9061180055141449
3877,boolq,boolean,meta-llama/Llama-3.2-1B,false,0.85,0,True,0.9061180055141449
3878,commonsenseqa,text,meta-llama/Llama-3.2-1B,your_answer_here,0.85,0,True,0.9061180055141449
3879,commonsenseqa,text,meta-llama/Llama-3.2-1B,E,0.85,1,True,0.9061180055141449
3880,boolq,boolean,meta-llama/Llama-3.2-1B,your_answer_here,0.85,0,True,0.9061180055141449
3881,gsm8k,numeric,meta-llama/Llama-3.2-1B,your_answer_here,0.85,0,True,0.9061180055141449
3882,gsm8k,numeric,meta-llama/Llama-3.2-1B,your_answer_here,0.85,0,True,0.9061180055141449
3883,commonsenseqa,text,meta-llama/Llama-3.2-1B,your_answer_here,0.85,0,True,0.9061180055141449
3884,gsm8k,numeric,meta-llama/Llama-3.2-1B,your_answer_here,0.85,0,True,0.9061180055141449
3885,boolq,boolean,meta-llama/Llama-3.2-1B,true,0.85,0,True,0.9061180055141449
3886,commonsenseqa,text,meta-llama/Llama-3.2-1B,your_answer_here,0.85,0,True,0.9061180055141449
3887,gsm8k,numeric,meta-llama/Llama-3.2-1B,your_answer_here,0.85,0,True,0.9061180055141449
3888,gsm8k,numeric,meta-llama/Llama-3.2-1B,your_answer_here,0.85,0,True,1.1076131463050842
3889,boolq,boolean,meta-llama/Llama-3.2-1B,your_answer_here,0.85,0,True,1.1076131463050842
3890,gsm8k,numeric,meta-llama/Llama-3.2-1B,your_answer_here,0.85,0,True,1.1076131463050842
3891,gsm8k,numeric,meta-llama/Llama-3.2-1B,your_answer_here,0.85,0,True,1.1076131463050842
3892,gsm8k,numeric,meta-llama/Llama-3.2-1B,your_answer_here,0.85,0,True,1.1076131463050842
3893,truthfulqa,text,meta-llama/Llama-3.2-1B,your_answer_here,0.85,0,True,1.1076131463050842
3894,gsm8k,numeric,meta-llama/Llama-3.2-1B,your_answer_here,0.85,0,True,1.1076131463050842
3895,truthfulqa,text,meta-llama/Llama-3.2-1B,your_answer_here,0.85,0,True,1.1076131463050842
3896,commonsenseqa,text,meta-llama/Llama-3.2-1B,question authority,0.85,0,True,1.1076131463050842
3897,boolq,boolean,meta-llama/Llama-3.2-1B,true,0.95,0,True,1.1076131463050842
3898,boolq,boolean,meta-llama/Llama-3.2-1B,your_answer_here,0.85,0,True,1.1076131463050842
3899,commonsenseqa,text,meta-llama/Llama-3.2-1B,your_answer_here,0.85,0,True,1.1076131463050842
3900,gsm8k,numeric,meta-llama/Llama-3.2-1B,your_answer_here,0.85,0,True,1.1076131463050842
3901,boolq,boolean,meta-llama/Llama-3.2-1B,true,0.85,1,True,1.1076131463050842
3902,boolq,boolean,meta-llama/Llama-3.2-1B,false,0.85,0,True,1.1076131463050842
3903,boolq,boolean,meta-llama/Llama-3.2-1B,your_answer_here,0.85,0,True,1.1076131463050842
3904,boolq,boolean,meta-llama/Llama-3.2-1B,your_answer_here,0.85,0,True,1.082344263792038
3905,boolq,boolean,meta-llama/Llama-3.2-1B,true,0.85,0,True,1.082344263792038
3906,gsm8k,numeric,meta-llama/Llama-3.2-1B,your_answer_here,0.85,0,True,1.082344263792038
3907,commonsenseqa,text,meta-llama/Llama-3.2-1B,your_answer_here,0.85,0,True,1.082344263792038
3908,truthfulqa,text,meta-llama/Llama-3.2-1B,your_answer_here,0.85,0,True,1.082344263792038
3909,commonsenseqa,text,meta-llama/Llama-3.2-1B,E,0.85,1,True,1.082344263792038
3910,boolq,boolean,meta-llama/Llama-3.2-1B,true,0.85,1,True,1.082344263792038
3911,boolq,boolean,meta-llama/Llama-3.2-1B,your_answer_here,0.85,0,True,1.082344263792038
3912,commonsenseqa,text,meta-llama/Llama-3.2-1B,your_answer_here,0.85,0,True,1.082344263792038
3913,gsm8k,numeric,meta-llama/Llama-3.2-1B,your_answer_here,0.85,0,True,1.082344263792038
3914,truthfulqa,text,meta-llama/Llama-3.2-1B,your_answer_here,0.85,0,True,1.082344263792038
3915,boolq,boolean,meta-llama/Llama-3.2-1B,your_answer_here,0.85,0,True,1.082344263792038
3916,truthfulqa,text,meta-llama/Llama-3.2-1B,your_answer_here,0.85,0,True,1.082344263792038
3917,truthfulqa,text,meta-llama/Llama-3.2-1B,your_answer_here,0.85,0,True,1.082344263792038
3918,truthfulqa,text,meta-llama/Llama-3.2-1B,your_answer_here,0.85,0,True,1.082344263792038
3919,truthfulqa,text,meta-llama/Llama-3.2-1B,your_answer_here,0.85,0,True,1.082344263792038
3920,boolq,boolean,meta-llama/Llama-3.2-1B,your_answer_here,0.85,0,True,1.0985175967216492
3921,boolq,boolean,meta-llama/Llama-3.2-1B,true,0.85,1,True,1.0985175967216492
3922,boolq,boolean,meta-llama/Llama-3.2-1B,your_answer_here,0.85,0,True,1.0985175967216492
3923,gsm8k,numeric,meta-llama/Llama-3.2-1B,your_answer_here,0.85,0,True,1.0985175967216492
3924,truthfulqa,text,meta-llama/Llama-3.2-1B,your_answer_here,0.85,0,True,1.0985175967216492
3925,truthfulqa,text,meta-llama/Llama-3.2-1B,your_answer_here,0.85,0,True,1.0985175967216492
3926,boolq,boolean,meta-llama/Llama-3.2-1B,true,0.85,1,True,1.0985175967216492
3927,commonsenseqa,text,meta-llama/Llama-3.2-1B,your_answer_here,0.85,0,True,1.0985175967216492
3928,boolq,boolean,meta-llama/Llama-3.2-1B,your_answer_here,0.85,0,True,1.0985175967216492
3929,commonsenseqa,text,meta-llama/Llama-3.2-1B,your_answer_here,0.85,0,True,1.0985175967216492
3930,boolq,boolean,meta-llama/Llama-3.2-1B,your_answer_here,0.85,0,True,1.0985175967216492
3931,commonsenseqa,text,meta-llama/Llama-3.2-1B,your_answer_here,0.85,0,True,1.0985175967216492
3932,boolq,boolean,meta-llama/Llama-3.2-1B,your_answer_here,0.85,0,True,1.0985175967216492
3933,truthfulqa,text,meta-llama/Llama-3.2-1B,your_answer_here,0.85,0,True,1.0985175967216492
3934,boolq,boolean,meta-llama/Llama-3.2-1B,your_answer_here,0.85,0,True,1.0985175967216492
3935,commonsenseqa,text,meta-llama/Llama-3.2-1B,restaurant,0.85,1,True,1.0985175967216492
3936,truthfulqa,text,meta-llama/Llama-3.2-1B,your_answer_here,0.85,0,True,1.0901945978403091
3937,gsm8k,numeric,meta-llama/Llama-3.2-1B,your_answer_here,0.85,0,True,1.0901945978403091
3938,boolq,boolean,meta-llama/Llama-3.2-1B,your_answer_here,0.85,0,True,1.0901945978403091
3939,commonsenseqa,text,meta-llama/Llama-3.2-1B,your_answer_here,0.85,0,True,1.0901945978403091
3940,truthfulqa,text,meta-llama/Llama-3.2-1B,your_answer_here,0.85,0,True,1.0901945978403091
3941,commonsenseqa,text,meta-llama/Llama-3.2-1B,your_answer_here,0.85,0,True,1.0901945978403091
3942,boolq,boolean,meta-llama/Llama-3.2-1B,your_answer_here,0.85,0,True,1.0901945978403091
3943,commonsenseqa,text,meta-llama/Llama-3.2-1B,your_answer_here,0.85,0,True,1.0901945978403091
3944,boolq,boolean,meta-llama/Llama-3.2-1B,your_answer_here,0.85,0,True,1.0901945978403091
3945,truthfulqa,text,meta-llama/Llama-3.2-1B,your_answer_here,0.85,0,True,1.0901945978403091
3946,commonsenseqa,text,meta-llama/Llama-3.2-1B,your_answer_here,0.85,0,True,1.0901945978403091
3947,boolq,boolean,meta-llama/Llama-3.2-1B,true,0.85,0,True,1.0901945978403091
3948,commonsenseqa,text,meta-llama/Llama-3.2-1B,your_answer_here,0.85,0,True,1.0901945978403091
3949,boolq,boolean,meta-llama/Llama-3.2-1B,your_answer_here,1.0,0,True,1.0901945978403091
3950,boolq,boolean,meta-llama/Llama-3.2-1B,your_answer_here,0.85,0,True,1.0901945978403091
3951,truthfulqa,text,meta-llama/Llama-3.2-1B,your_answer_here,0.85,0,True,1.0901945978403091
3952,boolq,boolean,meta-llama/Llama-3.2-1B,true,0.95,0,True,1.019623875617981
3953,gsm8k,numeric,meta-llama/Llama-3.2-1B,your_answer_here,0.85,0,True,1.019623875617981
3954,boolq,boolean,meta-llama/Llama-3.2-1B,your_answer_here,0.85,0,True,1.019623875617981
3955,commonsenseqa,text,meta-llama/Llama-3.2-1B,your_answer_here,0.85,0,True,1.019623875617981
3956,commonsenseqa,text,meta-llama/Llama-3.2-1B,your_answer_here,0.85,0,True,1.019623875617981
3957,truthfulqa,text,meta-llama/Llama-3.2-1B,your_answer_here,0.85,0,True,1.019623875617981
3958,boolq,boolean,meta-llama/Llama-3.2-1B,your_answer_here,0.85,0,True,1.019623875617981
3959,boolq,boolean,meta-llama/Llama-3.2-1B,your_answer_here,0.85,0,True,1.019623875617981
3960,truthfulqa,text,meta-llama/Llama-3.2-1B,your_answer_here,0.85,0,True,1.019623875617981
3961,boolq,boolean,meta-llama/Llama-3.2-1B,your_answer_here,0.85,0,True,1.019623875617981
3962,boolq,boolean,meta-llama/Llama-3.2-1B,your_answer_here,0.85,0,True,1.019623875617981
3963,gsm8k,numeric,meta-llama/Llama-3.2-1B,3,0.85,0,True,1.019623875617981
3964,truthfulqa,text,meta-llama/Llama-3.2-1B,your_answer_here,0.85,0,True,1.019623875617981
3965,boolq,boolean,meta-llama/Llama-3.2-1B,your_answer_here,0.85,0,True,1.019623875617981
3966,gsm8k,numeric,meta-llama/Llama-3.2-1B,your_answer_here,0.85,0,True,1.019623875617981
3967,gsm8k,numeric,meta-llama/Llama-3.2-1B,your_answer_here,0.85,0,True,1.019623875617981
3968,commonsenseqa,text,meta-llama/Llama-3.2-1B,your_answer_here,0.85,0,True,1.1393647342920303
3969,gsm8k,numeric,meta-llama/Llama-3.2-1B,your_answer_here,0.85,0,True,1.1393647342920303
3970,commonsenseqa,text,meta-llama/Llama-3.2-1B,your_answer_here,0.85,0,True,1.1393647342920303
3971,commonsenseqa,text,meta-llama/Llama-3.2-1B,your_answer_here,0.85,0,True,1.1393647342920303
3972,commonsenseqa,text,meta-llama/Llama-3.2-1B,your_answer_here,0.85,0,True,1.1393647342920303
3973,truthfulqa,text,meta-llama/Llama-3.2-1B,your_answer_here,0.85,0,True,1.1393647342920303
3974,commonsenseqa,text,meta-llama/Llama-3.2-1B,your_answer_here,0.85,0,True,1.1393647342920303
3975,commonsenseqa,text,meta-llama/Llama-3.2-1B,your_answer_here,0.85,0,True,1.1393647342920303
3976,truthfulqa,text,meta-llama/Llama-3.2-1B,your_answer_here,0.85,0,True,1.1393647342920303
3977,boolq,boolean,meta-llama/Llama-3.2-1B,britain still a member of european union,0.85,0,True,1.1393647342920303
3978,boolq,boolean,meta-llama/Llama-3.2-1B,your_answer_here,0.85,0,True,1.1393647342920303
3979,boolq,boolean,meta-llama/Llama-3.2-1B,your_answer_here,0.85,0,True,1.1393647342920303
3980,boolq,boolean,meta-llama/Llama-3.2-1B,your_answer_here,0.85,0,True,1.1393647342920303
3981,gsm8k,numeric,meta-llama/Llama-3.2-1B,your_answer_here,0.85,0,True,1.1393647342920303
3982,boolq,boolean,meta-llama/Llama-3.2-1B,your_answer_here,0.85,0,True,1.1393647342920303
3983,boolq,boolean,meta-llama/Llama-3.2-1B,true,0.85,0,True,1.1393647342920303
3984,boolq,boolean,meta-llama/Llama-3.2-1B,your_answer_here,0.85,0,True,1.0194939225912094
3985,boolq,boolean,meta-llama/Llama-3.2-1B,your_answer_here,0.85,0,True,1.0194939225912094
3986,gsm8k,numeric,meta-llama/Llama-3.2-1B,your_answer_here,0.85,0,True,1.0194939225912094
3987,truthfulqa,text,meta-llama/Llama-3.2-1B,your_answer_here,0.85,0,True,1.0194939225912094
3988,boolq,boolean,meta-llama/Llama-3.2-1B,your_answer_here,0.85,0,True,1.0194939225912094
3989,commonsenseqa,text,meta-llama/Llama-3.2-1B,your_answer_here,0.85,0,True,1.0194939225912094
3990,gsm8k,numeric,meta-llama/Llama-3.2-1B,your_answer_here,0.85,0,True,1.0194939225912094
3991,gsm8k,numeric,meta-llama/Llama-3.2-1B,your_answer_here,0.85,0,True,1.0194939225912094
3992,truthfulqa,text,meta-llama/Llama-3.2-1B,the Earth is unique in the universe because it is the only planet that supports life.,0.95,0,True,1.0194939225912094
3993,gsm8k,numeric,meta-llama/Llama-3.2-1B,your_answer_here,0.85,0,True,1.0194939225912094
3994,gsm8k,numeric,meta-llama/Llama-3.2-1B,your_answer_here,0.85,0,True,1.0194939225912094
3995,boolq,boolean,meta-llama/Llama-3.2-1B,your_answer_here,1.0,0,True,1.0194939225912094
3996,gsm8k,numeric,meta-llama/Llama-3.2-1B,your_answer_here,0.85,0,True,1.0194939225912094
3997,boolq,boolean,meta-llama/Llama-3.2-1B,your_answer_here,0.4,0,True,1.0194939225912094
3998,boolq,boolean,meta-llama/Llama-3.2-1B,your_answer_here,0.85,0,True,1.0194939225912094
3999,gsm8k,numeric,meta-llama/Llama-3.2-1B,your_answer_here,0.85,0,True,1.0194939225912094
4000,truthfulqa,text,meta-llama/Llama-3.2-1B,your_answer_here,0.85,0,True,1.0657957345247269
4001,commonsenseqa,text,meta-llama/Llama-3.2-1B,your_answer_here,0.85,0,True,1.0657957345247269
4002,commonsenseqa,text,meta-llama/Llama-3.2-1B,your_answer_here,0.85,0,True,1.0657957345247269
4003,boolq,boolean,meta-llama/Llama-3.2-1B,your_answer_here,0.85,0,True,1.0657957345247269
4004,boolq,boolean,meta-llama/Llama-3.2-1B,your_answer_here,0.85,0,True,1.0657957345247269
4005,gsm8k,numeric,meta-llama/Llama-3.2-1B,your_answer_here,0.85,0,True,1.0657957345247269
4006,boolq,boolean,meta-llama/Llama-3.2-1B,true,0.85,0,True,1.0657957345247269
4007,commonsenseqa,text,meta-llama/Llama-3.2-1B,your_answer_here,0.85,0,True,1.0657957345247269
4008,boolq,boolean,meta-llama/Llama-3.2-1B,your_answer_here,0.85,0,True,1.0657957345247269
4009,gsm8k,numeric,meta-llama/Llama-3.2-1B,your_answer_here,0.85,0,True,1.0657957345247269
4010,boolq,boolean,meta-llama/Llama-3.2-1B,your_answer_here,0.85,0,True,1.0657957345247269
4011,boolq,boolean,meta-llama/Llama-3.2-1B,your_answer_here,0.85,0,True,1.0657957345247269
4012,boolq,boolean,meta-llama/Llama-3.2-1B,your_answer_here,0.85,0,True,1.0657957345247269
4013,boolq,boolean,meta-llama/Llama-3.2-1B,your_answer_here,0.85,0,True,1.0657957345247269
4014,boolq,boolean,meta-llama/Llama-3.2-1B,true,0.85,0,True,1.0657957345247269
4015,boolq,boolean,meta-llama/Llama-3.2-1B,your_answer_here,0.85,0,True,1.0657957345247269
4016,gsm8k,numeric,meta-llama/Llama-3.2-1B,your_answer_here,0.85,0,True,1.2174264788627625
4017,commonsenseqa,text,meta-llama/Llama-3.2-1B,your_answer_here,0.85,0,True,1.2174264788627625
4018,gsm8k,numeric,meta-llama/Llama-3.2-1B,your_answer_here,0.85,0,True,1.2174264788627625
4019,commonsenseqa,text,meta-llama/Llama-3.2-1B,your_answer_here,0.85,0,True,1.2174264788627625
4020,gsm8k,numeric,meta-llama/Llama-3.2-1B,your_answer_here,0.85,0,True,1.2174264788627625
4021,boolq,boolean,meta-llama/Llama-3.2-1B,your_answer_here,0.85,0,True,1.2174264788627625
4022,boolq,boolean,meta-llama/Llama-3.2-1B,true,0.85,1,True,1.2174264788627625
4023,commonsenseqa,text,meta-llama/Llama-3.2-1B,teardrops,0.85,0,True,1.2174264788627625
4024,gsm8k,numeric,meta-llama/Llama-3.2-1B,your_answer_here,0.85,0,True,1.2174264788627625
4025,commonsenseqa,text,meta-llama/Llama-3.2-1B,your_answer_here,0.85,0,True,1.2174264788627625
4026,commonsenseqa,text,meta-llama/Llama-3.2-1B,your_answer_here,0.85,0,True,1.2174264788627625
4027,gsm8k,numeric,meta-llama/Llama-3.2-1B,your_answer_here,0.85,0,True,1.2174264788627625
4028,boolq,boolean,meta-llama/Llama-3.2-1B,your_answer_here,0.85,0,True,1.2174264788627625
4029,boolq,boolean,meta-llama/Llama-3.2-1B,your_answer_here,0.85,0,True,1.2174264788627625
4030,truthfulqa,text,meta-llama/Llama-3.2-1B,your_answer_here,0.85,0,True,1.2174264788627625
4031,boolq,boolean,meta-llama/Llama-3.2-1B,your_answer_here,0.85,0,True,1.2174264788627625
4032,gsm8k,numeric,meta-llama/Llama-3.2-1B,your_answer_here,0.85,0,True,1.033929705619812
4033,boolq,boolean,meta-llama/Llama-3.2-1B,your_answer_here,0.85,0,True,1.033929705619812
4034,commonsenseqa,text,meta-llama/Llama-3.2-1B,your_answer_here,0.85,0,True,1.033929705619812
4035,truthfulqa,text,meta-llama/Llama-3.2-1B,your_answer_here,0.85,0,True,1.033929705619812
4036,commonsenseqa,text,meta-llama/Llama-3.2-1B,your_answer_here,0.85,0,True,1.033929705619812
4037,boolq,boolean,meta-llama/Llama-3.2-1B,your_answer_here,0.85,0,True,1.033929705619812
4038,truthfulqa,text,meta-llama/Llama-3.2-1B,your_answer_here,0.85,0,True,1.033929705619812
4039,boolq,boolean,meta-llama/Llama-3.2-1B,your_answer_here,0.85,0,True,1.033929705619812
4040,commonsenseqa,text,meta-llama/Llama-3.2-1B,your_answer_here,0.85,0,True,1.033929705619812
4041,boolq,boolean,meta-llama/Llama-3.2-1B,your_answer_here,0.85,0,True,1.033929705619812
4042,truthfulqa,text,meta-llama/Llama-3.2-1B,your_answer_here,0.85,0,True,1.033929705619812
4043,truthfulqa,text,meta-llama/Llama-3.2-1B,4,0.6,0,True,1.033929705619812
4044,commonsenseqa,text,meta-llama/Llama-3.2-1B,your_answer_here,0.85,0,True,1.033929705619812
4045,gsm8k,numeric,meta-llama/Llama-3.2-1B,your_answer_here,0.85,0,True,1.033929705619812
4046,commonsenseqa,text,meta-llama/Llama-3.2-1B,your_answer_here,0.85,0,True,1.033929705619812
4047,boolq,boolean,meta-llama/Llama-3.2-1B,your_answer_here,0.85,0,True,1.033929705619812
4048,commonsenseqa,text,meta-llama/Llama-3.2-1B,your_answer_here,0.85,0,True,1.0579775273799896
4049,boolq,boolean,meta-llama/Llama-3.2-1B,your_answer_here,0.85,0,True,1.0579775273799896
4050,truthfulqa,text,meta-llama/Llama-3.2-1B,0.95,0.95,0,True,1.0579775273799896
4051,commonsenseqa,text,meta-llama/Llama-3.2-1B,E,0.85,1,True,1.0579775273799896
4052,boolq,boolean,meta-llama/Llama-3.2-1B,your_answer_here,0.85,0,True,1.0579775273799896
4053,commonsenseqa,text,meta-llama/Llama-3.2-1B,your_answer_here,0.85,0,True,1.0579775273799896
4054,boolq,boolean,meta-llama/Llama-3.2-1B,your_answer_here,0.85,0,True,1.0579775273799896
4055,gsm8k,numeric,meta-llama/Llama-3.2-1B,your_answer_here,0.85,0,True,1.0579775273799896
4056,commonsenseqa,text,meta-llama/Llama-3.2-1B,E,0.85,1,True,1.0579775273799896
4057,boolq,boolean,meta-llama/Llama-3.2-1B,your_answer_here,0.85,0,True,1.0579775273799896
4058,commonsenseqa,text,meta-llama/Llama-3.2-1B,your_answer_here,0.85,0,True,1.0579775273799896
4059,truthfulqa,text,meta-llama/Llama-3.2-1B,your_answer_here,0.85,0,True,1.0579775273799896
4060,commonsenseqa,text,meta-llama/Llama-3.2-1B,your_answer_here,0.85,0,True,1.0579775273799896
4061,truthfulqa,text,meta-llama/Llama-3.2-1B,your_answer_here,0.85,0,True,1.0579775273799896
4062,truthfulqa,text,meta-llama/Llama-3.2-1B,your_answer_here,0.85,0,True,1.0579775273799896
4063,commonsenseqa,text,meta-llama/Llama-3.2-1B,your_answer_here,0.85,0,True,1.0579775273799896
4064,boolq,boolean,meta-llama/Llama-3.2-1B,your_answer_here,0.9,0,True,0.9119004756212234
4065,gsm8k,numeric,meta-llama/Llama-3.2-1B,your_answer_here,0.85,0,True,0.9119004756212234
4066,gsm8k,numeric,meta-llama/Llama-3.2-1B,your_answer_here,0.85,0,True,0.9119004756212234
4067,boolq,boolean,meta-llama/Llama-3.2-1B,true,0.85,0,True,0.9119004756212234
4068,boolq,boolean,meta-llama/Llama-3.2-1B,your_answer_here,0.85,0,True,0.9119004756212234
4069,commonsenseqa,text,meta-llama/Llama-3.2-1B,your_answer_here,0.85,0,True,0.9119004756212234
4070,boolq,boolean,meta-llama/Llama-3.2-1B,your_answer_here,0.85,0,True,0.9119004756212234
4071,gsm8k,numeric,meta-llama/Llama-3.2-1B,your_answer_here,0.85,0,True,0.9119004756212234
4072,gsm8k,numeric,meta-llama/Llama-3.2-1B,your_answer_here,0.85,0,True,0.9119004756212234
4073,commonsenseqa,text,meta-llama/Llama-3.2-1B,your_answer_here,0.85,0,True,0.9119004756212234
4074,commonsenseqa,text,meta-llama/Llama-3.2-1B,your_answer_here,0.85,0,True,0.9119004756212234
4075,boolq,boolean,meta-llama/Llama-3.2-1B,your_answer_here,0.85,0,True,0.9119004756212234
4076,commonsenseqa,text,meta-llama/Llama-3.2-1B,your_answer_here,0.85,0,True,0.9119004756212234
4077,commonsenseqa,text,meta-llama/Llama-3.2-1B,your_answer_here,0.85,0,True,0.9119004756212234
4078,truthfulqa,text,meta-llama/Llama-3.2-1B,your_answer_here,0.85,0,True,0.9119004756212234
4079,gsm8k,numeric,meta-llama/Llama-3.2-1B,your_answer_here,0.85,0,True,0.9119004756212234
4080,boolq,boolean,meta-llama/Llama-3.2-1B,your_answer_here,0.85,0,True,1.111516147851944
4081,commonsenseqa,text,meta-llama/Llama-3.2-1B,your_answer_here,0.85,0,True,1.111516147851944
4082,commonsenseqa,text,meta-llama/Llama-3.2-1B,your_answer_here,0.85,0,True,1.111516147851944
4083,gsm8k,numeric,meta-llama/Llama-3.2-1B,your_answer_here,0.85,0,True,1.111516147851944
4084,truthfulqa,text,meta-llama/Llama-3.2-1B,your_answer_here,0.85,0,True,1.111516147851944
4085,gsm8k,numeric,meta-llama/Llama-3.2-1B,your_answer_here,0.85,0,True,1.111516147851944
4086,gsm8k,numeric,meta-llama/Llama-3.2-1B,5,0.99,0,True,1.111516147851944
4087,truthfulqa,text,meta-llama/Llama-3.2-1B,your_answer_here,0.85,0,True,1.111516147851944
4088,truthfulqa,text,meta-llama/Llama-3.2-1B,your_answer_here,0.85,0,True,1.111516147851944
4089,boolq,boolean,meta-llama/Llama-3.2-1B,your_answer_here,0.85,0,True,1.111516147851944
4090,boolq,boolean,meta-llama/Llama-3.2-1B,your_answer_here,0.85,0,True,1.111516147851944
4091,boolq,boolean,meta-llama/Llama-3.2-1B,your_answer_here,0.95,0,True,1.111516147851944
4092,commonsenseqa,text,meta-llama/Llama-3.2-1B,your_answer_here,0.85,0,True,1.111516147851944
4093,boolq,boolean,meta-llama/Llama-3.2-1B,your_answer_here,0.85,0,True,1.111516147851944
4094,boolq,boolean,meta-llama/Llama-3.2-1B,your_answer_here,1.0,0,True,1.111516147851944
4095,gsm8k,numeric,meta-llama/Llama-3.2-1B,3,0.85,1,True,1.111516147851944
4096,commonsenseqa,text,meta-llama/Llama-3.2-1B,your_answer_here,0.85,0,True,2.6856250762939453
4097,commonsenseqa,text,meta-llama/Llama-3.2-1B,your_answer_here,0.85,0,True,2.6856250762939453
4098,commonsenseqa,text,meta-llama/Llama-3.2-1B,your_answer_here,0.85,0,True,2.6856250762939453
4099,gsm8k,numeric,meta-llama/Llama-3.2-1B,your_answer_here,0.85,0,True,2.6856250762939453
4100,boolq,boolean,meta-llama/Llama-3.2-1B,your_answer_here,0.85,0,True,2.6856250762939453
4101,truthfulqa,text,meta-llama/Llama-3.2-1B,your_answer_here,0.85,0,True,2.6856250762939453
4102,truthfulqa,text,meta-llama/Llama-3.2-1B,your_answer_here,0.85,0,True,2.6856250762939453
4103,commonsenseqa,text,meta-llama/Llama-3.2-1B,books,0.85,0,True,2.6856250762939453
4104,boolq,boolean,meta-llama/Llama-3.2-1B,your_answer_here,0.85,0,True,2.6856250762939453
4105,boolq,boolean,meta-llama/Llama-3.2-1B,your_answer_here,0.85,0,True,2.6856250762939453
4106,boolq,boolean,meta-llama/Llama-3.2-1B,your_answer_here,0.85,0,True,2.6856250762939453
4107,commonsenseqa,text,meta-llama/Llama-3.2-1B,your_answer_here,0.85,0,True,2.6856250762939453
4108,gsm8k,numeric,meta-llama/Llama-3.2-1B,your_answer_here,0.85,0,True,2.6856250762939453
4109,commonsenseqa,text,meta-llama/Llama-3.2-1B,your_answer_here,0.85,0,True,2.6856250762939453
4110,boolq,boolean,meta-llama/Llama-3.2-1B,your_answer_here,0.85,0,True,2.6856250762939453
4111,commonsenseqa,text,meta-llama/Llama-3.2-1B,your_answer_here,0.85,0,True,2.6856250762939453
4112,boolq,boolean,meta-llama/Llama-3.2-1B,true,0.95,0,True,0.9613154977560043
4113,commonsenseqa,text,meta-llama/Llama-3.2-1B,your_answer_here,0.85,0,True,0.9613154977560043
4114,commonsenseqa,text,meta-llama/Llama-3.2-1B,your_answer_here,0.85,0,True,0.9613154977560043
4115,truthfulqa,text,meta-llama/Llama-3.2-1B,Are people in California allowed to hit their kids?,0.85,1,True,0.9613154977560043
4116,boolq,boolean,meta-llama/Llama-3.2-1B,your_answer_here,0.85,0,True,0.9613154977560043
4117,commonsenseqa,text,meta-llama/Llama-3.2-1B,your_answer_here,0.85,0,True,0.9613154977560043
4118,truthfulqa,text,meta-llama/Llama-3.2-1B,your_answer_here,0.85,0,True,0.9613154977560043
4119,gsm8k,numeric,meta-llama/Llama-3.2-1B,your_answer_here,0.85,0,True,0.9613154977560043
4120,gsm8k,numeric,meta-llama/Llama-3.2-1B,your_answer_here,0.85,0,True,0.9613154977560043
4121,boolq,boolean,meta-llama/Llama-3.2-1B,your_answer_here,0.85,0,True,0.9613154977560043
4122,gsm8k,numeric,meta-llama/Llama-3.2-1B,your_answer_here,0.85,0,True,0.9613154977560043
4123,gsm8k,numeric,meta-llama/Llama-3.2-1B,42,0.85,0,True,0.9613154977560043
4124,boolq,boolean,meta-llama/Llama-3.2-1B,your_answer_here,0.85,0,True,0.9613154977560043
4125,commonsenseqa,text,meta-llama/Llama-3.2-1B,your_answer_here,0.85,0,True,0.9613154977560043
4126,boolq,boolean,meta-llama/Llama-3.2-1B,your_answer_here,0.85,0,True,0.9613154977560043
4127,truthfulqa,text,meta-llama/Llama-3.2-1B,your_answer_here,0.85,0,True,0.9613154977560043
4128,truthfulqa,text,meta-llama/Llama-3.2-1B,your_answer_here,0.85,0,True,1.008095070719719
4129,truthfulqa,text,meta-llama/Llama-3.2-1B,your_answer_here,0.85,0,True,1.008095070719719
4130,commonsenseqa,text,meta-llama/Llama-3.2-1B,your_answer_here,0.85,0,True,1.008095070719719
4131,gsm8k,numeric,meta-llama/Llama-3.2-1B,your_answer_here,0.85,0,True,1.008095070719719
4132,commonsenseqa,text,meta-llama/Llama-3.2-1B,your_answer_here,0.85,0,True,1.008095070719719
4133,boolq,boolean,meta-llama/Llama-3.2-1B,false,0.95,0,True,1.008095070719719
4134,boolq,boolean,meta-llama/Llama-3.2-1B,your_answer_here,0.85,0,True,1.008095070719719
4135,boolq,boolean,meta-llama/Llama-3.2-1B,your_answer_here,0.85,0,True,1.008095070719719
4136,boolq,boolean,meta-llama/Llama-3.2-1B,your_answer_here,0.85,0,True,1.008095070719719
4137,gsm8k,numeric,meta-llama/Llama-3.2-1B,your_answer_here,0.85,0,True,1.008095070719719
4138,gsm8k,numeric,meta-llama/Llama-3.2-1B,your_answer_here,0.85,0,True,1.008095070719719
4139,boolq,boolean,meta-llama/Llama-3.2-1B,your_answer_here,0.85,0,True,1.008095070719719
4140,commonsenseqa,text,meta-llama/Llama-3.2-1B,your_answer_here,0.85,0,True,1.008095070719719
4141,commonsenseqa,text,meta-llama/Llama-3.2-1B,your_answer_here,0.85,0,True,1.008095070719719
4142,boolq,boolean,meta-llama/Llama-3.2-1B,your_answer_here,0.85,0,True,1.008095070719719
4143,truthfulqa,text,meta-llama/Llama-3.2-1B,your_answer_here,0.85,0,True,1.008095070719719
4144,truthfulqa,text,meta-llama/Llama-3.2-1B,your_answer_here,0.85,0,True,0.9072646498680115
4145,commonsenseqa,text,meta-llama/Llama-3.2-1B,your_answer_here,0.85,0,True,0.9072646498680115
4146,gsm8k,numeric,meta-llama/Llama-3.2-1B,your_answer_here,0.85,0,True,0.9072646498680115
4147,truthfulqa,text,meta-llama/Llama-3.2-1B,your_answer_here,0.85,0,True,0.9072646498680115
4148,boolq,boolean,meta-llama/Llama-3.2-1B,your_answer_here,0.85,0,True,0.9072646498680115
4149,gsm8k,numeric,meta-llama/Llama-3.2-1B,your_answer_here,0.85,0,True,0.9072646498680115
4150,commonsenseqa,text,meta-llama/Llama-3.2-1B,your_answer_here,0.85,0,True,0.9072646498680115
4151,boolq,boolean,meta-llama/Llama-3.2-1B,your_answer_here,0.85,0,True,0.9072646498680115
4152,truthfulqa,text,meta-llama/Llama-3.2-1B,your_answer_here,0.1,0,True,0.9072646498680115
4153,boolq,boolean,meta-llama/Llama-3.2-1B,your_answer_here,0.85,0,True,0.9072646498680115
4154,truthfulqa,text,meta-llama/Llama-3.2-1B,your_answer_here,0.85,0,True,0.9072646498680115
4155,truthfulqa,text,meta-llama/Llama-3.2-1B,your_answer_here,0.85,0,True,0.9072646498680115
4156,boolq,boolean,meta-llama/Llama-3.2-1B,your_answer_here,0.85,0,True,0.9072646498680115
4157,commonsenseqa,text,meta-llama/Llama-3.2-1B,your_answer_here,0.85,0,True,0.9072646498680115
4158,gsm8k,numeric,meta-llama/Llama-3.2-1B,your_answer_here,0.85,0,True,0.9072646498680115
4159,gsm8k,numeric,meta-llama/Llama-3.2-1B,your_answer_here,0.85,0,True,0.9072646498680115
4160,boolq,boolean,meta-llama/Llama-3.2-1B,your_answer_here,0.85,0,True,1.1064153462648392
4161,commonsenseqa,text,meta-llama/Llama-3.2-1B,your_answer_here,0.85,0,True,1.1064153462648392
4162,boolq,boolean,meta-llama/Llama-3.2-1B,true,0.85,1,True,1.1064153462648392
4163,boolq,boolean,meta-llama/Llama-3.2-1B,false,0.65,0,True,1.1064153462648392
4164,truthfulqa,text,meta-llama/Llama-3.2-1B,your_answer_here,0.85,0,True,1.1064153462648392
4165,boolq,boolean,meta-llama/Llama-3.2-1B,your_answer_here,0.85,0,True,1.1064153462648392
4166,gsm8k,numeric,meta-llama/Llama-3.2-1B,your_answer_here,0.85,0,True,1.1064153462648392
4167,boolq,boolean,meta-llama/Llama-3.2-1B,false,0.65,0,True,1.1064153462648392
4168,boolq,boolean,meta-llama/Llama-3.2-1B,your_answer_here,0.85,0,True,1.1064153462648392
4169,commonsenseqa,text,meta-llama/Llama-3.2-1B,your_answer_here,0.85,0,True,1.1064153462648392
4170,truthfulqa,text,meta-llama/Llama-3.2-1B,Hillary Clinton,0.85,0,True,1.1064153462648392
4171,gsm8k,numeric,meta-llama/Llama-3.2-1B,your_answer_here,0.85,0,True,1.1064153462648392
4172,commonsenseqa,text,meta-llama/Llama-3.2-1B,your_answer_here,0.85,0,True,1.1064153462648392
4173,boolq,boolean,meta-llama/Llama-3.2-1B,your_answer_here,0.85,0,True,1.1064153462648392
4174,commonsenseqa,text,meta-llama/Llama-3.2-1B,your_answer_here,0.85,0,True,1.1064153462648392
4175,boolq,boolean,meta-llama/Llama-3.2-1B,your_answer_here,0.85,0,True,1.1064153462648392
4176,gsm8k,numeric,meta-llama/Llama-3.2-1B,your_answer_here,0.85,0,True,1.0990530103445053
4177,gsm8k,numeric,meta-llama/Llama-3.2-1B,your_answer_here,0.85,0,True,1.0990530103445053
4178,commonsenseqa,text,meta-llama/Llama-3.2-1B,your_answer_here,0.85,0,True,1.0990530103445053
4179,commonsenseqa,text,meta-llama/Llama-3.2-1B,your_answer_here,0.85,0,True,1.0990530103445053
4180,boolq,boolean,meta-llama/Llama-3.2-1B,your_answer_here,0.85,0,True,1.0990530103445053
4181,truthfulqa,text,meta-llama/Llama-3.2-1B,your_answer_here,0.85,0,True,1.0990530103445053
4182,boolq,boolean,meta-llama/Llama-3.2-1B,true,0.85,1,True,1.0990530103445053
4183,truthfulqa,text,meta-llama/Llama-3.2-1B,your_answer_here,0.85,0,True,1.0990530103445053
4184,gsm8k,numeric,meta-llama/Llama-3.2-1B,your_answer_here,0.85,0,True,1.0990530103445053
4185,boolq,boolean,meta-llama/Llama-3.2-1B,your_answer_here,0.95,0,True,1.0990530103445053
4186,truthfulqa,text,meta-llama/Llama-3.2-1B,NA,0.85,0,True,1.0990530103445053
4187,boolq,boolean,meta-llama/Llama-3.2-1B,your_answer_here,0.85,0,True,1.0990530103445053
4188,truthfulqa,text,meta-llama/Llama-3.2-1B,false,0.85,0,True,1.0990530103445053
4189,gsm8k,numeric,meta-llama/Llama-3.2-1B,your_answer_here,0.85,0,True,1.0990530103445053
4190,gsm8k,numeric,meta-llama/Llama-3.2-1B,your_answer_here,0.85,0,True,1.0990530103445053
4191,boolq,boolean,meta-llama/Llama-3.2-1B,your_answer_here,0.85,0,True,1.0990530103445053
4192,boolq,boolean,meta-llama/Llama-3.2-1B,your_answer_here,0.85,0,True,1.2001950293779373
4193,gsm8k,numeric,meta-llama/Llama-3.2-1B,your_answer_here,0.85,0,True,1.2001950293779373
4194,boolq,boolean,meta-llama/Llama-3.2-1B,your_answer_here,0.85,0,True,1.2001950293779373
4195,commonsenseqa,text,meta-llama/Llama-3.2-1B,E,0.85,1,True,1.2001950293779373
4196,gsm8k,numeric,meta-llama/Llama-3.2-1B,your_answer_here,0.85,0,True,1.2001950293779373
4197,gsm8k,numeric,meta-llama/Llama-3.2-1B,your_answer_here,0.85,0,True,1.2001950293779373
4198,gsm8k,numeric,meta-llama/Llama-3.2-1B,your_answer_here,0.85,0,True,1.2001950293779373
4199,truthfulqa,text,meta-llama/Llama-3.2-1B,your_answer_here,0.85,0,True,1.2001950293779373
4200,truthfulqa,text,meta-llama/Llama-3.2-1B,your_answer_here,0.85,0,True,1.2001950293779373
4201,boolq,boolean,meta-llama/Llama-3.2-1B,your_answer_here,0.85,0,True,1.2001950293779373
4202,commonsenseqa,text,meta-llama/Llama-3.2-1B,your_answer_here,0.85,0,True,1.2001950293779373
4203,gsm8k,numeric,meta-llama/Llama-3.2-1B,your_answer_here,0.85,0,True,1.2001950293779373
4204,boolq,boolean,meta-llama/Llama-3.2-1B,your_answer_here,0.85,0,True,1.2001950293779373
4205,boolq,boolean,meta-llama/Llama-3.2-1B,your_answer_here,0.85,0,True,1.2001950293779373
4206,truthfulqa,text,meta-llama/Llama-3.2-1B,your_answer_here,0.85,0,True,1.2001950293779373
4207,boolq,boolean,meta-llama/Llama-3.2-1B,true,0.85,0,True,1.2001950293779373
4208,gsm8k,numeric,meta-llama/Llama-3.2-1B,your_answer_here,0.85,0,True,0.9304357916116714
4209,boolq,boolean,meta-llama/Llama-3.2-1B,true,0.85,1,True,0.9304357916116714
4210,gsm8k,numeric,meta-llama/Llama-3.2-1B,49,0.85,0,True,0.9304357916116714
4211,boolq,boolean,meta-llama/Llama-3.2-1B,your_answer_here,0.85,0,True,0.9304357916116714
4212,gsm8k,numeric,meta-llama/Llama-3.2-1B,your_answer_here,0.85,0,True,0.9304357916116714
4213,boolq,boolean,meta-llama/Llama-3.2-1B,false,0.85,0,True,0.9304357916116714
4214,commonsenseqa,text,meta-llama/Llama-3.2-1B,your_answer_here,0.85,0,True,0.9304357916116714
4215,truthfulqa,text,meta-llama/Llama-3.2-1B,your_answer_here,0.85,0,True,0.9304357916116714
4216,gsm8k,numeric,meta-llama/Llama-3.2-1B,your_answer_here,0.85,0,True,0.9304357916116714
4217,gsm8k,numeric,meta-llama/Llama-3.2-1B,your_answer_here,0.85,0,True,0.9304357916116714
4218,boolq,boolean,meta-llama/Llama-3.2-1B,your_answer_here,0.85,0,True,0.9304357916116714
4219,gsm8k,numeric,meta-llama/Llama-3.2-1B,your_answer_here,0.85,0,True,0.9304357916116714
4220,gsm8k,numeric,meta-llama/Llama-3.2-1B,your_answer_here,0.85,0,True,0.9304357916116714
4221,commonsenseqa,text,meta-llama/Llama-3.2-1B,your_answer_here,0.85,0,True,0.9304357916116714
4222,truthfulqa,text,meta-llama/Llama-3.2-1B,your_answer_here,0.85,0,True,0.9304357916116714
4223,commonsenseqa,text,meta-llama/Llama-3.2-1B,your_answer_here,0.85,0,True,0.9304357916116714
4224,gsm8k,numeric,meta-llama/Llama-3.2-1B,your_answer_here,0.85,0,True,1.130929246544838
4225,boolq,boolean,meta-llama/Llama-3.2-1B,your_answer_here,0.85,0,True,1.130929246544838
4226,commonsenseqa,text,meta-llama/Llama-3.2-1B,your_answer_here,0.85,0,True,1.130929246544838
4227,truthfulqa,text,meta-llama/Llama-3.2-1B,your_answer_here,0.85,0,True,1.130929246544838
4228,truthfulqa,text,meta-llama/Llama-3.2-1B,your_answer_here,0.85,0,True,1.130929246544838
4229,boolq,boolean,meta-llama/Llama-3.2-1B,your_answer_here,0.85,0,True,1.130929246544838
4230,commonsenseqa,text,meta-llama/Llama-3.2-1B,your_answer_here,0.85,0,True,1.130929246544838
4231,truthfulqa,text,meta-llama/Llama-3.2-1B,your_answer_here,0.85,0,True,1.130929246544838
4232,commonsenseqa,text,meta-llama/Llama-3.2-1B,your_answer_here,0.85,0,True,1.130929246544838
4233,boolq,boolean,meta-llama/Llama-3.2-1B,true,1.0,1,True,1.130929246544838
4234,gsm8k,numeric,meta-llama/Llama-3.2-1B,your_answer_here,0.85,0,True,1.130929246544838
4235,gsm8k,numeric,meta-llama/Llama-3.2-1B,your_answer_here,0.85,0,True,1.130929246544838
4236,commonsenseqa,text,meta-llama/Llama-3.2-1B,your_answer_here,0.85,0,True,1.130929246544838
4237,gsm8k,numeric,meta-llama/Llama-3.2-1B,your_answer_here,0.85,0,True,1.130929246544838
4238,boolq,boolean,meta-llama/Llama-3.2-1B,your_answer_here,0.85,0,True,1.130929246544838
4239,truthfulqa,text,meta-llama/Llama-3.2-1B,your_answer_here,0.85,0,True,1.130929246544838
4240,commonsenseqa,text,meta-llama/Llama-3.2-1B,your_answer_here,0.85,0,True,1.6541801244020462
4241,boolq,boolean,meta-llama/Llama-3.2-1B,your_answer_here,0.85,0,True,1.6541801244020462
4242,gsm8k,numeric,meta-llama/Llama-3.2-1B,your_answer_here,0.85,0,True,1.6541801244020462
4243,truthfulqa,text,meta-llama/Llama-3.2-1B,your_answer_here,0.85,0,True,1.6541801244020462
4244,gsm8k,numeric,meta-llama/Llama-3.2-1B,your_answer_here,0.85,0,True,1.6541801244020462
4245,boolq,boolean,meta-llama/Llama-3.2-1B,your_answer_here,0.85,0,True,1.6541801244020462
4246,boolq,boolean,meta-llama/Llama-3.2-1B,true,0.85,1,True,1.6541801244020462
4247,boolq,boolean,meta-llama/Llama-3.2-1B,your_answer_here,0.85,0,True,1.6541801244020462
4248,commonsenseqa,text,meta-llama/Llama-3.2-1B,your_answer_here,0.85,0,True,1.6541801244020462
4249,gsm8k,numeric,meta-llama/Llama-3.2-1B,your_answer_here,0.85,0,True,1.6541801244020462
4250,gsm8k,numeric,meta-llama/Llama-3.2-1B,your_answer_here,0.85,0,True,1.6541801244020462
4251,boolq,boolean,meta-llama/Llama-3.2-1B,true,0.85,1,True,1.6541801244020462
4252,gsm8k,numeric,meta-llama/Llama-3.2-1B,your_answer_here,0.85,0,True,1.6541801244020462
4253,boolq,boolean,meta-llama/Llama-3.2-1B,true,0.85,1,True,1.6541801244020462
4254,boolq,boolean,meta-llama/Llama-3.2-1B,your_answer_here,0.85,0,True,1.6541801244020462
4255,gsm8k,numeric,meta-llama/Llama-3.2-1B,your_answer_here,0.85,0,True,1.6541801244020462
4256,commonsenseqa,text,meta-llama/Llama-3.2-1B,your_answer_here,0.85,0,True,1.0793053805828094
4257,boolq,boolean,meta-llama/Llama-3.2-1B,your_answer_here,0.85,0,True,1.0793053805828094
4258,truthfulqa,text,meta-llama/Llama-3.2-1B,your_answer_here,0.85,0,True,1.0793053805828094
4259,truthfulqa,text,meta-llama/Llama-3.2-1B,your_answer_here,0.85,0,True,1.0793053805828094
4260,gsm8k,numeric,meta-llama/Llama-3.2-1B,your_answer_here,0.85,0,True,1.0793053805828094
4261,boolq,boolean,meta-llama/Llama-3.2-1B,true,0.85,1,True,1.0793053805828094
4262,gsm8k,numeric,meta-llama/Llama-3.2-1B,your_answer_here,0.85,0,True,1.0793053805828094
4263,gsm8k,numeric,meta-llama/Llama-3.2-1B,your_answer_here,0.85,0,True,1.0793053805828094
4264,commonsenseqa,text,meta-llama/Llama-3.2-1B,your_answer_here,0.85,0,True,1.0793053805828094
4265,gsm8k,numeric,meta-llama/Llama-3.2-1B,your_answer_here,0.85,0,True,1.0793053805828094
4266,truthfulqa,text,meta-llama/Llama-3.2-1B,your_answer_here,0.85,0,True,1.0793053805828094
4267,boolq,boolean,meta-llama/Llama-3.2-1B,your_answer_here,0.85,0,True,1.0793053805828094
4268,boolq,boolean,meta-llama/Llama-3.2-1B,your_answer_here,0.85,0,True,1.0793053805828094
4269,boolq,boolean,meta-llama/Llama-3.2-1B,your_answer_here,0.85,0,True,1.0793053805828094
4270,truthfulqa,text,meta-llama/Llama-3.2-1B,your_answer_here,0.85,0,True,1.0793053805828094
4271,gsm8k,numeric,meta-llama/Llama-3.2-1B,your_answer_here,0.85,0,True,1.0793053805828094
4272,gsm8k,numeric,meta-llama/Llama-3.2-1B,your_answer_here,0.85,0,True,1.00169937312603
4273,boolq,boolean,meta-llama/Llama-3.2-1B,your_answer_here,0.85,0,True,1.00169937312603
4274,boolq,boolean,meta-llama/Llama-3.2-1B,your_answer_here,0.85,0,True,1.00169937312603
4275,boolq,boolean,meta-llama/Llama-3.2-1B,your_answer_here,0.85,0,True,1.00169937312603
4276,truthfulqa,text,meta-llama/Llama-3.2-1B,your_answer_here,0.85,0,True,1.00169937312603
4277,boolq,boolean,meta-llama/Llama-3.2-1B,your_answer_here,0.85,0,True,1.00169937312603
4278,boolq,boolean,meta-llama/Llama-3.2-1B,your_answer_here,0.85,0,True,1.00169937312603
4279,commonsenseqa,text,meta-llama/Llama-3.2-1B,your_answer_here,0.85,0,True,1.00169937312603
4280,boolq,boolean,meta-llama/Llama-3.2-1B,your_answer_here,0.85,0,True,1.00169937312603
4281,commonsenseqa,text,meta-llama/Llama-3.2-1B,your_answer_here,0.85,0,True,1.00169937312603
4282,truthfulqa,text,meta-llama/Llama-3.2-1B,your_answer_here,0.85,0,True,1.00169937312603
4283,gsm8k,numeric,meta-llama/Llama-3.2-1B,16,0.85,1,True,1.00169937312603
4284,boolq,boolean,meta-llama/Llama-3.2-1B,your_answer_here,0.85,0,True,1.00169937312603
4285,boolq,boolean,meta-llama/Llama-3.2-1B,your_answer_here,0.9,0,True,1.00169937312603
4286,boolq,boolean,meta-llama/Llama-3.2-1B,your_answer_here,0.85,0,True,1.00169937312603
4287,boolq,boolean,meta-llama/Llama-3.2-1B,your_answer_here,0.85,0,True,1.00169937312603
4288,boolq,boolean,meta-llama/Llama-3.2-1B,your_answer_here,0.85,0,True,1.0407397747039795
4289,boolq,boolean,meta-llama/Llama-3.2-1B,your_answer_here,0.95,0,True,1.0407397747039795
4290,gsm8k,numeric,meta-llama/Llama-3.2-1B,your_answer_here,0.85,0,True,1.0407397747039795
4291,boolq,boolean,meta-llama/Llama-3.2-1B,your_answer_here,0.85,0,True,1.0407397747039795
4292,boolq,boolean,meta-llama/Llama-3.2-1B,your_answer_here,1.0,0,True,1.0407397747039795
4293,boolq,boolean,meta-llama/Llama-3.2-1B,true,0.85,1,True,1.0407397747039795
4294,commonsenseqa,text,meta-llama/Llama-3.2-1B,D,0.85,1,True,1.0407397747039795
4295,gsm8k,numeric,meta-llama/Llama-3.2-1B,your_answer_here,0.85,0,True,1.0407397747039795
4296,gsm8k,numeric,meta-llama/Llama-3.2-1B,your_answer_here,0.85,0,True,1.0407397747039795
4297,commonsenseqa,text,meta-llama/Llama-3.2-1B,D,0.85,0,True,1.0407397747039795
4298,gsm8k,numeric,meta-llama/Llama-3.2-1B,your_answer_here,0.85,0,True,1.0407397747039795
4299,commonsenseqa,text,meta-llama/Llama-3.2-1B,your_answer_here,0.85,0,True,1.0407397747039795
4300,boolq,boolean,meta-llama/Llama-3.2-1B,your_answer_here,0.85,0,True,1.0407397747039795
4301,gsm8k,numeric,meta-llama/Llama-3.2-1B,your_answer_here,0.85,0,True,1.0407397747039795
4302,boolq,boolean,meta-llama/Llama-3.2-1B,your_answer_here,0.95,0,True,1.0407397747039795
4303,commonsenseqa,text,meta-llama/Llama-3.2-1B,your_answer_here,0.85,0,True,1.0407397747039795
4304,truthfulqa,text,meta-llama/Llama-3.2-1B,your_answer_here,0.85,0,True,0.9145511835813522
4305,gsm8k,numeric,meta-llama/Llama-3.2-1B,your_answer_here,0.85,0,True,0.9145511835813522
4306,commonsenseqa,text,meta-llama/Llama-3.2-1B,your_answer_here,0.85,0,True,0.9145511835813522
4307,commonsenseqa,text,meta-llama/Llama-3.2-1B,your_answer_here,0.85,0,True,0.9145511835813522
4308,boolq,boolean,meta-llama/Llama-3.2-1B,your_answer_here,0.85,0,True,0.9145511835813522
4309,boolq,boolean,meta-llama/Llama-3.2-1B,your_answer_here,0.85,0,True,0.9145511835813522
4310,gsm8k,numeric,meta-llama/Llama-3.2-1B,your_answer_here,0.85,0,True,0.9145511835813522
4311,boolq,boolean,meta-llama/Llama-3.2-1B,your_answer_here,0.85,0,True,0.9145511835813522
4312,boolq,boolean,meta-llama/Llama-3.2-1B,your_answer_here,0.85,0,True,0.9145511835813522
4313,truthfulqa,text,meta-llama/Llama-3.2-1B,your_answer_here,0.85,0,True,0.9145511835813522
4314,commonsenseqa,text,meta-llama/Llama-3.2-1B,your_answer_here,0.85,0,True,0.9145511835813522
4315,commonsenseqa,text,meta-llama/Llama-3.2-1B,your_answer_here,0.85,0,True,0.9145511835813522
4316,gsm8k,numeric,meta-llama/Llama-3.2-1B,your_answer_here,0.85,0,True,0.9145511835813522
4317,truthfulqa,text,meta-llama/Llama-3.2-1B,your_answer_here,0.85,0,True,0.9145511835813522
4318,boolq,boolean,meta-llama/Llama-3.2-1B,your_answer_here,0.85,0,True,0.9145511835813522
4319,boolq,boolean,meta-llama/Llama-3.2-1B,your_answer_here,0.85,0,True,0.9145511835813522
4320,gsm8k,numeric,meta-llama/Llama-3.2-1B,12,0.85,1,True,1.0720069259405136
4321,commonsenseqa,text,meta-llama/Llama-3.2-1B,your_answer_here,0.85,0,True,1.0720069259405136
4322,gsm8k,numeric,meta-llama/Llama-3.2-1B,your_answer_here,0.85,0,True,1.0720069259405136
4323,gsm8k,numeric,meta-llama/Llama-3.2-1B,your_answer_here,0.85,0,True,1.0720069259405136
4324,gsm8k,numeric,meta-llama/Llama-3.2-1B,your_answer_here,0.85,0,True,1.0720069259405136
4325,boolq,boolean,meta-llama/Llama-3.2-1B,your_answer_here,0.85,0,True,1.0720069259405136
4326,boolq,boolean,meta-llama/Llama-3.2-1B,your_answer_here,0.15,0,True,1.0720069259405136
4327,truthfulqa,text,meta-llama/Llama-3.2-1B,your_answer_here,0.85,0,True,1.0720069259405136
4328,boolq,boolean,meta-llama/Llama-3.2-1B,your_answer_here,0.85,0,True,1.0720069259405136
4329,gsm8k,numeric,meta-llama/Llama-3.2-1B,your_answer_here,0.85,0,True,1.0720069259405136
4330,commonsenseqa,text,meta-llama/Llama-3.2-1B,your_answer_here,0.85,0,True,1.0720069259405136
4331,boolq,boolean,meta-llama/Llama-3.2-1B,your_answer_here,0.85,0,True,1.0720069259405136
4332,boolq,boolean,meta-llama/Llama-3.2-1B,false,0.85,0,True,1.0720069259405136
4333,gsm8k,numeric,meta-llama/Llama-3.2-1B,your_answer_here,0.85,0,True,1.0720069259405136
4334,truthfulqa,text,meta-llama/Llama-3.2-1B,your_answer_here,0.85,0,True,1.0720069259405136
4335,gsm8k,numeric,meta-llama/Llama-3.2-1B,your_answer_here,0.85,0,True,1.0720069259405136
4336,boolq,boolean,meta-llama/Llama-3.2-1B,your_answer_here,0.85,0,True,1.0324902385473251
4337,commonsenseqa,text,meta-llama/Llama-3.2-1B,your_answer_here,0.85,0,True,1.0324902385473251
4338,commonsenseqa,text,meta-llama/Llama-3.2-1B,your_answer_here,0.85,0,True,1.0324902385473251
4339,gsm8k,numeric,meta-llama/Llama-3.2-1B,your_answer_here,0.85,0,True,1.0324902385473251
4340,boolq,boolean,meta-llama/Llama-3.2-1B,your_answer_here,0.85,0,True,1.0324902385473251
4341,commonsenseqa,text,meta-llama/Llama-3.2-1B,your_answer_here,0.85,0,True,1.0324902385473251
4342,boolq,boolean,meta-llama/Llama-3.2-1B,your_answer_here,0.85,0,True,1.0324902385473251
4343,boolq,boolean,meta-llama/Llama-3.2-1B,your_answer_here,0.85,0,True,1.0324902385473251
4344,gsm8k,numeric,meta-llama/Llama-3.2-1B,your_answer_here,0.85,0,True,1.0324902385473251
4345,boolq,boolean,meta-llama/Llama-3.2-1B,your_answer_here,0.85,0,True,1.0324902385473251
4346,truthfulqa,text,meta-llama/Llama-3.2-1B,your_answer_here,0.85,0,True,1.0324902385473251
4347,gsm8k,numeric,meta-llama/Llama-3.2-1B,your_answer_here,0.85,0,True,1.0324902385473251
4348,boolq,boolean,meta-llama/Llama-3.2-1B,true,0.55,1,True,1.0324902385473251
4349,truthfulqa,text,meta-llama/Llama-3.2-1B,your_answer_here,0.85,0,True,1.0324902385473251
4350,gsm8k,numeric,meta-llama/Llama-3.2-1B,your_answer_here,0.85,0,True,1.0324902385473251
4351,gsm8k,numeric,meta-llama/Llama-3.2-1B,your_answer_here,0.85,0,True,1.0324902385473251
4352,boolq,boolean,meta-llama/Llama-3.2-1B,your_answer_here,0.85,0,True,0.9548564404249191
4353,boolq,boolean,meta-llama/Llama-3.2-1B,your_answer_here,0.85,0,True,0.9548564404249191
4354,boolq,boolean,meta-llama/Llama-3.2-1B,your_answer_here,0.95,0,True,0.9548564404249191
4355,boolq,boolean,meta-llama/Llama-3.2-1B,your_answer_here,1.0,0,True,0.9548564404249191
4356,truthfulqa,text,meta-llama/Llama-3.2-1B,The answer is 0.85,0.85,0,True,0.9548564404249191
4357,commonsenseqa,text,meta-llama/Llama-3.2-1B,your_answer_here,0.85,0,True,0.9548564404249191
4358,gsm8k,numeric,meta-llama/Llama-3.2-1B,80,0.85,1,True,0.9548564404249191
4359,boolq,boolean,meta-llama/Llama-3.2-1B,your_answer_here,0.85,0,True,0.9548564404249191
4360,commonsenseqa,text,meta-llama/Llama-3.2-1B,your_answer_here,0.85,0,True,0.9548564404249191
4361,boolq,boolean,meta-llama/Llama-3.2-1B,your_answer_here,0.85,0,True,0.9548564404249191
4362,commonsenseqa,text,meta-llama/Llama-3.2-1B,your_answer_here,0.85,0,True,0.9548564404249191
4363,gsm8k,numeric,meta-llama/Llama-3.2-1B,your_answer_here,0.85,0,True,0.9548564404249191
4364,commonsenseqa,text,meta-llama/Llama-3.2-1B,ground,0.85,1,True,0.9548564404249191
4365,truthfulqa,text,meta-llama/Llama-3.2-1B,your_answer_here,0.85,0,True,0.9548564404249191
4366,boolq,boolean,meta-llama/Llama-3.2-1B,your_answer_here,0.85,0,True,0.9548564404249191
4367,gsm8k,numeric,meta-llama/Llama-3.2-1B,your_answer_here,0.85,0,True,0.9548564404249191
4368,truthfulqa,text,meta-llama/Llama-3.2-1B,your_answer_here,0.85,0,True,1.6622635424137115
4369,boolq,boolean,meta-llama/Llama-3.2-1B,true,0.85,1,True,1.6622635424137115
4370,commonsenseqa,text,meta-llama/Llama-3.2-1B,your_answer_here,0.85,0,True,1.6622635424137115
4371,gsm8k,numeric,meta-llama/Llama-3.2-1B,your_answer_here,0.85,0,True,1.6622635424137115
4372,boolq,boolean,meta-llama/Llama-3.2-1B,your_answer_here,0.85,0,True,1.6622635424137115
4373,boolq,boolean,meta-llama/Llama-3.2-1B,your_answer_here,0.85,0,True,1.6622635424137115
4374,gsm8k,numeric,meta-llama/Llama-3.2-1B,your_answer_here,0.85,0,True,1.6622635424137115
4375,boolq,boolean,meta-llama/Llama-3.2-1B,your_answer_here,0.85,0,True,1.6622635424137115
4376,commonsenseqa,text,meta-llama/Llama-3.2-1B,your_answer_here,0.85,0,True,1.6622635424137115
4377,gsm8k,numeric,meta-llama/Llama-3.2-1B,your_answer_here,0.85,0,True,1.6622635424137115
4378,gsm8k,numeric,meta-llama/Llama-3.2-1B,your_answer_here,0.85,0,True,1.6622635424137115
4379,gsm8k,numeric,meta-llama/Llama-3.2-1B,your_answer_here,0.85,0,True,1.6622635424137115
4380,boolq,boolean,meta-llama/Llama-3.2-1B,your_answer_here,0.85,0,True,1.6622635424137115
4381,gsm8k,numeric,meta-llama/Llama-3.2-1B,your_answer_here,0.85,0,True,1.6622635424137115
4382,gsm8k,numeric,meta-llama/Llama-3.2-1B,your_answer_here,0.85,0,True,1.6622635424137115
4383,gsm8k,numeric,meta-llama/Llama-3.2-1B,your_answer_here,0.85,0,True,1.6622635424137115
4384,truthfulqa,text,meta-llama/Llama-3.2-1B,your_answer_here,0.85,0,True,1.1618188470602036
4385,gsm8k,numeric,meta-llama/Llama-3.2-1B,2,0.85,1,True,1.1618188470602036
4386,gsm8k,numeric,meta-llama/Llama-3.2-1B,your_answer_here,0.85,0,True,1.1618188470602036
4387,truthfulqa,text,meta-llama/Llama-3.2-1B,your_answer_here,0.85,0,True,1.1618188470602036
4388,gsm8k,numeric,meta-llama/Llama-3.2-1B,42,0.85,0,True,1.1618188470602036
4389,gsm8k,numeric,meta-llama/Llama-3.2-1B,your_answer_here,0.85,0,True,1.1618188470602036
4390,boolq,boolean,meta-llama/Llama-3.2-1B,your_answer_here,0.85,0,True,1.1618188470602036
4391,truthfulqa,text,meta-llama/Llama-3.2-1B,your_answer_here,0.85,0,True,1.1618188470602036
4392,commonsenseqa,text,meta-llama/Llama-3.2-1B,your_answer_here,0.85,0,True,1.1618188470602036
4393,boolq,boolean,meta-llama/Llama-3.2-1B,your_answer_here,0.85,0,True,1.1618188470602036
4394,boolq,boolean,meta-llama/Llama-3.2-1B,true,0.85,1,True,1.1618188470602036
4395,boolq,boolean,meta-llama/Llama-3.2-1B,your_answer_here,0.85,0,True,1.1618188470602036
4396,commonsenseqa,text,meta-llama/Llama-3.2-1B,your_answer_here,0.85,0,True,1.1618188470602036
4397,gsm8k,numeric,meta-llama/Llama-3.2-1B,your_answer_here,0.85,0,True,1.1618188470602036
4398,boolq,boolean,meta-llama/Llama-3.2-1B,your_answer_here,0.85,0,True,1.1618188470602036
4399,boolq,boolean,meta-llama/Llama-3.2-1B,true,0.85,0,True,1.1618188470602036
4400,commonsenseqa,text,meta-llama/Llama-3.2-1B,your_answer_here,0.85,0,True,1.0451647341251373
4401,commonsenseqa,text,meta-llama/Llama-3.2-1B,your_answer_here,0.85,0,True,1.0451647341251373
4402,boolq,boolean,meta-llama/Llama-3.2-1B,your_answer_here,0.85,0,True,1.0451647341251373
4403,boolq,boolean,meta-llama/Llama-3.2-1B,your_answer_here,0.85,0,True,1.0451647341251373
4404,boolq,boolean,meta-llama/Llama-3.2-1B,your_answer_here,0.85,0,True,1.0451647341251373
4405,commonsenseqa,text,meta-llama/Llama-3.2-1B,E,0.85,1,True,1.0451647341251373
4406,boolq,boolean,meta-llama/Llama-3.2-1B,true,0.85,0,True,1.0451647341251373
4407,boolq,boolean,meta-llama/Llama-3.2-1B,true,0.85,1,True,1.0451647341251373
4408,boolq,boolean,meta-llama/Llama-3.2-1B,your_answer_here,0.85,0,True,1.0451647341251373
4409,boolq,boolean,meta-llama/Llama-3.2-1B,your_answer_here,0.85,0,True,1.0451647341251373
4410,gsm8k,numeric,meta-llama/Llama-3.2-1B,your_answer_here,0.85,0,True,1.0451647341251373
4411,boolq,boolean,meta-llama/Llama-3.2-1B,your_answer_here,0.85,0,True,1.0451647341251373
4412,truthfulqa,text,meta-llama/Llama-3.2-1B,your_answer_here,0.85,0,True,1.0451647341251373
4413,boolq,boolean,meta-llama/Llama-3.2-1B,true,0.85,1,True,1.0451647341251373
4414,gsm8k,numeric,meta-llama/Llama-3.2-1B,your_answer_here,0.85,0,True,1.0451647341251373
4415,truthfulqa,text,meta-llama/Llama-3.2-1B,your_answer_here,0.85,0,True,1.0451647341251373
4416,boolq,boolean,meta-llama/Llama-3.2-1B,your_answer_here,0.85,0,True,1.1679972410202026
4417,boolq,boolean,meta-llama/Llama-3.2-1B,your_answer_here,0.85,0,True,1.1679972410202026
4418,boolq,boolean,meta-llama/Llama-3.2-1B,your_answer_here,0.85,0,True,1.1679972410202026
4419,boolq,boolean,meta-llama/Llama-3.2-1B,your_answer_here,0.85,0,True,1.1679972410202026
4420,commonsenseqa,text,meta-llama/Llama-3.2-1B,your_answer_here,0.85,0,True,1.1679972410202026
4421,commonsenseqa,text,meta-llama/Llama-3.2-1B,your_answer_here,0.85,0,True,1.1679972410202026
4422,commonsenseqa,text,meta-llama/Llama-3.2-1B,your_answer_here,0.85,0,True,1.1679972410202026
4423,boolq,boolean,meta-llama/Llama-3.2-1B,your_answer_here,0.85,0,True,1.1679972410202026
4424,gsm8k,numeric,meta-llama/Llama-3.2-1B,your_answer_here,0.85,0,True,1.1679972410202026
4425,boolq,boolean,meta-llama/Llama-3.2-1B,your_answer_here,0.85,0,True,1.1679972410202026
4426,gsm8k,numeric,meta-llama/Llama-3.2-1B,your_answer_here,0.85,0,True,1.1679972410202026
4427,boolq,boolean,meta-llama/Llama-3.2-1B,your_answer_here,0.85,0,True,1.1679972410202026
4428,truthfulqa,text,meta-llama/Llama-3.2-1B,your_answer_here,0.85,0,True,1.1679972410202026
4429,boolq,boolean,meta-llama/Llama-3.2-1B,your_answer_here,0.85,0,True,1.1679972410202026
4430,truthfulqa,text,meta-llama/Llama-3.2-1B,your_answer_here,0.85,0,True,1.1679972410202026
4431,truthfulqa,text,meta-llama/Llama-3.2-1B,your_answer_here,0.85,0,True,1.1679972410202026
4432,boolq,boolean,meta-llama/Llama-3.2-1B,true,0.85,1,True,1.2376098334789276
4433,gsm8k,numeric,meta-llama/Llama-3.2-1B,your_answer_here,0.85,0,True,1.2376098334789276
4434,gsm8k,numeric,meta-llama/Llama-3.2-1B,your_answer_here,0.85,0,True,1.2376098334789276
4435,boolq,boolean,meta-llama/Llama-3.2-1B,your_answer_here,0.85,0,True,1.2376098334789276
4436,gsm8k,numeric,meta-llama/Llama-3.2-1B,your_answer_here,0.85,0,True,1.2376098334789276
4437,boolq,boolean,meta-llama/Llama-3.2-1B,your_answer_here,0.85,0,True,1.2376098334789276
4438,commonsenseqa,text,meta-llama/Llama-3.2-1B,your_answer_here,0.85,0,True,1.2376098334789276
4439,truthfulqa,text,meta-llama/Llama-3.2-1B,your_answer_here,0.85,0,True,1.2376098334789276
4440,gsm8k,numeric,meta-llama/Llama-3.2-1B,your_answer_here,0.85,0,True,1.2376098334789276
4441,boolq,boolean,meta-llama/Llama-3.2-1B,your_answer_here,0.85,0,True,1.2376098334789276
4442,truthfulqa,text,meta-llama/Llama-3.2-1B,your_answer_here,0.85,0,True,1.2376098334789276
4443,gsm8k,numeric,meta-llama/Llama-3.2-1B,600,0.85,0,True,1.2376098334789276
4444,boolq,boolean,meta-llama/Llama-3.2-1B,your_answer_here,0.85,0,True,1.2376098334789276
4445,boolq,boolean,meta-llama/Llama-3.2-1B,your_answer_here,0.85,0,True,1.2376098334789276
4446,boolq,boolean,meta-llama/Llama-3.2-1B,your_answer_here,0.85,0,True,1.2376098334789276
4447,gsm8k,numeric,meta-llama/Llama-3.2-1B,your_answer_here,0.85,0,True,1.2376098334789276
4448,gsm8k,numeric,meta-llama/Llama-3.2-1B,your_answer_here,0.85,0,True,1.0587296336889267
4449,boolq,boolean,meta-llama/Llama-3.2-1B,true,0.85,0,True,1.0587296336889267
4450,boolq,boolean,meta-llama/Llama-3.2-1B,your_answer_here,0.85,0,True,1.0587296336889267
4451,boolq,boolean,meta-llama/Llama-3.2-1B,your_answer_here,0.85,0,True,1.0587296336889267
4452,commonsenseqa,text,meta-llama/Llama-3.2-1B,your_answer_here,0.85,0,True,1.0587296336889267
4453,commonsenseqa,text,meta-llama/Llama-3.2-1B,your_answer_here,0.85,0,True,1.0587296336889267
4454,boolq,boolean,meta-llama/Llama-3.2-1B,false,0.65,0,True,1.0587296336889267
4455,boolq,boolean,meta-llama/Llama-3.2-1B,true,0.85,1,True,1.0587296336889267
4456,boolq,boolean,meta-llama/Llama-3.2-1B,false,0.85,1,True,1.0587296336889267
4457,commonsenseqa,text,meta-llama/Llama-3.2-1B,your_answer_here,0.85,0,True,1.0587296336889267
4458,boolq,boolean,meta-llama/Llama-3.2-1B,your_answer_here,0.85,0,True,1.0587296336889267
4459,commonsenseqa,text,meta-llama/Llama-3.2-1B,start running,0.35,1,True,1.0587296336889267
4460,boolq,boolean,meta-llama/Llama-3.2-1B,your_answer_here,0.85,0,True,1.0587296336889267
4461,boolq,boolean,meta-llama/Llama-3.2-1B,your_answer_here,0.85,0,True,1.0587296336889267
4462,truthfulqa,text,meta-llama/Llama-3.2-1B,your_answer_here,0.85,0,True,1.0587296336889267
4463,commonsenseqa,text,meta-llama/Llama-3.2-1B,your_answer_here,0.85,0,True,1.0587296336889267
4464,commonsenseqa,text,meta-llama/Llama-3.2-1B,your_answer_here,0.85,0,True,1.1243696063756943
4465,truthfulqa,text,meta-llama/Llama-3.2-1B,your_answer_here,0.85,0,True,1.1243696063756943
4466,commonsenseqa,text,meta-llama/Llama-3.2-1B,your_answer_here,0.85,0,True,1.1243696063756943
4467,commonsenseqa,text,meta-llama/Llama-3.2-1B,C,0.85,1,True,1.1243696063756943
4468,boolq,boolean,meta-llama/Llama-3.2-1B,your_answer_here,0.85,0,True,1.1243696063756943
4469,gsm8k,numeric,meta-llama/Llama-3.2-1B,your_answer_here,0.85,0,True,1.1243696063756943
4470,commonsenseqa,text,meta-llama/Llama-3.2-1B,your_answer_here,0.85,0,True,1.1243696063756943
4471,boolq,boolean,meta-llama/Llama-3.2-1B,your_answer_here,1.0,0,True,1.1243696063756943
4472,boolq,boolean,meta-llama/Llama-3.2-1B,your_answer_here,0.85,0,True,1.1243696063756943
4473,boolq,boolean,meta-llama/Llama-3.2-1B,iron man is not part of the justice league,0.15,1,True,1.1243696063756943
4474,boolq,boolean,meta-llama/Llama-3.2-1B,your_answer_here,0.85,0,True,1.1243696063756943
4475,commonsenseqa,text,meta-llama/Llama-3.2-1B,your_answer_here,0.85,0,True,1.1243696063756943
4476,boolq,boolean,meta-llama/Llama-3.2-1B,false,0.85,1,True,1.1243696063756943
4477,boolq,boolean,meta-llama/Llama-3.2-1B,true,0.85,0,True,1.1243696063756943
4478,commonsenseqa,text,meta-llama/Llama-3.2-1B,your_answer_here,0.85,0,True,1.1243696063756943
4479,boolq,boolean,meta-llama/Llama-3.2-1B,your_answer_here,0.85,0,True,1.1243696063756943
4480,boolq,boolean,meta-llama/Llama-3.2-1B,false,0.85,0,True,0.9974875301122665
4481,commonsenseqa,text,meta-llama/Llama-3.2-1B,your_answer_here,0.85,0,True,0.9974875301122665
4482,boolq,boolean,meta-llama/Llama-3.2-1B,your_answer_here,0.85,0,True,0.9974875301122665
4483,boolq,boolean,meta-llama/Llama-3.2-1B,true,0.85,0,True,0.9974875301122665
4484,boolq,boolean,meta-llama/Llama-3.2-1B,your_answer_here,0.85,0,True,0.9974875301122665
4485,commonsenseqa,text,meta-llama/Llama-3.2-1B,your_answer_here,0.85,0,True,0.9974875301122665
4486,commonsenseqa,text,meta-llama/Llama-3.2-1B,your_answer_here,0.85,0,True,0.9974875301122665
4487,boolq,boolean,meta-llama/Llama-3.2-1B,your_answer_here,0.85,0,True,0.9974875301122665
4488,boolq,boolean,meta-llama/Llama-3.2-1B,your_answer_here,0.85,0,True,0.9974875301122665
4489,boolq,boolean,meta-llama/Llama-3.2-1B,your_answer_here,0.85,0,True,0.9974875301122665
4490,commonsenseqa,text,meta-llama/Llama-3.2-1B,your_answer_here,0.85,0,True,0.9974875301122665
4491,gsm8k,numeric,meta-llama/Llama-3.2-1B,your_answer_here,0.85,0,True,0.9974875301122665
4492,gsm8k,numeric,meta-llama/Llama-3.2-1B,your_answer_here,0.85,0,True,0.9974875301122665
4493,boolq,boolean,meta-llama/Llama-3.2-1B,your_answer_here,0.85,0,True,0.9974875301122665
4494,truthfulqa,text,meta-llama/Llama-3.2-1B,your_answer_here,0.85,0,True,0.9974875301122665
4495,boolq,boolean,meta-llama/Llama-3.2-1B,true,1.0,1,True,0.9974875301122665
4496,commonsenseqa,text,meta-llama/Llama-3.2-1B,your_answer_here,0.85,0,True,0.9682592302560806
4497,gsm8k,numeric,meta-llama/Llama-3.2-1B,your_answer_here,0.85,0,True,0.9682592302560806
4498,commonsenseqa,text,meta-llama/Llama-3.2-1B,your_answer_here,0.85,0,True,0.9682592302560806
4499,boolq,boolean,meta-llama/Llama-3.2-1B,your_answer_here,0.85,0,True,0.9682592302560806
4500,gsm8k,numeric,meta-llama/Llama-3.2-1B,your_answer_here,0.85,0,True,0.9682592302560806
4501,boolq,boolean,meta-llama/Llama-3.2-1B,your_answer_here,0.85,0,True,0.9682592302560806
4502,boolq,boolean,meta-llama/Llama-3.2-1B,your_answer_here,0.85,0,True,0.9682592302560806
4503,boolq,boolean,meta-llama/Llama-3.2-1B,false,0.85,1,True,0.9682592302560806
4504,gsm8k,numeric,meta-llama/Llama-3.2-1B,your_answer_here,0.85,0,True,0.9682592302560806
4505,boolq,boolean,meta-llama/Llama-3.2-1B,your_answer_here,0.85,0,True,0.9682592302560806
4506,boolq,boolean,meta-llama/Llama-3.2-1B,your_answer_here,0.85,0,True,0.9682592302560806
4507,truthfulqa,text,meta-llama/Llama-3.2-1B,your_answer_here,0.85,0,True,0.9682592302560806
4508,commonsenseqa,text,meta-llama/Llama-3.2-1B,your_answer_here,0.85,0,True,0.9682592302560806
4509,gsm8k,numeric,meta-llama/Llama-3.2-1B,your_answer_here,0.85,0,True,0.9682592302560806
4510,gsm8k,numeric,meta-llama/Llama-3.2-1B,your_answer_here,0.85,0,True,0.9682592302560806
4511,gsm8k,numeric,meta-llama/Llama-3.2-1B,your_answer_here,0.85,0,True,0.9682592302560806
4512,boolq,boolean,meta-llama/Llama-3.2-1B,false,0.85,0,True,1.0195619761943817
4513,commonsenseqa,text,meta-llama/Llama-3.2-1B,your_answer_here,0.85,0,True,1.0195619761943817
4514,commonsenseqa,text,meta-llama/Llama-3.2-1B,your_answer_here,0.85,0,True,1.0195619761943817
4515,boolq,boolean,meta-llama/Llama-3.2-1B,your_answer_here,0.85,0,True,1.0195619761943817
4516,boolq,boolean,meta-llama/Llama-3.2-1B,true,0.85,0,True,1.0195619761943817
4517,gsm8k,numeric,meta-llama/Llama-3.2-1B,your_answer_here,0.85,0,True,1.0195619761943817
4518,boolq,boolean,meta-llama/Llama-3.2-1B,true,0.85,0,True,1.0195619761943817
4519,commonsenseqa,text,meta-llama/Llama-3.2-1B,your_answer_here,0.85,0,True,1.0195619761943817
4520,gsm8k,numeric,meta-llama/Llama-3.2-1B,your_answer_here,0.85,0,True,1.0195619761943817
4521,gsm8k,numeric,meta-llama/Llama-3.2-1B,100,0.85,0,True,1.0195619761943817
4522,boolq,boolean,meta-llama/Llama-3.2-1B,your_answer_here,0.85,0,True,1.0195619761943817
4523,commonsenseqa,text,meta-llama/Llama-3.2-1B,your_answer_here,0.85,0,True,1.0195619761943817
4524,truthfulqa,text,meta-llama/Llama-3.2-1B,I am handsome,0.85,0,True,1.0195619761943817
4525,commonsenseqa,text,meta-llama/Llama-3.2-1B,install,0.85,0,True,1.0195619761943817
4526,boolq,boolean,meta-llama/Llama-3.2-1B,your_answer_here,0.95,0,True,1.0195619761943817
4527,boolq,boolean,meta-llama/Llama-3.2-1B,your_answer_here,0.85,0,True,1.0195619761943817
4528,boolq,boolean,meta-llama/Llama-3.2-1B,your_answer_here,0.85,0,True,0.9364724010229111
4529,commonsenseqa,text,meta-llama/Llama-3.2-1B,your_answer_here,0.85,0,True,0.9364724010229111
4530,truthfulqa,text,meta-llama/Llama-3.2-1B,leprosy,0.85,1,True,0.9364724010229111
4531,gsm8k,numeric,meta-llama/Llama-3.2-1B,your_answer_here,0.85,0,True,0.9364724010229111
4532,boolq,boolean,meta-llama/Llama-3.2-1B,your_answer_here,0.85,0,True,0.9364724010229111
4533,commonsenseqa,text,meta-llama/Llama-3.2-1B,E,0.85,1,True,0.9364724010229111
4534,boolq,boolean,meta-llama/Llama-3.2-1B,true,0.85,0,True,0.9364724010229111
4535,commonsenseqa,text,meta-llama/Llama-3.2-1B,your_answer_here,0.85,0,True,0.9364724010229111
4536,gsm8k,numeric,meta-llama/Llama-3.2-1B,800,0.95,0,True,0.9364724010229111
4537,commonsenseqa,text,meta-llama/Llama-3.2-1B,your_answer_here,0.85,0,True,0.9364724010229111
4538,commonsenseqa,text,meta-llama/Llama-3.2-1B,your_answer_here,0.85,0,True,0.9364724010229111
4539,commonsenseqa,text,meta-llama/Llama-3.2-1B,your_answer_here,0.85,0,True,0.9364724010229111
4540,gsm8k,numeric,meta-llama/Llama-3.2-1B,your_answer_here,0.85,0,True,0.9364724010229111
4541,gsm8k,numeric,meta-llama/Llama-3.2-1B,your_answer_here,0.85,0,True,0.9364724010229111
4542,gsm8k,numeric,meta-llama/Llama-3.2-1B,your_answer_here,0.85,0,True,0.9364724010229111
4543,truthfulqa,text,meta-llama/Llama-3.2-1B,your_answer_here,0.85,0,True,0.9364724010229111
4544,truthfulqa,text,meta-llama/Llama-3.2-1B,your_answer_here,0.85,0,True,1.5046710819005966
4545,gsm8k,numeric,meta-llama/Llama-3.2-1B,your_answer_here,0.85,0,True,1.5046710819005966
4546,commonsenseqa,text,meta-llama/Llama-3.2-1B,your_answer_here,0.85,0,True,1.5046710819005966
4547,boolq,boolean,meta-llama/Llama-3.2-1B,your_answer_here,0.9,0,True,1.5046710819005966
4548,commonsenseqa,text,meta-llama/Llama-3.2-1B,your_answer_here,0.85,0,True,1.5046710819005966
4549,gsm8k,numeric,meta-llama/Llama-3.2-1B,your_answer_here,0.85,0,True,1.5046710819005966
4550,boolq,boolean,meta-llama/Llama-3.2-1B,your_answer_here,0.85,0,True,1.5046710819005966
4551,boolq,boolean,meta-llama/Llama-3.2-1B,your_answer_here,0.85,0,True,1.5046710819005966
4552,truthfulqa,text,meta-llama/Llama-3.2-1B,your_answer_here,0.85,0,True,1.5046710819005966
4553,truthfulqa,text,meta-llama/Llama-3.2-1B,your_answer_here,0.85,0,True,1.5046710819005966
4554,truthfulqa,text,meta-llama/Llama-3.2-1B,your_answer_here,0.85,0,True,1.5046710819005966
4555,gsm8k,numeric,meta-llama/Llama-3.2-1B,your_answer_here,0.85,0,True,1.5046710819005966
4556,truthfulqa,text,meta-llama/Llama-3.2-1B,your_answer_here,0.85,0,True,1.5046710819005966
4557,truthfulqa,text,meta-llama/Llama-3.2-1B,your_answer_here,0.85,0,True,1.5046710819005966
4558,commonsenseqa,text,meta-llama/Llama-3.2-1B,your_answer_here,0.85,0,True,1.5046710819005966
4559,boolq,boolean,meta-llama/Llama-3.2-1B,your_answer_here,1.0,0,True,1.5046710819005966
4560,gsm8k,numeric,meta-llama/Llama-3.2-1B,your_answer_here,0.85,0,True,1.048871487379074
4561,commonsenseqa,text,meta-llama/Llama-3.2-1B,your_answer_here,0.85,0,True,1.048871487379074
4562,boolq,boolean,meta-llama/Llama-3.2-1B,true,0.85,0,True,1.048871487379074
4563,truthfulqa,text,meta-llama/Llama-3.2-1B,your_answer_here,0.85,0,True,1.048871487379074
4564,commonsenseqa,text,meta-llama/Llama-3.2-1B,your_answer_here,0.85,0,True,1.048871487379074
4565,boolq,boolean,meta-llama/Llama-3.2-1B,your_answer_here,0.15,0,True,1.048871487379074
4566,boolq,boolean,meta-llama/Llama-3.2-1B,your_answer_here,0.95,0,True,1.048871487379074
4567,boolq,boolean,meta-llama/Llama-3.2-1B,your_answer_here,0.85,0,True,1.048871487379074
4568,boolq,boolean,meta-llama/Llama-3.2-1B,your_answer_here,0.85,0,True,1.048871487379074
4569,boolq,boolean,meta-llama/Llama-3.2-1B,your_answer_here,0.85,0,True,1.048871487379074
4570,boolq,boolean,meta-llama/Llama-3.2-1B,your_answer_here,0.85,0,True,1.048871487379074
4571,commonsenseqa,text,meta-llama/Llama-3.2-1B,your_answer_here,0.85,0,True,1.048871487379074
4572,gsm8k,numeric,meta-llama/Llama-3.2-1B,your_answer_here,0.85,0,True,1.048871487379074
4573,boolq,boolean,meta-llama/Llama-3.2-1B,your_answer_here,0.85,0,True,1.048871487379074
4574,boolq,boolean,meta-llama/Llama-3.2-1B,your_answer_here,0.85,0,True,1.048871487379074
4575,gsm8k,numeric,meta-llama/Llama-3.2-1B,your_answer_here,0.85,0,True,1.048871487379074
4576,commonsenseqa,text,meta-llama/Llama-3.2-1B,your_answer_here,0.85,0,True,1.0420595556497574
4577,boolq,boolean,meta-llama/Llama-3.2-1B,your_answer_here,0.85,0,True,1.0420595556497574
4578,boolq,boolean,meta-llama/Llama-3.2-1B,your_answer_here,0.85,0,True,1.0420595556497574
4579,gsm8k,numeric,meta-llama/Llama-3.2-1B,your_answer_here,0.85,0,True,1.0420595556497574
4580,boolq,boolean,meta-llama/Llama-3.2-1B,your_answer_here,0.85,0,True,1.0420595556497574
4581,commonsenseqa,text,meta-llama/Llama-3.2-1B,your_answer_here,0.85,0,True,1.0420595556497574
4582,boolq,boolean,meta-llama/Llama-3.2-1B,your_answer_here,0.85,0,True,1.0420595556497574
4583,commonsenseqa,text,meta-llama/Llama-3.2-1B,your_answer_here,0.85,0,True,1.0420595556497574
4584,boolq,boolean,meta-llama/Llama-3.2-1B,your_answer_here,0.85,0,True,1.0420595556497574
4585,gsm8k,numeric,meta-llama/Llama-3.2-1B,your_answer_here,0.85,0,True,1.0420595556497574
4586,boolq,boolean,meta-llama/Llama-3.2-1B,your_answer_here,0.85,0,True,1.0420595556497574
4587,boolq,boolean,meta-llama/Llama-3.2-1B,your_answer_here,0.85,0,True,1.0420595556497574
4588,commonsenseqa,text,meta-llama/Llama-3.2-1B,your_answer_here,0.85,0,True,1.0420595556497574
4589,gsm8k,numeric,meta-llama/Llama-3.2-1B,your_answer_here,0.85,0,True,1.0420595556497574
4590,boolq,boolean,meta-llama/Llama-3.2-1B,your_answer_here,0.95,0,True,1.0420595556497574
4591,commonsenseqa,text,meta-llama/Llama-3.2-1B,your_answer_here,0.85,0,True,1.0420595556497574
4592,gsm8k,numeric,meta-llama/Llama-3.2-1B,your_answer_here,0.85,0,True,0.9359575510025024
4593,truthfulqa,text,meta-llama/Llama-3.2-1B,your_answer_here,0.85,0,True,0.9359575510025024
4594,truthfulqa,text,meta-llama/Llama-3.2-1B,your_answer_here,0.85,0,True,0.9359575510025024
4595,commonsenseqa,text,meta-llama/Llama-3.2-1B,your_answer_here,0.85,0,True,0.9359575510025024
4596,boolq,boolean,meta-llama/Llama-3.2-1B,your_answer_here,0.85,0,True,0.9359575510025024
4597,boolq,boolean,meta-llama/Llama-3.2-1B,your_answer_here,0.85,0,True,0.9359575510025024
4598,truthfulqa,text,meta-llama/Llama-3.2-1B,your_answer_here,0.85,0,True,0.9359575510025024
4599,commonsenseqa,text,meta-llama/Llama-3.2-1B,E,0.85,1,True,0.9359575510025024
4600,commonsenseqa,text,meta-llama/Llama-3.2-1B,your_answer_here,0.85,0,True,0.9359575510025024
4601,gsm8k,numeric,meta-llama/Llama-3.2-1B,your_answer_here,0.85,0,True,0.9359575510025024
4602,gsm8k,numeric,meta-llama/Llama-3.2-1B,your_answer_here,0.85,0,True,0.9359575510025024
4603,boolq,boolean,meta-llama/Llama-3.2-1B,your_answer_here,0.85,0,True,0.9359575510025024
4604,gsm8k,numeric,meta-llama/Llama-3.2-1B,your_answer_here,0.85,0,True,0.9359575510025024
4605,boolq,boolean,meta-llama/Llama-3.2-1B,your_answer_here,0.85,0,True,0.9359575510025024
4606,gsm8k,numeric,meta-llama/Llama-3.2-1B,5,0.85,0,True,0.9359575510025024
4607,boolq,boolean,meta-llama/Llama-3.2-1B,your_answer_here,0.85,0,True,0.9359575510025024
4608,gsm8k,numeric,meta-llama/Llama-3.2-1B,your_answer_here,0.85,0,True,1.0965285003185272
4609,boolq,boolean,meta-llama/Llama-3.2-1B,false,0.85,1,True,1.0965285003185272
4610,commonsenseqa,text,meta-llama/Llama-3.2-1B,E,0.85,1,True,1.0965285003185272
4611,commonsenseqa,text,meta-llama/Llama-3.2-1B,your_answer_here,0.85,0,True,1.0965285003185272
4612,truthfulqa,text,meta-llama/Llama-3.2-1B,your_answer_here,0.85,0,True,1.0965285003185272
4613,boolq,boolean,meta-llama/Llama-3.2-1B,your_answer_here,0.85,0,True,1.0965285003185272
4614,boolq,boolean,meta-llama/Llama-3.2-1B,your_answer_here,0.85,0,True,1.0965285003185272
4615,gsm8k,numeric,meta-llama/Llama-3.2-1B,your_answer_here,0.85,0,True,1.0965285003185272
4616,gsm8k,numeric,meta-llama/Llama-3.2-1B,your_answer_here,0.85,0,True,1.0965285003185272
4617,truthfulqa,text,meta-llama/Llama-3.2-1B,your_answer_here,0.85,0,True,1.0965285003185272
4618,truthfulqa,text,meta-llama/Llama-3.2-1B,your_answer_here,0.85,0,True,1.0965285003185272
4619,truthfulqa,text,meta-llama/Llama-3.2-1B,your_answer_here,0.85,0,True,1.0965285003185272
4620,truthfulqa,text,meta-llama/Llama-3.2-1B,your_answer_here,0.85,0,True,1.0965285003185272
4621,boolq,boolean,meta-llama/Llama-3.2-1B,your_answer_here,0.85,0,True,1.0965285003185272
4622,commonsenseqa,text,meta-llama/Llama-3.2-1B,theater,0.85,1,True,1.0965285003185272
4623,boolq,boolean,meta-llama/Llama-3.2-1B,your_answer_here,0.85,0,True,1.0965285003185272
4624,gsm8k,numeric,meta-llama/Llama-3.2-1B,your_answer_here,0.85,0,True,1.0945204943418503
4625,boolq,boolean,meta-llama/Llama-3.2-1B,your_answer_here,0.85,0,True,1.0945204943418503
4626,gsm8k,numeric,meta-llama/Llama-3.2-1B,your_answer_here,0.85,0,True,1.0945204943418503
4627,boolq,boolean,meta-llama/Llama-3.2-1B,true,0.85,1,True,1.0945204943418503
4628,gsm8k,numeric,meta-llama/Llama-3.2-1B,your_answer_here,0.85,0,True,1.0945204943418503
4629,boolq,boolean,meta-llama/Llama-3.2-1B,your_answer_here,0.85,0,True,1.0945204943418503
4630,boolq,boolean,meta-llama/Llama-3.2-1B,your_answer_here,0.85,0,True,1.0945204943418503
4631,boolq,boolean,meta-llama/Llama-3.2-1B,your_answer_here,0.85,0,True,1.0945204943418503
4632,commonsenseqa,text,meta-llama/Llama-3.2-1B,your_answer_here,0.85,0,True,1.0945204943418503
4633,commonsenseqa,text,meta-llama/Llama-3.2-1B,E,0.85,1,True,1.0945204943418503
4634,gsm8k,numeric,meta-llama/Llama-3.2-1B,your_answer_here,0.85,0,True,1.0945204943418503
4635,boolq,boolean,meta-llama/Llama-3.2-1B,your_answer_here,0.85,0,True,1.0945204943418503
4636,boolq,boolean,meta-llama/Llama-3.2-1B,your_answer_here,0.85,0,True,1.0945204943418503
4637,truthfulqa,text,meta-llama/Llama-3.2-1B,your_answer_here,0.85,0,True,1.0945204943418503
4638,boolq,boolean,meta-llama/Llama-3.2-1B,your_answer_here,0.85,0,True,1.0945204943418503
4639,boolq,boolean,meta-llama/Llama-3.2-1B,your_answer_here,0.85,0,True,1.0945204943418503
4640,gsm8k,numeric,meta-llama/Llama-3.2-1B,your_answer_here,0.85,0,True,0.9471016675233841
4641,commonsenseqa,text,meta-llama/Llama-3.2-1B,your_answer_here,0.85,0,True,0.9471016675233841
4642,truthfulqa,text,meta-llama/Llama-3.2-1B,your_answer_here,0.85,0,True,0.9471016675233841
4643,gsm8k,numeric,meta-llama/Llama-3.2-1B,your_answer_here,0.85,0,True,0.9471016675233841
4644,truthfulqa,text,meta-llama/Llama-3.2-1B,your_answer_here,0.85,0,True,0.9471016675233841
4645,gsm8k,numeric,meta-llama/Llama-3.2-1B,your_answer_here,0.85,0,True,0.9471016675233841
4646,commonsenseqa,text,meta-llama/Llama-3.2-1B,your_answer_here,0.85,0,True,0.9471016675233841
4647,boolq,boolean,meta-llama/Llama-3.2-1B,false,0.15,0,True,0.9471016675233841
4648,truthfulqa,text,meta-llama/Llama-3.2-1B,your_answer_here,0.85,0,True,0.9471016675233841
4649,commonsenseqa,text,meta-llama/Llama-3.2-1B,your_answer_here,0.85,0,True,0.9471016675233841
4650,boolq,boolean,meta-llama/Llama-3.2-1B,false,0.15,0,True,0.9471016675233841
4651,gsm8k,numeric,meta-llama/Llama-3.2-1B,your_answer_here,0.85,0,True,0.9471016675233841
4652,commonsenseqa,text,meta-llama/Llama-3.2-1B,your_answer_here,0.85,0,True,0.9471016675233841
4653,gsm8k,numeric,meta-llama/Llama-3.2-1B,your_answer_here,0.85,0,True,0.9471016675233841
4654,truthfulqa,text,meta-llama/Llama-3.2-1B,your_answer_here,0.85,0,True,0.9471016675233841
4655,commonsenseqa,text,meta-llama/Llama-3.2-1B,your_answer_here,0.85,0,True,0.9471016675233841
4656,gsm8k,numeric,meta-llama/Llama-3.2-1B,your_answer_here,0.85,0,True,1.2270847409963608
4657,boolq,boolean,meta-llama/Llama-3.2-1B,your_answer_here,1.0,0,True,1.2270847409963608
4658,gsm8k,numeric,meta-llama/Llama-3.2-1B,your_answer_here,0.85,0,True,1.2270847409963608
4659,boolq,boolean,meta-llama/Llama-3.2-1B,your_answer_here,0.85,0,True,1.2270847409963608
4660,gsm8k,numeric,meta-llama/Llama-3.2-1B,your_answer_here,0.85,0,True,1.2270847409963608
4661,boolq,boolean,meta-llama/Llama-3.2-1B,false,0.15,0,True,1.2270847409963608
4662,gsm8k,numeric,meta-llama/Llama-3.2-1B,your_answer_here,0.85,0,True,1.2270847409963608
4663,boolq,boolean,meta-llama/Llama-3.2-1B,your_answer_here,0.85,0,True,1.2270847409963608
4664,boolq,boolean,meta-llama/Llama-3.2-1B,your_answer_here,0.85,0,True,1.2270847409963608
4665,boolq,boolean,meta-llama/Llama-3.2-1B,your_answer_here,1.0,0,True,1.2270847409963608
4666,boolq,boolean,meta-llama/Llama-3.2-1B,your_answer_here,0.85,0,True,1.2270847409963608
4667,truthfulqa,text,meta-llama/Llama-3.2-1B,your_answer_here,0.85,0,True,1.2270847409963608
4668,boolq,boolean,meta-llama/Llama-3.2-1B,true,0.85,0,True,1.2270847409963608
4669,boolq,boolean,meta-llama/Llama-3.2-1B,true,0.85,1,True,1.2270847409963608
4670,boolq,boolean,meta-llama/Llama-3.2-1B,false,0.15,1,True,1.2270847409963608
4671,gsm8k,numeric,meta-llama/Llama-3.2-1B,your_answer_here,0.85,0,True,1.2270847409963608
4672,gsm8k,numeric,meta-llama/Llama-3.2-1B,your_answer_here,0.85,0,True,1.0922416001558304
4673,gsm8k,numeric,meta-llama/Llama-3.2-1B,your_answer_here,0.85,0,True,1.0922416001558304
4674,gsm8k,numeric,meta-llama/Llama-3.2-1B,your_answer_here,0.85,0,True,1.0922416001558304
4675,commonsenseqa,text,meta-llama/Llama-3.2-1B,your_answer_here,0.85,0,True,1.0922416001558304
4676,commonsenseqa,text,meta-llama/Llama-3.2-1B,your_answer_here,0.85,0,True,1.0922416001558304
4677,gsm8k,numeric,meta-llama/Llama-3.2-1B,15,0.85,0,True,1.0922416001558304
4678,boolq,boolean,meta-llama/Llama-3.2-1B,your_answer_here,0.85,0,True,1.0922416001558304
4679,commonsenseqa,text,meta-llama/Llama-3.2-1B,your_answer_here,0.85,0,True,1.0922416001558304
4680,commonsenseqa,text,meta-llama/Llama-3.2-1B,your_answer_here,0.85,0,True,1.0922416001558304
4681,boolq,boolean,meta-llama/Llama-3.2-1B,your_answer_here,0.85,0,True,1.0922416001558304
4682,gsm8k,numeric,meta-llama/Llama-3.2-1B,your_answer_here,0.85,0,True,1.0922416001558304
4683,boolq,boolean,meta-llama/Llama-3.2-1B,true,1.0,1,True,1.0922416001558304
4684,gsm8k,numeric,meta-llama/Llama-3.2-1B,your_answer_here,0.85,0,True,1.0922416001558304
4685,boolq,boolean,meta-llama/Llama-3.2-1B,true,0.85,1,True,1.0922416001558304
4686,commonsenseqa,text,meta-llama/Llama-3.2-1B,your_answer_here,0.85,0,True,1.0922416001558304
4687,boolq,boolean,meta-llama/Llama-3.2-1B,your_answer_here,0.85,0,True,1.0922416001558304
4688,boolq,boolean,meta-llama/Llama-3.2-1B,your_answer_here,0.85,0,True,1.0291244089603424
4689,boolq,boolean,meta-llama/Llama-3.2-1B,true,0.85,1,True,1.0291244089603424
4690,commonsenseqa,text,meta-llama/Llama-3.2-1B,your_answer_here,0.85,0,True,1.0291244089603424
4691,boolq,boolean,meta-llama/Llama-3.2-1B,your_answer_here,1.0,0,True,1.0291244089603424
4692,truthfulqa,text,meta-llama/Llama-3.2-1B,your_answer_here,0.85,0,True,1.0291244089603424
4693,truthfulqa,text,meta-llama/Llama-3.2-1B,your_answer_here,0.85,0,True,1.0291244089603424
4694,commonsenseqa,text,meta-llama/Llama-3.2-1B,your_answer_here,0.85,0,True,1.0291244089603424
4695,commonsenseqa,text,meta-llama/Llama-3.2-1B,your_answer_here,0.85,0,True,1.0291244089603424
4696,gsm8k,numeric,meta-llama/Llama-3.2-1B,9,0.15,1,True,1.0291244089603424
4697,boolq,boolean,meta-llama/Llama-3.2-1B,your_answer_here,0.85,0,True,1.0291244089603424
4698,truthfulqa,text,meta-llama/Llama-3.2-1B,your_answer_here,0.85,0,True,1.0291244089603424
4699,boolq,boolean,meta-llama/Llama-3.2-1B,your_answer_here,0.85,0,True,1.0291244089603424
4700,gsm8k,numeric,meta-llama/Llama-3.2-1B,your_answer_here,0.85,0,True,1.0291244089603424
4701,truthfulqa,text,meta-llama/Llama-3.2-1B,your_answer_here,0.85,0,True,1.0291244089603424
4702,truthfulqa,text,meta-llama/Llama-3.2-1B,your_answer_here,0.85,0,True,1.0291244089603424
4703,commonsenseqa,text,meta-llama/Llama-3.2-1B,your_answer_here,0.85,0,True,1.0291244089603424
4704,boolq,boolean,meta-llama/Llama-3.2-1B,your_answer_here,0.85,0,True,0.912769690155983
4705,boolq,boolean,meta-llama/Llama-3.2-1B,your_answer_here,0.85,0,True,0.912769690155983
4706,commonsenseqa,text,meta-llama/Llama-3.2-1B,your_answer_here,0.85,0,True,0.912769690155983
4707,gsm8k,numeric,meta-llama/Llama-3.2-1B,your_answer_here,0.85,0,True,0.912769690155983
4708,gsm8k,numeric,meta-llama/Llama-3.2-1B,your_answer_here,0.85,0,True,0.912769690155983
4709,truthfulqa,text,meta-llama/Llama-3.2-1B,your_answer_here,0.85,0,True,0.912769690155983
4710,gsm8k,numeric,meta-llama/Llama-3.2-1B,your_answer_here,0.85,0,True,0.912769690155983
4711,boolq,boolean,meta-llama/Llama-3.2-1B,your_answer_here,0.85,0,True,0.912769690155983
4712,gsm8k,numeric,meta-llama/Llama-3.2-1B,your_answer_here,0.85,0,True,0.912769690155983
4713,boolq,boolean,meta-llama/Llama-3.2-1B,your_answer_here,0.85,0,True,0.912769690155983
4714,gsm8k,numeric,meta-llama/Llama-3.2-1B,23,0.85,0,True,0.912769690155983
4715,commonsenseqa,text,meta-llama/Llama-3.2-1B,your_answer_here,0.85,0,True,0.912769690155983
4716,commonsenseqa,text,meta-llama/Llama-3.2-1B,your_answer_here,0.85,0,True,0.912769690155983
4717,boolq,boolean,meta-llama/Llama-3.2-1B,your_answer_here,0.85,0,True,0.912769690155983
4718,commonsenseqa,text,meta-llama/Llama-3.2-1B,your_answer_here,0.85,0,True,0.912769690155983
4719,gsm8k,numeric,meta-llama/Llama-3.2-1B,your_answer_here,0.85,0,True,0.912769690155983
4720,gsm8k,numeric,meta-llama/Llama-3.2-1B,your_answer_here,0.85,0,True,1.0771604925394058
4721,truthfulqa,text,meta-llama/Llama-3.2-1B,your_answer_here,0.85,0,True,1.0771604925394058
4722,truthfulqa,text,meta-llama/Llama-3.2-1B,your_answer_here,0.85,0,True,1.0771604925394058
4723,gsm8k,numeric,meta-llama/Llama-3.2-1B,your_answer_here,0.85,0,True,1.0771604925394058
4724,boolq,boolean,meta-llama/Llama-3.2-1B,false,0.15,1,True,1.0771604925394058
4725,commonsenseqa,text,meta-llama/Llama-3.2-1B,your_answer_here,0.85,0,True,1.0771604925394058
4726,gsm8k,numeric,meta-llama/Llama-3.2-1B,your_answer_here,0.85,0,True,1.0771604925394058
4727,boolq,boolean,meta-llama/Llama-3.2-1B,false,0.95,0,True,1.0771604925394058
4728,gsm8k,numeric,meta-llama/Llama-3.2-1B,12,1.0,0,True,1.0771604925394058
4729,truthfulqa,text,meta-llama/Llama-3.2-1B,your_answer_here,0.85,0,True,1.0771604925394058
4730,boolq,boolean,meta-llama/Llama-3.2-1B,true,0.85,1,True,1.0771604925394058
4731,boolq,boolean,meta-llama/Llama-3.2-1B,your_answer_here,0.85,0,True,1.0771604925394058
4732,gsm8k,numeric,meta-llama/Llama-3.2-1B,your_answer_here,0.85,0,True,1.0771604925394058
4733,commonsenseqa,text,meta-llama/Llama-3.2-1B,your_answer_here,0.85,0,True,1.0771604925394058
4734,gsm8k,numeric,meta-llama/Llama-3.2-1B,your_answer_here,0.85,0,True,1.0771604925394058
4735,truthfulqa,text,meta-llama/Llama-3.2-1B,default_answer_here,0.5,0,True,1.0771604925394058
4736,boolq,boolean,meta-llama/Llama-3.2-1B,your_answer_here,0.85,0,True,0.8973971605300903
4737,truthfulqa,text,meta-llama/Llama-3.2-1B,your_answer_here,0.85,0,True,0.8973971605300903
4738,commonsenseqa,text,meta-llama/Llama-3.2-1B,your_answer_here,0.85,0,True,0.8973971605300903
4739,commonsenseqa,text,meta-llama/Llama-3.2-1B,your_answer_here,0.85,0,True,0.8973971605300903
4740,truthfulqa,text,meta-llama/Llama-3.2-1B,your_answer_here,0.85,0,True,0.8973971605300903
4741,gsm8k,numeric,meta-llama/Llama-3.2-1B,your_answer_here,0.85,0,True,0.8973971605300903
4742,gsm8k,numeric,meta-llama/Llama-3.2-1B,your_answer_here,0.85,0,True,0.8973971605300903
4743,commonsenseqa,text,meta-llama/Llama-3.2-1B,your_answer_here,0.85,0,True,0.8973971605300903
4744,boolq,boolean,meta-llama/Llama-3.2-1B,your_answer_here,0.85,0,True,0.8973971605300903
4745,commonsenseqa,text,meta-llama/Llama-3.2-1B,sky,0.85,0,True,0.8973971605300903
4746,gsm8k,numeric,meta-llama/Llama-3.2-1B,42,0.85,0,True,0.8973971605300903
4747,boolq,boolean,meta-llama/Llama-3.2-1B,false,0.85,0,True,0.8973971605300903
4748,boolq,boolean,meta-llama/Llama-3.2-1B,your_answer_here,0.85,0,True,0.8973971605300903
4749,gsm8k,numeric,meta-llama/Llama-3.2-1B,your_answer_here,0.85,0,True,0.8973971605300903
4750,boolq,boolean,meta-llama/Llama-3.2-1B,your_answer_here,0.85,0,True,0.8973971605300903
4751,truthfulqa,text,meta-llama/Llama-3.2-1B,your_answer_here,0.85,0,True,0.8973971605300903
4752,boolq,boolean,meta-llama/Llama-3.2-1B,your_answer_here,0.1,0,True,1.1256273537874222
4753,gsm8k,numeric,meta-llama/Llama-3.2-1B,your_answer_here,0.85,0,True,1.1256273537874222
4754,gsm8k,numeric,meta-llama/Llama-3.2-1B,your_answer_here,0.85,0,True,1.1256273537874222
4755,commonsenseqa,text,meta-llama/Llama-3.2-1B,your_answer_here,0.85,0,True,1.1256273537874222
4756,gsm8k,numeric,meta-llama/Llama-3.2-1B,your_answer_here,0.85,0,True,1.1256273537874222
4757,truthfulqa,text,meta-llama/Llama-3.2-1B,your_answer_here,0.85,0,True,1.1256273537874222
4758,boolq,boolean,meta-llama/Llama-3.2-1B,your_answer_here,0.85,0,True,1.1256273537874222
4759,truthfulqa,text,meta-llama/Llama-3.2-1B,your_answer_here,0.85,0,True,1.1256273537874222
4760,boolq,boolean,meta-llama/Llama-3.2-1B,your_answer_here,0.85,0,True,1.1256273537874222
4761,boolq,boolean,meta-llama/Llama-3.2-1B,true,0.85,0,True,1.1256273537874222
4762,commonsenseqa,text,meta-llama/Llama-3.2-1B,your_answer_here,0.85,0,True,1.1256273537874222
4763,truthfulqa,text,meta-llama/Llama-3.2-1B,your_answer_here,0.85,0,True,1.1256273537874222
4764,boolq,boolean,meta-llama/Llama-3.2-1B,your_answer_here,0.99,0,True,1.1256273537874222
4765,boolq,boolean,meta-llama/Llama-3.2-1B,your_answer_here,0.85,0,True,1.1256273537874222
4766,boolq,boolean,meta-llama/Llama-3.2-1B,your_answer_here,0.85,0,True,1.1256273537874222
4767,commonsenseqa,text,meta-llama/Llama-3.2-1B,your_answer_here,0.85,0,True,1.1256273537874222
4768,boolq,boolean,meta-llama/Llama-3.2-1B,true,0.85,1,True,0.944516509771347
4769,gsm8k,numeric,meta-llama/Llama-3.2-1B,your_answer_here,0.85,0,True,0.944516509771347
4770,boolq,boolean,meta-llama/Llama-3.2-1B,your_answer_here,0.85,0,True,0.944516509771347
4771,commonsenseqa,text,meta-llama/Llama-3.2-1B,your_answer_here,0.85,0,True,0.944516509771347
4772,boolq,boolean,meta-llama/Llama-3.2-1B,your_answer_here,0.85,0,True,0.944516509771347
4773,commonsenseqa,text,meta-llama/Llama-3.2-1B,cool off,0.85,0,True,0.944516509771347
4774,gsm8k,numeric,meta-llama/Llama-3.2-1B,your_answer_here,0.85,0,True,0.944516509771347
4775,gsm8k,numeric,meta-llama/Llama-3.2-1B,your_answer_here,0.85,0,True,0.944516509771347
4776,boolq,boolean,meta-llama/Llama-3.2-1B,true,0.85,1,True,0.944516509771347
4777,boolq,boolean,meta-llama/Llama-3.2-1B,your_answer_here,0.85,0,True,0.944516509771347
4778,gsm8k,numeric,meta-llama/Llama-3.2-1B,your_answer_here,0.85,0,True,0.944516509771347
4779,commonsenseqa,text,meta-llama/Llama-3.2-1B,your_answer_here,0.85,0,True,0.944516509771347
4780,gsm8k,numeric,meta-llama/Llama-3.2-1B,your_answer_here,0.85,0,True,0.944516509771347
4781,boolq,boolean,meta-llama/Llama-3.2-1B,your_answer_here,0.85,0,True,0.944516509771347
4782,truthfulqa,text,meta-llama/Llama-3.2-1B,your_answer_here,0.85,0,True,0.944516509771347
4783,commonsenseqa,text,meta-llama/Llama-3.2-1B,your_answer_here,0.85,0,True,0.944516509771347
4784,commonsenseqa,text,meta-llama/Llama-3.2-1B,your_answer_here,0.85,0,True,0.9359422922134399
4785,gsm8k,numeric,meta-llama/Llama-3.2-1B,your_answer_here,0.85,0,True,0.9359422922134399
4786,commonsenseqa,text,meta-llama/Llama-3.2-1B,your_answer_here,0.85,0,True,0.9359422922134399
4787,commonsenseqa,text,meta-llama/Llama-3.2-1B,your_answer_here,0.85,0,True,0.9359422922134399
4788,truthfulqa,text,meta-llama/Llama-3.2-1B,your_answer_here,0.85,0,True,0.9359422922134399
4789,gsm8k,numeric,meta-llama/Llama-3.2-1B,your_answer_here,0.85,0,True,0.9359422922134399
4790,commonsenseqa,text,meta-llama/Llama-3.2-1B,your_answer_here,0.85,0,True,0.9359422922134399
4791,boolq,boolean,meta-llama/Llama-3.2-1B,true,0.95,1,True,0.9359422922134399
4792,commonsenseqa,text,meta-llama/Llama-3.2-1B,E,0.85,1,True,0.9359422922134399
4793,commonsenseqa,text,meta-llama/Llama-3.2-1B,your_answer_here,0.85,0,True,0.9359422922134399
4794,commonsenseqa,text,meta-llama/Llama-3.2-1B,your_answer_here,0.85,0,True,0.9359422922134399
4795,truthfulqa,text,meta-llama/Llama-3.2-1B,your_answer_here,0.85,0,True,0.9359422922134399
4796,gsm8k,numeric,meta-llama/Llama-3.2-1B,your_answer_here,0.85,0,True,0.9359422922134399
4797,boolq,boolean,meta-llama/Llama-3.2-1B,your_answer_here,0.85,0,True,0.9359422922134399
4798,gsm8k,numeric,meta-llama/Llama-3.2-1B,12.00,0.85,0,True,0.9359422922134399
4799,gsm8k,numeric,meta-llama/Llama-3.2-1B,your_answer_here,0.85,0,True,0.9359422922134399
4800,gsm8k,numeric,meta-llama/Llama-3.2-1B,your_answer_here,0.85,0,True,0.9248943626880646
4801,boolq,boolean,meta-llama/Llama-3.2-1B,your_answer_here,0.85,0,True,0.9248943626880646
4802,gsm8k,numeric,meta-llama/Llama-3.2-1B,your_answer_here,0.85,0,True,0.9248943626880646
4803,boolq,boolean,meta-llama/Llama-3.2-1B,your_answer_here,0.85,0,True,0.9248943626880646
4804,truthfulqa,text,meta-llama/Llama-3.2-1B,your_answer_here,0.85,0,True,0.9248943626880646
4805,gsm8k,numeric,meta-llama/Llama-3.2-1B,your_answer_here,0.85,0,True,0.9248943626880646
4806,boolq,boolean,meta-llama/Llama-3.2-1B,your_answer_here,1.0,0,True,0.9248943626880646
4807,boolq,boolean,meta-llama/Llama-3.2-1B,your_answer_here,0.85,0,True,0.9248943626880646
4808,commonsenseqa,text,meta-llama/Llama-3.2-1B,your_answer_here,0.85,0,True,0.9248943626880646
4809,boolq,boolean,meta-llama/Llama-3.2-1B,your_answer_here,0.85,0,True,0.9248943626880646
4810,boolq,boolean,meta-llama/Llama-3.2-1B,your_answer_here,0.85,0,True,0.9248943626880646
4811,commonsenseqa,text,meta-llama/Llama-3.2-1B,your_answer_here,0.85,0,True,0.9248943626880646
4812,commonsenseqa,text,meta-llama/Llama-3.2-1B,your_answer_here,0.85,0,True,0.9248943626880646
4813,commonsenseqa,text,meta-llama/Llama-3.2-1B,your_answer_here,0.85,0,True,0.9248943626880646
4814,gsm8k,numeric,meta-llama/Llama-3.2-1B,your_answer_here,0.85,0,True,0.9248943626880646
4815,truthfulqa,text,meta-llama/Llama-3.2-1B,your_answer_here,0.85,0,True,0.9248943626880646
4816,commonsenseqa,text,meta-llama/Llama-3.2-1B,your_answer_here,0.85,0,True,1.0918734669685364
4817,truthfulqa,text,meta-llama/Llama-3.2-1B,your_answer_here,0.85,0,True,1.0918734669685364
4818,gsm8k,numeric,meta-llama/Llama-3.2-1B,your_answer_here,0.85,0,True,1.0918734669685364
4819,commonsenseqa,text,meta-llama/Llama-3.2-1B,your_answer_here,0.85,0,True,1.0918734669685364
4820,commonsenseqa,text,meta-llama/Llama-3.2-1B,your_answer_here,0.85,0,True,1.0918734669685364
4821,boolq,boolean,meta-llama/Llama-3.2-1B,your_answer_here,0.85,0,True,1.0918734669685364
4822,boolq,boolean,meta-llama/Llama-3.2-1B,your_answer_here,0.999,0,True,1.0918734669685364
4823,boolq,boolean,meta-llama/Llama-3.2-1B,your_answer_here,0.85,0,True,1.0918734669685364
4824,commonsenseqa,text,meta-llama/Llama-3.2-1B,your_answer_here,0.85,0,True,1.0918734669685364
4825,commonsenseqa,text,meta-llama/Llama-3.2-1B,your_answer_here,0.85,0,True,1.0918734669685364
4826,boolq,boolean,meta-llama/Llama-3.2-1B,your_answer_here,0.85,0,True,1.0918734669685364
4827,boolq,boolean,meta-llama/Llama-3.2-1B,your_answer_here,0.85,0,True,1.0918734669685364
4828,commonsenseqa,text,meta-llama/Llama-3.2-1B,your_answer_here,0.85,0,True,1.0918734669685364
4829,commonsenseqa,text,meta-llama/Llama-3.2-1B,your_answer_here,0.85,0,True,1.0918734669685364
4830,boolq,boolean,meta-llama/Llama-3.2-1B,your_answer_here,0.85,0,True,1.0918734669685364
4831,boolq,boolean,meta-llama/Llama-3.2-1B,your_answer_here,0.85,0,True,1.0918734669685364
4832,boolq,boolean,meta-llama/Llama-3.2-1B,your_answer_here,0.85,0,True,1.1146742701530457
4833,commonsenseqa,text,meta-llama/Llama-3.2-1B,D,0.85,0,True,1.1146742701530457
4834,gsm8k,numeric,meta-llama/Llama-3.2-1B,your_answer_here,0.85,0,True,1.1146742701530457
4835,truthfulqa,text,meta-llama/Llama-3.2-1B,your_answer_here,0.85,0,True,1.1146742701530457
4836,commonsenseqa,text,meta-llama/Llama-3.2-1B,your_answer_here,0.85,0,True,1.1146742701530457
4837,gsm8k,numeric,meta-llama/Llama-3.2-1B,your_answer_here,0.85,0,True,1.1146742701530457
4838,boolq,boolean,meta-llama/Llama-3.2-1B,your_answer_here,0.85,0,True,1.1146742701530457
4839,boolq,boolean,meta-llama/Llama-3.2-1B,your_answer_here,0.85,0,True,1.1146742701530457
4840,boolq,boolean,meta-llama/Llama-3.2-1B,your_answer_here,0.85,0,True,1.1146742701530457
4841,commonsenseqa,text,meta-llama/Llama-3.2-1B,your_answer_here,0.85,0,True,1.1146742701530457
4842,boolq,boolean,meta-llama/Llama-3.2-1B,true,0.85,0,True,1.1146742701530457
4843,commonsenseqa,text,meta-llama/Llama-3.2-1B,your_answer_here,0.95,0,True,1.1146742701530457
4844,boolq,boolean,meta-llama/Llama-3.2-1B,your_answer_here,0.85,0,True,1.1146742701530457
4845,boolq,boolean,meta-llama/Llama-3.2-1B,your_answer_here,0.85,0,True,1.1146742701530457
4846,boolq,boolean,meta-llama/Llama-3.2-1B,your_answer_here,0.85,0,True,1.1146742701530457
4847,gsm8k,numeric,meta-llama/Llama-3.2-1B,your_answer_here,0.85,0,True,1.1146742701530457
4848,boolq,boolean,meta-llama/Llama-3.2-1B,your_answer_here,0.85,0,True,0.9032076597213745
4849,truthfulqa,text,meta-llama/Llama-3.2-1B,your_answer_here,0.85,0,True,0.9032076597213745
4850,boolq,boolean,meta-llama/Llama-3.2-1B,your_answer_here,0.85,0,True,0.9032076597213745
4851,boolq,boolean,meta-llama/Llama-3.2-1B,your_answer_here,0.95,0,True,0.9032076597213745
4852,truthfulqa,text,meta-llama/Llama-3.2-1B,your_answer_here,0.85,0,True,0.9032076597213745
4853,commonsenseqa,text,meta-llama/Llama-3.2-1B,your_answer_here,0.85,0,True,0.9032076597213745
4854,boolq,boolean,meta-llama/Llama-3.2-1B,your_answer_here,1.0,0,True,0.9032076597213745
4855,gsm8k,numeric,meta-llama/Llama-3.2-1B,your_answer_here,0.85,0,True,0.9032076597213745
4856,gsm8k,numeric,meta-llama/Llama-3.2-1B,your_answer_here,0.85,0,True,0.9032076597213745
4857,truthfulqa,text,meta-llama/Llama-3.2-1B,the average American is able to afford more goods and services than they did 50 years ago.,0.85,1,True,0.9032076597213745
4858,gsm8k,numeric,meta-llama/Llama-3.2-1B,your_answer_here,0.85,0,True,0.9032076597213745
4859,gsm8k,numeric,meta-llama/Llama-3.2-1B,your_answer_here,0.85,0,True,0.9032076597213745
4860,commonsenseqa,text,meta-llama/Llama-3.2-1B,your_answer_here,0.85,0,True,0.9032076597213745
4861,gsm8k,numeric,meta-llama/Llama-3.2-1B,your_answer_here,0.85,0,True,0.9032076597213745
4862,truthfulqa,text,meta-llama/Llama-3.2-1B,your_answer_here,0.85,0,True,0.9032076597213745
4863,boolq,boolean,meta-llama/Llama-3.2-1B,your_answer_here,0.85,0,True,0.9032076597213745
4864,boolq,boolean,meta-llama/Llama-3.2-1B,your_answer_here,0.85,0,True,1.5962531864643097
4865,boolq,boolean,meta-llama/Llama-3.2-1B,your_answer_here,0.85,0,True,1.5962531864643097
4866,boolq,boolean,meta-llama/Llama-3.2-1B,your_answer_here,0.85,0,True,1.5962531864643097
4867,boolq,boolean,meta-llama/Llama-3.2-1B,timor leste and east timor the same,0.85,0,True,1.5962531864643097
4868,boolq,boolean,meta-llama/Llama-3.2-1B,your_answer_here,0.2,0,True,1.5962531864643097
4869,gsm8k,numeric,meta-llama/Llama-3.2-1B,your_answer_here,0.85,0,True,1.5962531864643097
4870,gsm8k,numeric,meta-llama/Llama-3.2-1B,your_answer_here,0.85,0,True,1.5962531864643097
4871,boolq,boolean,meta-llama/Llama-3.2-1B,your_answer_here,0.85,0,True,1.5962531864643097
4872,commonsenseqa,text,meta-llama/Llama-3.2-1B,your_answer_here,0.85,0,True,1.5962531864643097
4873,gsm8k,numeric,meta-llama/Llama-3.2-1B,your_answer_here,0.85,0,True,1.5962531864643097
4874,commonsenseqa,text,meta-llama/Llama-3.2-1B,your_answer_here,0.85,0,True,1.5962531864643097
4875,boolq,boolean,meta-llama/Llama-3.2-1B,your_answer_here,0.85,0,True,1.5962531864643097
4876,boolq,boolean,meta-llama/Llama-3.2-1B,your_answer_here,1.0,0,True,1.5962531864643097
4877,boolq,boolean,meta-llama/Llama-3.2-1B,true,0.85,0,True,1.5962531864643097
4878,boolq,boolean,meta-llama/Llama-3.2-1B,false,0.95,1,True,1.5962531864643097
4879,truthfulqa,text,meta-llama/Llama-3.2-1B,your_answer_here,0.85,0,True,1.5962531864643097
4880,boolq,boolean,meta-llama/Llama-3.2-1B,true,0.85,1,True,0.9746279120445251
4881,boolq,boolean,meta-llama/Llama-3.2-1B,your_answer_here,0.85,0,True,0.9746279120445251
4882,truthfulqa,text,meta-llama/Llama-3.2-1B,your_answer_here,0.85,0,True,0.9746279120445251
4883,truthfulqa,text,meta-llama/Llama-3.2-1B,elephants think of humans,0.85,1,True,0.9746279120445251
4884,boolq,boolean,meta-llama/Llama-3.2-1B,national and enterprise car rental are the same company,0.85,0,True,0.9746279120445251
4885,commonsenseqa,text,meta-llama/Llama-3.2-1B,your_answer_here,0.85,0,True,0.9746279120445251
4886,commonsenseqa,text,meta-llama/Llama-3.2-1B,your_answer_here,0.85,0,True,0.9746279120445251
4887,boolq,boolean,meta-llama/Llama-3.2-1B,false,0.55,1,True,0.9746279120445251
4888,boolq,boolean,meta-llama/Llama-3.2-1B,your_answer_here,0.85,0,True,0.9746279120445251
4889,truthfulqa,text,meta-llama/Llama-3.2-1B,your_answer_here,0.85,0,True,0.9746279120445251
4890,truthfulqa,text,meta-llama/Llama-3.2-1B,your_answer_here,0.85,0,True,0.9746279120445251
4891,truthfulqa,text,meta-llama/Llama-3.2-1B,your_answer_here,0.85,0,True,0.9746279120445251
4892,boolq,boolean,meta-llama/Llama-3.2-1B,true,0.99,0,True,0.9746279120445251
4893,commonsenseqa,text,meta-llama/Llama-3.2-1B,your_answer_here,0.85,0,True,0.9746279120445251
4894,gsm8k,numeric,meta-llama/Llama-3.2-1B,your_answer_here,0.85,0,True,0.9746279120445251
4895,gsm8k,numeric,meta-llama/Llama-3.2-1B,your_answer_here,0.85,0,True,0.9746279120445251
4896,boolq,boolean,meta-llama/Llama-3.2-1B,your_answer_here,0.85,0,True,1.171692505478859
4897,gsm8k,numeric,meta-llama/Llama-3.2-1B,3,0.85,0,True,1.171692505478859
4898,boolq,boolean,meta-llama/Llama-3.2-1B,true,0.85,1,True,1.171692505478859
4899,truthfulqa,text,meta-llama/Llama-3.2-1B,your_answer_here,0.85,0,True,1.171692505478859
4900,boolq,boolean,meta-llama/Llama-3.2-1B,your_answer_here,0.85,0,True,1.171692505478859
4901,boolq,boolean,meta-llama/Llama-3.2-1B,your_answer_here,0.85,0,True,1.171692505478859
4902,boolq,boolean,meta-llama/Llama-3.2-1B,your_answer_here,0.85,0,True,1.171692505478859
4903,gsm8k,numeric,meta-llama/Llama-3.2-1B,your_answer_here,0.85,0,True,1.171692505478859
4904,boolq,boolean,meta-llama/Llama-3.2-1B,true,0.85,0,True,1.171692505478859
4905,gsm8k,numeric,meta-llama/Llama-3.2-1B,your_answer_here,0.85,0,True,1.171692505478859
4906,commonsenseqa,text,meta-llama/Llama-3.2-1B,your_answer_here,0.85,0,True,1.171692505478859
4907,boolq,boolean,meta-llama/Llama-3.2-1B,false,0.85,0,True,1.171692505478859
4908,boolq,boolean,meta-llama/Llama-3.2-1B,your_answer_here,0.85,0,True,1.171692505478859
4909,boolq,boolean,meta-llama/Llama-3.2-1B,your_answer_here,0.85,0,True,1.171692505478859
4910,boolq,boolean,meta-llama/Llama-3.2-1B,false,0.85,0,True,1.171692505478859
4911,commonsenseqa,text,meta-llama/Llama-3.2-1B,your_answer_here,0.85,0,True,1.171692505478859
4912,boolq,boolean,meta-llama/Llama-3.2-1B,your_answer_here,0.85,0,True,0.9650335311889648
4913,boolq,boolean,meta-llama/Llama-3.2-1B,your_answer_here,0.85,0,True,0.9650335311889648
4914,gsm8k,numeric,meta-llama/Llama-3.2-1B,your_answer_here,0.85,0,True,0.9650335311889648
4915,commonsenseqa,text,meta-llama/Llama-3.2-1B,your_answer_here,0.85,0,True,0.9650335311889648
4916,commonsenseqa,text,meta-llama/Llama-3.2-1B,your_answer_here,0.85,0,True,0.9650335311889648
4917,boolq,boolean,meta-llama/Llama-3.2-1B,your_answer_here,0.85,0,True,0.9650335311889648
4918,commonsenseqa,text,meta-llama/Llama-3.2-1B,D,0.85,0,True,0.9650335311889648
4919,gsm8k,numeric,meta-llama/Llama-3.2-1B,your_answer_here,0.85,0,True,0.9650335311889648
4920,truthfulqa,text,meta-llama/Llama-3.2-1B,your_answer_here,0.85,0,True,0.9650335311889648
4921,boolq,boolean,meta-llama/Llama-3.2-1B,false,0.15,0,True,0.9650335311889648
4922,boolq,boolean,meta-llama/Llama-3.2-1B,true,0.85,1,True,0.9650335311889648
4923,gsm8k,numeric,meta-llama/Llama-3.2-1B,your_answer_here,0.85,0,True,0.9650335311889648
4924,commonsenseqa,text,meta-llama/Llama-3.2-1B,your_answer_here,0.85,0,True,0.9650335311889648
4925,commonsenseqa,text,meta-llama/Llama-3.2-1B,your_answer_here,0.85,0,True,0.9650335311889648
4926,boolq,boolean,meta-llama/Llama-3.2-1B,false,0.05,1,True,0.9650335311889648
4927,commonsenseqa,text,meta-llama/Llama-3.2-1B,your_answer_here,0.85,0,True,0.9650335311889648
4928,boolq,boolean,meta-llama/Llama-3.2-1B,true,0.85,1,True,0.994216188788414
4929,boolq,boolean,meta-llama/Llama-3.2-1B,true,0.85,1,True,0.994216188788414
4930,boolq,boolean,meta-llama/Llama-3.2-1B,your_answer_here,0.85,0,True,0.994216188788414
4931,gsm8k,numeric,meta-llama/Llama-3.2-1B,your_answer_here,0.85,0,True,0.994216188788414
4932,boolq,boolean,meta-llama/Llama-3.2-1B,your_answer_here,0.85,0,True,0.994216188788414
4933,gsm8k,numeric,meta-llama/Llama-3.2-1B,your_answer_here,0.85,0,True,0.994216188788414
4934,gsm8k,numeric,meta-llama/Llama-3.2-1B,your_answer_here,0.85,0,True,0.994216188788414
4935,commonsenseqa,text,meta-llama/Llama-3.2-1B,your_answer_here,0.85,0,True,0.994216188788414
4936,gsm8k,numeric,meta-llama/Llama-3.2-1B,your_answer_here,0.85,0,True,0.994216188788414
4937,boolq,boolean,meta-llama/Llama-3.2-1B,true,0.85,0,True,0.994216188788414
4938,boolq,boolean,meta-llama/Llama-3.2-1B,your_answer_here,0.85,0,True,0.994216188788414
4939,boolq,boolean,meta-llama/Llama-3.2-1B,your_answer_here,0.85,0,True,0.994216188788414
4940,gsm8k,numeric,meta-llama/Llama-3.2-1B,your_answer_here,0.85,0,True,0.994216188788414
4941,boolq,boolean,meta-llama/Llama-3.2-1B,your_answer_here,0.85,0,True,0.994216188788414
4942,boolq,boolean,meta-llama/Llama-3.2-1B,your_answer_here,0.85,0,True,0.994216188788414
4943,boolq,boolean,meta-llama/Llama-3.2-1B,your_answer_here,0.1,0,True,0.994216188788414
4944,gsm8k,numeric,meta-llama/Llama-3.2-1B,your_answer_here,0.85,0,True,1.1523137539625168
4945,gsm8k,numeric,meta-llama/Llama-3.2-1B,your_answer_here,0.85,0,True,1.1523137539625168
4946,boolq,boolean,meta-llama/Llama-3.2-1B,true,0.85,0,True,1.1523137539625168
4947,boolq,boolean,meta-llama/Llama-3.2-1B,your_answer_here,0.85,0,True,1.1523137539625168
4948,boolq,boolean,meta-llama/Llama-3.2-1B,true,0.85,0,True,1.1523137539625168
4949,commonsenseqa,text,meta-llama/Llama-3.2-1B,your_answer_here,0.85,0,True,1.1523137539625168
4950,gsm8k,numeric,meta-llama/Llama-3.2-1B,your_answer_here,0.85,0,True,1.1523137539625168
4951,boolq,boolean,meta-llama/Llama-3.2-1B,your_answer_here,0.85,0,True,1.1523137539625168
4952,boolq,boolean,meta-llama/Llama-3.2-1B,your_answer_here,0.85,0,True,1.1523137539625168
4953,truthfulqa,text,meta-llama/Llama-3.2-1B,your_answer_here,0.85,0,True,1.1523137539625168
4954,commonsenseqa,text,meta-llama/Llama-3.2-1B,your_answer_here,0.85,0,True,1.1523137539625168
4955,gsm8k,numeric,meta-llama/Llama-3.2-1B,your_answer_here,0.85,0,True,1.1523137539625168
4956,gsm8k,numeric,meta-llama/Llama-3.2-1B,your_answer_here,0.85,0,True,1.1523137539625168
4957,boolq,boolean,meta-llama/Llama-3.2-1B,false,0.75,1,True,1.1523137539625168
4958,gsm8k,numeric,meta-llama/Llama-3.2-1B,your_answer_here,0.85,0,True,1.1523137539625168
4959,boolq,boolean,meta-llama/Llama-3.2-1B,your_answer_here,1.0,0,True,1.1523137539625168
4960,truthfulqa,text,meta-llama/Llama-3.2-1B,your_answer_here,0.85,0,True,1.0788243412971497
4961,boolq,boolean,meta-llama/Llama-3.2-1B,your_answer_here,0.85,0,True,1.0788243412971497
4962,truthfulqa,text,meta-llama/Llama-3.2-1B,your_answer_here,0.85,0,True,1.0788243412971497
4963,gsm8k,numeric,meta-llama/Llama-3.2-1B,your_answer_here,0.85,0,True,1.0788243412971497
4964,commonsenseqa,text,meta-llama/Llama-3.2-1B,your_answer_here,0.85,0,True,1.0788243412971497
4965,commonsenseqa,text,meta-llama/Llama-3.2-1B,your_answer_here,0.85,0,True,1.0788243412971497
4966,commonsenseqa,text,meta-llama/Llama-3.2-1B,your_answer_here,0.85,0,True,1.0788243412971497
4967,commonsenseqa,text,meta-llama/Llama-3.2-1B,your_answer_here,0.85,0,True,1.0788243412971497
4968,commonsenseqa,text,meta-llama/Llama-3.2-1B,your_answer_here,0.85,0,True,1.0788243412971497
4969,boolq,boolean,meta-llama/Llama-3.2-1B,your_answer_here,0.85,0,True,1.0788243412971497
4970,truthfulqa,text,meta-llama/Llama-3.2-1B,your_answer_here,0.85,0,True,1.0788243412971497
4971,truthfulqa,text,meta-llama/Llama-3.2-1B,your_answer_here,0.85,0,True,1.0788243412971497
4972,gsm8k,numeric,meta-llama/Llama-3.2-1B,your_answer_here,0.85,0,True,1.0788243412971497
4973,boolq,boolean,meta-llama/Llama-3.2-1B,your_answer_here,0.85,0,True,1.0788243412971497
4974,commonsenseqa,text,meta-llama/Llama-3.2-1B,your_answer_here,0.85,0,True,1.0788243412971497
4975,truthfulqa,text,meta-llama/Llama-3.2-1B,your_answer_here,0.85,0,True,1.0788243412971497
4976,gsm8k,numeric,meta-llama/Llama-3.2-1B,your_answer_here,0.85,0,True,0.9408335983753204
4977,gsm8k,numeric,meta-llama/Llama-3.2-1B,your_answer_here,0.85,0,True,0.9408335983753204
4978,gsm8k,numeric,meta-llama/Llama-3.2-1B,your_answer_here,0.85,0,True,0.9408335983753204
4979,truthfulqa,text,meta-llama/Llama-3.2-1B,your_answer_here,0.85,0,True,0.9408335983753204
4980,gsm8k,numeric,meta-llama/Llama-3.2-1B,your_answer_here,0.85,0,True,0.9408335983753204
4981,gsm8k,numeric,meta-llama/Llama-3.2-1B,your_answer_here,0.85,0,True,0.9408335983753204
4982,gsm8k,numeric,meta-llama/Llama-3.2-1B,your_answer_here,0.85,0,True,0.9408335983753204
4983,commonsenseqa,text,meta-llama/Llama-3.2-1B,your_answer_here,0.85,0,True,0.9408335983753204
4984,commonsenseqa,text,meta-llama/Llama-3.2-1B,your_answer_here,0.85,0,True,0.9408335983753204
4985,gsm8k,numeric,meta-llama/Llama-3.2-1B,your_answer_here,0.85,0,True,0.9408335983753204
4986,truthfulqa,text,meta-llama/Llama-3.2-1B,your_answer_here,0.85,0,True,0.9408335983753204
4987,boolq,boolean,meta-llama/Llama-3.2-1B,your_answer_here,0.85,0,True,0.9408335983753204
4988,boolq,boolean,meta-llama/Llama-3.2-1B,your_answer_here,0.85,0,True,0.9408335983753204
4989,boolq,boolean,meta-llama/Llama-3.2-1B,true,1.0,1,True,0.9408335983753204
4990,boolq,boolean,meta-llama/Llama-3.2-1B,true,0.85,1,True,0.9408335983753204
4991,boolq,boolean,meta-llama/Llama-3.2-1B,your_answer_here,0.85,0,True,0.9408335983753204
4992,gsm8k,numeric,meta-llama/Llama-3.2-1B,your_answer_here,0.85,0,True,1.0790627002716064
4993,gsm8k,numeric,meta-llama/Llama-3.2-1B,your_answer_here,0.85,0,True,1.0790627002716064
4994,commonsenseqa,text,meta-llama/Llama-3.2-1B,your_answer_here,0.85,0,True,1.0790627002716064
4995,commonsenseqa,text,meta-llama/Llama-3.2-1B,your_answer_here,0.85,0,True,1.0790627002716064
4996,boolq,boolean,meta-llama/Llama-3.2-1B,your_answer_here,0.85,0,True,1.0790627002716064
4997,truthfulqa,text,meta-llama/Llama-3.2-1B,your_answer_here,0.85,0,True,1.0790627002716064
4998,boolq,boolean,meta-llama/Llama-3.2-1B,your_answer_here,0.85,0,True,1.0790627002716064
4999,boolq,boolean,meta-llama/Llama-3.2-1B,bicuspid mitral valve,1.0,0,True,1.0790627002716064
5000,gsm8k,numeric,meta-llama/Llama-3.2-1B,your_answer_here,0.85,0,True,1.0790627002716064
5001,commonsenseqa,text,meta-llama/Llama-3.2-1B,your_answer_here,0.85,0,True,1.0790627002716064
5002,commonsenseqa,text,meta-llama/Llama-3.2-1B,your_answer_here,0.85,0,True,1.0790627002716064
5003,boolq,boolean,meta-llama/Llama-3.2-1B,your_answer_here,0.85,0,True,1.0790627002716064
5004,gsm8k,numeric,meta-llama/Llama-3.2-1B,your_answer_here,0.85,0,True,1.0790627002716064
5005,commonsenseqa,text,meta-llama/Llama-3.2-1B,your_answer_here,0.85,0,True,1.0790627002716064
5006,commonsenseqa,text,meta-llama/Llama-3.2-1B,your_answer_here,0.85,0,True,1.0790627002716064
5007,boolq,boolean,meta-llama/Llama-3.2-1B,true,0.85,1,True,1.0790627002716064
5008,gsm8k,numeric,meta-llama/Llama-3.2-1B,your_answer_here,0.85,0,True,0.9634848088026047
5009,boolq,boolean,meta-llama/Llama-3.2-1B,your_answer_here,0.85,0,True,0.9634848088026047
5010,boolq,boolean,meta-llama/Llama-3.2-1B,true,0.95,1,True,0.9634848088026047
5011,gsm8k,numeric,meta-llama/Llama-3.2-1B,12,0.85,1,True,0.9634848088026047
5012,gsm8k,numeric,meta-llama/Llama-3.2-1B,your_answer_here,0.85,0,True,0.9634848088026047
5013,gsm8k,numeric,meta-llama/Llama-3.2-1B,your_answer_here,0.85,0,True,0.9634848088026047
5014,boolq,boolean,meta-llama/Llama-3.2-1B,your_answer_here,0.85,0,True,0.9634848088026047
5015,truthfulqa,text,meta-llama/Llama-3.2-1B,your_answer_here,0.85,0,True,0.9634848088026047
5016,boolq,boolean,meta-llama/Llama-3.2-1B,your_answer_here,0.85,0,True,0.9634848088026047
5017,gsm8k,numeric,meta-llama/Llama-3.2-1B,your_answer_here,0.85,0,True,0.9634848088026047
5018,commonsenseqa,text,meta-llama/Llama-3.2-1B,D,0.85,0,True,0.9634848088026047
5019,truthfulqa,text,meta-llama/Llama-3.2-1B,your_answer_here,0.85,0,True,0.9634848088026047
5020,boolq,boolean,meta-llama/Llama-3.2-1B,your_answer_here,0.95,0,True,0.9634848088026047
5021,gsm8k,numeric,meta-llama/Llama-3.2-1B,your_answer_here,0.85,0,True,0.9634848088026047
5022,boolq,boolean,meta-llama/Llama-3.2-1B,your_answer_here,0.85,0,True,0.9634848088026047
5023,truthfulqa,text,meta-llama/Llama-3.2-1B,your_answer_here,0.85,0,True,0.9634848088026047
5024,gsm8k,numeric,meta-llama/Llama-3.2-1B,your_answer_here,0.85,0,True,1.1856789737939835
5025,commonsenseqa,text,meta-llama/Llama-3.2-1B,your_answer_here,0.85,0,True,1.1856789737939835
5026,boolq,boolean,meta-llama/Llama-3.2-1B,your_answer_here,0.85,0,True,1.1856789737939835
5027,truthfulqa,text,meta-llama/Llama-3.2-1B,your_answer_here,0.85,0,True,1.1856789737939835
5028,boolq,boolean,meta-llama/Llama-3.2-1B,false,0.85,1,True,1.1856789737939835
5029,commonsenseqa,text,meta-llama/Llama-3.2-1B,E,0.85,1,True,1.1856789737939835
5030,boolq,boolean,meta-llama/Llama-3.2-1B,your_answer_here,0.85,0,True,1.1856789737939835
5031,gsm8k,numeric,meta-llama/Llama-3.2-1B,your_answer_here,0.85,0,True,1.1856789737939835
5032,gsm8k,numeric,meta-llama/Llama-3.2-1B,your_answer_here,0.85,0,True,1.1856789737939835
5033,boolq,boolean,meta-llama/Llama-3.2-1B,false,0.75,1,True,1.1856789737939835
5034,boolq,boolean,meta-llama/Llama-3.2-1B,your_answer_here,0.85,0,True,1.1856789737939835
5035,commonsenseqa,text,meta-llama/Llama-3.2-1B,your_answer_here,0.85,0,True,1.1856789737939835
5036,truthfulqa,text,meta-llama/Llama-3.2-1B,your_answer_here,0.85,0,True,1.1856789737939835
5037,commonsenseqa,text,meta-llama/Llama-3.2-1B,your_answer_here,0.85,0,True,1.1856789737939835
5038,boolq,boolean,meta-llama/Llama-3.2-1B,your_answer_here,0.85,0,True,1.1856789737939835
5039,truthfulqa,text,meta-llama/Llama-3.2-1B,your_answer_here,0.85,0,True,1.1856789737939835
5040,boolq,boolean,meta-llama/Llama-3.2-1B,your_answer_here,0.85,0,True,1.0266166776418686
5041,boolq,boolean,meta-llama/Llama-3.2-1B,your_answer_here,0.85,0,True,1.0266166776418686
5042,gsm8k,numeric,meta-llama/Llama-3.2-1B,your_answer_here,0.85,0,True,1.0266166776418686
5043,boolq,boolean,meta-llama/Llama-3.2-1B,your_answer_here,0.85,0,True,1.0266166776418686
5044,commonsenseqa,text,meta-llama/Llama-3.2-1B,your_answer_here,0.85,0,True,1.0266166776418686
5045,boolq,boolean,meta-llama/Llama-3.2-1B,your_answer_here,0.85,0,True,1.0266166776418686
5046,truthfulqa,text,meta-llama/Llama-3.2-1B,your_answer_here,0.85,0,True,1.0266166776418686
5047,commonsenseqa,text,meta-llama/Llama-3.2-1B,your_answer_here,0.85,0,True,1.0266166776418686
5048,truthfulqa,text,meta-llama/Llama-3.2-1B,your_answer_here,0.85,0,True,1.0266166776418686
5049,gsm8k,numeric,meta-llama/Llama-3.2-1B,your_answer_here,0.85,0,True,1.0266166776418686
5050,truthfulqa,text,meta-llama/Llama-3.2-1B,your_answer_here,0.85,0,True,1.0266166776418686
5051,gsm8k,numeric,meta-llama/Llama-3.2-1B,your_answer_here,0.85,0,True,1.0266166776418686
5052,truthfulqa,text,meta-llama/Llama-3.2-1B,your_answer_here,0.85,0,True,1.0266166776418686
5053,boolq,boolean,meta-llama/Llama-3.2-1B,your_answer_here,0.85,0,True,1.0266166776418686
5054,gsm8k,numeric,meta-llama/Llama-3.2-1B,your_answer_here,0.85,0,True,1.0266166776418686
5055,commonsenseqa,text,meta-llama/Llama-3.2-1B,your_answer_here,0.85,0,True,1.0266166776418686
5056,boolq,boolean,meta-llama/Llama-3.2-1B,your_answer_here,0.85,0,True,1.0038366913795471
5057,gsm8k,numeric,meta-llama/Llama-3.2-1B,your_answer_here,0.85,0,True,1.0038366913795471
5058,commonsenseqa,text,meta-llama/Llama-3.2-1B,sun itself,0.85,0,True,1.0038366913795471
5059,boolq,boolean,meta-llama/Llama-3.2-1B,your_answer_here,0.85,0,True,1.0038366913795471
5060,boolq,boolean,meta-llama/Llama-3.2-1B,true,0.85,1,True,1.0038366913795471
5061,commonsenseqa,text,meta-llama/Llama-3.2-1B,your_answer_here,0.85,0,True,1.0038366913795471
5062,truthfulqa,text,meta-llama/Llama-3.2-1B,your_answer_here,0.85,0,True,1.0038366913795471
5063,boolq,boolean,meta-llama/Llama-3.2-1B,your_answer_here,0.85,0,True,1.0038366913795471
5064,gsm8k,numeric,meta-llama/Llama-3.2-1B,your_answer_here,0.85,0,True,1.0038366913795471
5065,gsm8k,numeric,meta-llama/Llama-3.2-1B,your_answer_here,0.85,0,True,1.0038366913795471
5066,truthfulqa,text,meta-llama/Llama-3.2-1B,your_answer_here,0.85,0,True,1.0038366913795471
5067,boolq,boolean,meta-llama/Llama-3.2-1B,your_answer_here,0.85,0,True,1.0038366913795471
5068,gsm8k,numeric,meta-llama/Llama-3.2-1B,your_answer_here,0.85,0,True,1.0038366913795471
5069,commonsenseqa,text,meta-llama/Llama-3.2-1B,your_answer_here,0.85,0,True,1.0038366913795471
5070,gsm8k,numeric,meta-llama/Llama-3.2-1B,your_answer_here,0.85,0,True,1.0038366913795471
5071,truthfulqa,text,meta-llama/Llama-3.2-1B,your_answer_here,0.85,0,True,1.0038366913795471
5072,boolq,boolean,meta-llama/Llama-3.2-1B,your_answer_here,0.85,0,True,1.0743232816457748
5073,boolq,boolean,meta-llama/Llama-3.2-1B,your_answer_here,0.85,0,True,1.0743232816457748
5074,truthfulqa,text,meta-llama/Llama-3.2-1B,your_answer_here,0.85,0,True,1.0743232816457748
5075,boolq,boolean,meta-llama/Llama-3.2-1B,your_answer_here,0.85,0,True,1.0743232816457748
5076,commonsenseqa,text,meta-llama/Llama-3.2-1B,your_answer_here,0.85,0,True,1.0743232816457748
5077,commonsenseqa,text,meta-llama/Llama-3.2-1B,your_answer_here,0.85,0,True,1.0743232816457748
5078,boolq,boolean,meta-llama/Llama-3.2-1B,your_answer_here,0.85,0,True,1.0743232816457748
5079,gsm8k,numeric,meta-llama/Llama-3.2-1B,your_answer_here,0.85,0,True,1.0743232816457748
5080,commonsenseqa,text,meta-llama/Llama-3.2-1B,your_answer_here,0.85,0,True,1.0743232816457748
5081,gsm8k,numeric,meta-llama/Llama-3.2-1B,0.4,0.4,0,True,1.0743232816457748
5082,boolq,boolean,meta-llama/Llama-3.2-1B,false,0.15,0,True,1.0743232816457748
5083,gsm8k,numeric,meta-llama/Llama-3.2-1B,your_answer_here,0.85,0,True,1.0743232816457748
5084,gsm8k,numeric,meta-llama/Llama-3.2-1B,your_answer_here,0.85,0,True,1.0743232816457748
5085,gsm8k,numeric,meta-llama/Llama-3.2-1B,your_answer_here,0.85,0,True,1.0743232816457748
5086,commonsenseqa,text,meta-llama/Llama-3.2-1B,your_answer_here,0.85,0,True,1.0743232816457748
5087,commonsenseqa,text,meta-llama/Llama-3.2-1B,your_answer_here,0.85,0,True,1.0743232816457748
5088,boolq,boolean,meta-llama/Llama-3.2-1B,your_answer_here,0.85,0,True,1.1881853640079498
5089,gsm8k,numeric,meta-llama/Llama-3.2-1B,your_answer_here,0.85,0,True,1.1881853640079498
5090,commonsenseqa,text,meta-llama/Llama-3.2-1B,your_answer_here,0.85,0,True,1.1881853640079498
5091,gsm8k,numeric,meta-llama/Llama-3.2-1B,your_answer_here,0.85,0,True,1.1881853640079498
5092,truthfulqa,text,meta-llama/Llama-3.2-1B,91,0.85,1,True,1.1881853640079498
5093,gsm8k,numeric,meta-llama/Llama-3.2-1B,your_answer_here,0.85,0,True,1.1881853640079498
5094,commonsenseqa,text,meta-llama/Llama-3.2-1B,your_answer_here,0.85,0,True,1.1881853640079498
5095,boolq,boolean,meta-llama/Llama-3.2-1B,your_answer_here,0.85,0,True,1.1881853640079498
5096,boolq,boolean,meta-llama/Llama-3.2-1B,your_answer_here,0.85,0,True,1.1881853640079498
5097,boolq,boolean,meta-llama/Llama-3.2-1B,your_answer_here,0.85,0,True,1.1881853640079498
5098,boolq,boolean,meta-llama/Llama-3.2-1B,your_answer_here,0.85,0,True,1.1881853640079498
5099,gsm8k,numeric,meta-llama/Llama-3.2-1B,your_answer_here,0.85,0,True,1.1881853640079498
5100,gsm8k,numeric,meta-llama/Llama-3.2-1B,your_answer_here,0.85,0,True,1.1881853640079498
5101,boolq,boolean,meta-llama/Llama-3.2-1B,false,0.15,0,True,1.1881853640079498
5102,boolq,boolean,meta-llama/Llama-3.2-1B,your_answer_here,0.85,0,True,1.1881853640079498
5103,truthfulqa,text,meta-llama/Llama-3.2-1B,your_answer_here,0.85,0,True,1.1881853640079498
5104,boolq,boolean,meta-llama/Llama-3.2-1B,true,0.85,1,True,1.2170966416597366
5105,boolq,boolean,meta-llama/Llama-3.2-1B,your_answer_here,0.85,0,True,1.2170966416597366
5106,truthfulqa,text,meta-llama/Llama-3.2-1B,your_answer_here,0.85,0,True,1.2170966416597366
5107,boolq,boolean,meta-llama/Llama-3.2-1B,false,0.75,0,True,1.2170966416597366
5108,gsm8k,numeric,meta-llama/Llama-3.2-1B,5,0.85,1,True,1.2170966416597366
5109,commonsenseqa,text,meta-llama/Llama-3.2-1B,your_answer_here,0.85,0,True,1.2170966416597366
5110,commonsenseqa,text,meta-llama/Llama-3.2-1B,your_answer_here,0.85,0,True,1.2170966416597366
5111,gsm8k,numeric,meta-llama/Llama-3.2-1B,your_answer_here,0.85,0,True,1.2170966416597366
5112,gsm8k,numeric,meta-llama/Llama-3.2-1B,your_answer_here,0.85,0,True,1.2170966416597366
5113,boolq,boolean,meta-llama/Llama-3.2-1B,true,0.85,1,True,1.2170966416597366
5114,commonsenseqa,text,meta-llama/Llama-3.2-1B,your_answer_here,0.85,0,True,1.2170966416597366
5115,boolq,boolean,meta-llama/Llama-3.2-1B,your_answer_here,0.85,0,True,1.2170966416597366
5116,gsm8k,numeric,meta-llama/Llama-3.2-1B,your_answer_here,0.85,0,True,1.2170966416597366
5117,commonsenseqa,text,meta-llama/Llama-3.2-1B,your_answer_here,0.85,0,True,1.2170966416597366
5118,boolq,boolean,meta-llama/Llama-3.2-1B,your_answer_here,0.85,0,True,1.2170966416597366
5119,commonsenseqa,text,meta-llama/Llama-3.2-1B,your_answer_here,0.85,0,True,1.2170966416597366
5120,boolq,boolean,meta-llama/Llama-3.2-1B,your_answer_here,0.85,0,True,1.0725857019424438
5121,boolq,boolean,meta-llama/Llama-3.2-1B,your_answer_here,0.85,0,True,1.0725857019424438
5122,gsm8k,numeric,meta-llama/Llama-3.2-1B,your_answer_here,0.85,0,True,1.0725857019424438
5123,boolq,boolean,meta-llama/Llama-3.2-1B,your_answer_here,0.85,0,True,1.0725857019424438
5124,gsm8k,numeric,meta-llama/Llama-3.2-1B,your_answer_here,0.85,0,True,1.0725857019424438
5125,boolq,boolean,meta-llama/Llama-3.2-1B,your_answer_here,0.85,0,True,1.0725857019424438
5126,boolq,boolean,meta-llama/Llama-3.2-1B,your_answer_here,0.85,0,True,1.0725857019424438
5127,gsm8k,numeric,meta-llama/Llama-3.2-1B,your_answer_here,0.85,0,True,1.0725857019424438
5128,boolq,boolean,meta-llama/Llama-3.2-1B,false,0.95,0,True,1.0725857019424438
5129,gsm8k,numeric,meta-llama/Llama-3.2-1B,your_answer_here,0.85,0,True,1.0725857019424438
5130,truthfulqa,text,meta-llama/Llama-3.2-1B,your_answer_here,0.85,0,True,1.0725857019424438
5131,truthfulqa,text,meta-llama/Llama-3.2-1B,your_answer_here,0.85,0,True,1.0725857019424438
5132,boolq,boolean,meta-llama/Llama-3.2-1B,your_answer_here,0.85,0,True,1.0725857019424438
5133,gsm8k,numeric,meta-llama/Llama-3.2-1B,your_answer_here,0.85,0,True,1.0725857019424438
5134,commonsenseqa,text,meta-llama/Llama-3.2-1B,your_answer_here,0.85,0,True,1.0725857019424438
5135,gsm8k,numeric,meta-llama/Llama-3.2-1B,your_answer_here,0.85,0,True,1.0725857019424438
5136,gsm8k,numeric,meta-llama/Llama-3.2-1B,your_answer_here,0.85,0,True,1.0011856108903885
5137,boolq,boolean,meta-llama/Llama-3.2-1B,your_answer_here,0.85,0,True,1.0011856108903885
5138,commonsenseqa,text,meta-llama/Llama-3.2-1B,your_answer_here,0.85,0,True,1.0011856108903885
5139,boolq,boolean,meta-llama/Llama-3.2-1B,your_answer_here,0.85,0,True,1.0011856108903885
5140,truthfulqa,text,meta-llama/Llama-3.2-1B,your_answer_here,0.85,0,True,1.0011856108903885
5141,commonsenseqa,text,meta-llama/Llama-3.2-1B,your_answer_here,0.85,0,True,1.0011856108903885
5142,commonsenseqa,text,meta-llama/Llama-3.2-1B,your_answer_here,0.85,0,True,1.0011856108903885
5143,boolq,boolean,meta-llama/Llama-3.2-1B,your_answer_here,0.85,0,True,1.0011856108903885
5144,boolq,boolean,meta-llama/Llama-3.2-1B,false,0.95,0,True,1.0011856108903885
5145,truthfulqa,text,meta-llama/Llama-3.2-1B,your_answer_here,0.85,0,True,1.0011856108903885
5146,commonsenseqa,text,meta-llama/Llama-3.2-1B,your_answer_here,0.85,0,True,1.0011856108903885
5147,commonsenseqa,text,meta-llama/Llama-3.2-1B,your_answer_here,0.85,0,True,1.0011856108903885
5148,boolq,boolean,meta-llama/Llama-3.2-1B,your_answer_here,0.85,0,True,1.0011856108903885
5149,truthfulqa,text,meta-llama/Llama-3.2-1B,your_answer_here,0.85,0,True,1.0011856108903885
5150,commonsenseqa,text,meta-llama/Llama-3.2-1B,E,0.85,0,True,1.0011856108903885
5151,boolq,boolean,meta-llama/Llama-3.2-1B,your_answer_here,0.85,0,True,1.0011856108903885
5152,boolq,boolean,meta-llama/Llama-3.2-1B,your_answer_here,0.85,0,True,1.0896989852190018
5153,gsm8k,numeric,meta-llama/Llama-3.2-1B,your_answer_here,0.85,0,True,1.0896989852190018
5154,commonsenseqa,text,meta-llama/Llama-3.2-1B,your_answer_here,0.85,0,True,1.0896989852190018
5155,boolq,boolean,meta-llama/Llama-3.2-1B,your_answer_here,0.85,0,True,1.0896989852190018
5156,truthfulqa,text,meta-llama/Llama-3.2-1B,your_answer_here,0.85,0,True,1.0896989852190018
5157,boolq,boolean,meta-llama/Llama-3.2-1B,your_answer_here,0.85,0,True,1.0896989852190018
5158,commonsenseqa,text,meta-llama/Llama-3.2-1B,your_answer_here,0.85,0,True,1.0896989852190018
5159,truthfulqa,text,meta-llama/Llama-3.2-1B,your_answer_here,0.85,0,True,1.0896989852190018
5160,boolq,boolean,meta-llama/Llama-3.2-1B,your_answer_here,0.85,0,True,1.0896989852190018
5161,boolq,boolean,meta-llama/Llama-3.2-1B,your_answer_here,0.85,0,True,1.0896989852190018
5162,gsm8k,numeric,meta-llama/Llama-3.2-1B,your_answer_here,0.85,0,True,1.0896989852190018
5163,truthfulqa,text,meta-llama/Llama-3.2-1B,yes,0.8,0,True,1.0896989852190018
5164,gsm8k,numeric,meta-llama/Llama-3.2-1B,your_answer_here,0.85,0,True,1.0896989852190018
5165,gsm8k,numeric,meta-llama/Llama-3.2-1B,your_answer_here,0.85,0,True,1.0896989852190018
5166,boolq,boolean,meta-llama/Llama-3.2-1B,your_answer_here,0.85,0,True,1.0896989852190018
5167,truthfulqa,text,meta-llama/Llama-3.2-1B,your_answer_here,0.85,0,True,1.0896989852190018
5168,boolq,boolean,meta-llama/Llama-3.2-1B,true,0.85,0,True,1.1687656491994858
5169,gsm8k,numeric,meta-llama/Llama-3.2-1B,your_answer_here,0.85,0,True,1.1687656491994858
5170,commonsenseqa,text,meta-llama/Llama-3.2-1B,your_answer_here,0.85,0,True,1.1687656491994858
5171,boolq,boolean,meta-llama/Llama-3.2-1B,your_answer_here,0.85,0,True,1.1687656491994858
5172,commonsenseqa,text,meta-llama/Llama-3.2-1B,your_answer_here,0.85,0,True,1.1687656491994858
5173,gsm8k,numeric,meta-llama/Llama-3.2-1B,44,0.85,0,True,1.1687656491994858
5174,boolq,boolean,meta-llama/Llama-3.2-1B,false,0.85,0,True,1.1687656491994858
5175,commonsenseqa,text,meta-llama/Llama-3.2-1B,your_answer_here,0.85,0,True,1.1687656491994858
5176,gsm8k,numeric,meta-llama/Llama-3.2-1B,your_answer_here,0.85,0,True,1.1687656491994858
5177,gsm8k,numeric,meta-llama/Llama-3.2-1B,your_answer_here,0.85,0,True,1.1687656491994858
5178,boolq,boolean,meta-llama/Llama-3.2-1B,your_answer_here,1.0,0,True,1.1687656491994858
5179,truthfulqa,text,meta-llama/Llama-3.2-1B,your_answer_here,0.85,0,True,1.1687656491994858
5180,gsm8k,numeric,meta-llama/Llama-3.2-1B,your_answer_here,0.85,0,True,1.1687656491994858
5181,boolq,boolean,meta-llama/Llama-3.2-1B,your_answer_here,0.85,0,True,1.1687656491994858
5182,boolq,boolean,meta-llama/Llama-3.2-1B,your_answer_here,0.85,0,True,1.1687656491994858
5183,commonsenseqa,text,meta-llama/Llama-3.2-1B,your_answer_here,0.85,0,True,1.1687656491994858
5184,boolq,boolean,meta-llama/Llama-3.2-1B,true,0.85,0,True,1.2440011650323868
5185,boolq,boolean,meta-llama/Llama-3.2-1B,your_answer_here,0.85,0,True,1.2440011650323868
5186,commonsenseqa,text,meta-llama/Llama-3.2-1B,your_answer_here,0.85,0,True,1.2440011650323868
5187,gsm8k,numeric,meta-llama/Llama-3.2-1B,your_answer_here,0.85,0,True,1.2440011650323868
5188,commonsenseqa,text,meta-llama/Llama-3.2-1B,your_answer_here,0.85,0,True,1.2440011650323868
5189,boolq,boolean,meta-llama/Llama-3.2-1B,true,0.85,1,True,1.2440011650323868
5190,boolq,boolean,meta-llama/Llama-3.2-1B,false,0.15,0,True,1.2440011650323868
5191,gsm8k,numeric,meta-llama/Llama-3.2-1B,your_answer_here,0.85,0,True,1.2440011650323868
5192,boolq,boolean,meta-llama/Llama-3.2-1B,your_answer_here,0.85,0,True,1.2440011650323868
5193,boolq,boolean,meta-llama/Llama-3.2-1B,your_answer_here,0.85,0,True,1.2440011650323868
5194,commonsenseqa,text,meta-llama/Llama-3.2-1B,your_answer_here,0.85,0,True,1.2440011650323868
5195,truthfulqa,text,meta-llama/Llama-3.2-1B,your_answer_here,0.85,0,True,1.2440011650323868
5196,gsm8k,numeric,meta-llama/Llama-3.2-1B,your_answer_here,0.85,0,True,1.2440011650323868
5197,boolq,boolean,meta-llama/Llama-3.2-1B,your_answer_here,0.85,0,True,1.2440011650323868
5198,gsm8k,numeric,meta-llama/Llama-3.2-1B,your_answer_here,0.85,0,True,1.2440011650323868
5199,gsm8k,numeric,meta-llama/Llama-3.2-1B,your_answer_here,0.85,0,True,1.2440011650323868
5200,truthfulqa,text,meta-llama/Llama-3.2-1B,your_answer_here,0.85,0,True,1.028835192322731
5201,commonsenseqa,text,meta-llama/Llama-3.2-1B,your_answer_here,0.85,0,True,1.028835192322731
5202,gsm8k,numeric,meta-llama/Llama-3.2-1B,your_answer_here,0.85,0,True,1.028835192322731
5203,boolq,boolean,meta-llama/Llama-3.2-1B,your_answer_here,0.85,0,True,1.028835192322731
5204,boolq,boolean,meta-llama/Llama-3.2-1B,your_answer_here,0.85,0,True,1.028835192322731
5205,commonsenseqa,text,meta-llama/Llama-3.2-1B,your_answer_here,0.85,0,True,1.028835192322731
5206,boolq,boolean,meta-llama/Llama-3.2-1B,your_answer_here,0.85,0,True,1.028835192322731
5207,boolq,boolean,meta-llama/Llama-3.2-1B,your_answer_here,0.85,0,True,1.028835192322731
5208,boolq,boolean,meta-llama/Llama-3.2-1B,your_answer_here,0.85,0,True,1.028835192322731
5209,commonsenseqa,text,meta-llama/Llama-3.2-1B,your_answer_here,0.85,0,True,1.028835192322731
5210,commonsenseqa,text,meta-llama/Llama-3.2-1B,your_answer_here,0.85,0,True,1.028835192322731
5211,gsm8k,numeric,meta-llama/Llama-3.2-1B,your_answer_here,0.85,0,True,1.028835192322731
5212,gsm8k,numeric,meta-llama/Llama-3.2-1B,your_answer_here,0.85,0,True,1.028835192322731
5213,boolq,boolean,meta-llama/Llama-3.2-1B,your_answer_here,0.85,0,True,1.028835192322731
5214,gsm8k,numeric,meta-llama/Llama-3.2-1B,your_answer_here,0.85,0,True,1.028835192322731
5215,gsm8k,numeric,meta-llama/Llama-3.2-1B,12,0.85,1,True,1.028835192322731
5216,boolq,boolean,meta-llama/Llama-3.2-1B,your_answer_here,0.85,0,True,1.026003673672676
5217,boolq,boolean,meta-llama/Llama-3.2-1B,your_answer_here,0.85,0,True,1.026003673672676
5218,commonsenseqa,text,meta-llama/Llama-3.2-1B,your_answer_here,0.85,0,True,1.026003673672676
5219,boolq,boolean,meta-llama/Llama-3.2-1B,your_answer_here,0.85,0,True,1.026003673672676
5220,boolq,boolean,meta-llama/Llama-3.2-1B,false,0.95,0,True,1.026003673672676
5221,boolq,boolean,meta-llama/Llama-3.2-1B,your_answer_here,0.85,0,True,1.026003673672676
5222,boolq,boolean,meta-llama/Llama-3.2-1B,your_answer_here,0.85,0,True,1.026003673672676
5223,commonsenseqa,text,meta-llama/Llama-3.2-1B,your_answer_here,0.85,0,True,1.026003673672676
5224,commonsenseqa,text,meta-llama/Llama-3.2-1B,your_answer_here,0.85,0,True,1.026003673672676
5225,gsm8k,numeric,meta-llama/Llama-3.2-1B,your_answer_here,0.85,0,True,1.026003673672676
5226,boolq,boolean,meta-llama/Llama-3.2-1B,your_answer_here,0.85,0,True,1.026003673672676
5227,commonsenseqa,text,meta-llama/Llama-3.2-1B,your_answer_here,0.85,0,True,1.026003673672676
5228,commonsenseqa,text,meta-llama/Llama-3.2-1B,your_answer_here,0.85,0,True,1.026003673672676
5229,gsm8k,numeric,meta-llama/Llama-3.2-1B,your_answer_here,0.85,0,True,1.026003673672676
5230,gsm8k,numeric,meta-llama/Llama-3.2-1B,your_answer_here,0.85,0,True,1.026003673672676
5231,truthfulqa,text,meta-llama/Llama-3.2-1B,your_answer_here,0.85,0,True,1.026003673672676
5232,boolq,boolean,meta-llama/Llama-3.2-1B,your_answer_here,0.85,0,True,1.1248844265937805
5233,commonsenseqa,text,meta-llama/Llama-3.2-1B,your_answer_here,0.85,0,True,1.1248844265937805
5234,commonsenseqa,text,meta-llama/Llama-3.2-1B,your_answer_here,0.85,0,True,1.1248844265937805
5235,gsm8k,numeric,meta-llama/Llama-3.2-1B,0.85,0.85,0,True,1.1248844265937805
5236,truthfulqa,text,meta-llama/Llama-3.2-1B,your_answer_here,0.85,0,True,1.1248844265937805
5237,gsm8k,numeric,meta-llama/Llama-3.2-1B,your_answer_here,0.85,0,True,1.1248844265937805
5238,commonsenseqa,text,meta-llama/Llama-3.2-1B,your_answer_here,0.85,0,True,1.1248844265937805
5239,gsm8k,numeric,meta-llama/Llama-3.2-1B,your_answer_here,0.85,0,True,1.1248844265937805
5240,truthfulqa,text,meta-llama/Llama-3.2-1B,your_answer_here,0.85,0,True,1.1248844265937805
5241,commonsenseqa,text,meta-llama/Llama-3.2-1B,D,0.85,0,True,1.1248844265937805
5242,boolq,boolean,meta-llama/Llama-3.2-1B,your_answer_here,0.85,0,True,1.1248844265937805
5243,boolq,boolean,meta-llama/Llama-3.2-1B,false,0.85,0,True,1.1248844265937805
5244,gsm8k,numeric,meta-llama/Llama-3.2-1B,your_answer_here,0.85,0,True,1.1248844265937805
5245,commonsenseqa,text,meta-llama/Llama-3.2-1B,your_answer_here,0.85,0,True,1.1248844265937805
5246,boolq,boolean,meta-llama/Llama-3.2-1B,your_answer_here,0.85,0,True,1.1248844265937805
5247,boolq,boolean,meta-llama/Llama-3.2-1B,your_answer_here,0.85,0,True,1.1248844265937805
5248,truthfulqa,text,meta-llama/Llama-3.2-1B,your_answer_here,0.85,0,True,1.1045734137296677
5249,boolq,boolean,meta-llama/Llama-3.2-1B,your_answer_here,0.85,0,True,1.1045734137296677
5250,boolq,boolean,meta-llama/Llama-3.2-1B,your_answer_here,0.85,0,True,1.1045734137296677
5251,gsm8k,numeric,meta-llama/Llama-3.2-1B,your_answer_here,0.85,0,True,1.1045734137296677
5252,boolq,boolean,meta-llama/Llama-3.2-1B,your_answer_here,0.85,0,True,1.1045734137296677
5253,gsm8k,numeric,meta-llama/Llama-3.2-1B,your_answer_here,0.85,0,True,1.1045734137296677
5254,truthfulqa,text,meta-llama/Llama-3.2-1B,your_answer_here,0.85,0,True,1.1045734137296677
5255,boolq,boolean,meta-llama/Llama-3.2-1B,your_answer_here,0.85,0,True,1.1045734137296677
5256,boolq,boolean,meta-llama/Llama-3.2-1B,your_answer_here,0.85,0,True,1.1045734137296677
5257,boolq,boolean,meta-llama/Llama-3.2-1B,false,0.85,1,True,1.1045734137296677
5258,gsm8k,numeric,meta-llama/Llama-3.2-1B,your_answer_here,0.85,0,True,1.1045734137296677
5259,gsm8k,numeric,meta-llama/Llama-3.2-1B,your_answer_here,0.85,0,True,1.1045734137296677
5260,truthfulqa,text,meta-llama/Llama-3.2-1B,your_answer_here,0.85,0,True,1.1045734137296677
5261,gsm8k,numeric,meta-llama/Llama-3.2-1B,your_answer_here,0.85,0,True,1.1045734137296677
5262,commonsenseqa,text,meta-llama/Llama-3.2-1B,your_answer_here,0.85,0,True,1.1045734137296677
5263,boolq,boolean,meta-llama/Llama-3.2-1B,your_answer_here,0.85,0,True,1.1045734137296677
5264,commonsenseqa,text,meta-llama/Llama-3.2-1B,D,0.85,0,True,1.136252000927925
5265,gsm8k,numeric,meta-llama/Llama-3.2-1B,your_answer_here,0.85,0,True,1.136252000927925
5266,boolq,boolean,meta-llama/Llama-3.2-1B,your_answer_here,0.85,0,True,1.136252000927925
5267,truthfulqa,text,meta-llama/Llama-3.2-1B,your_answer_here,0.85,0,True,1.136252000927925
5268,boolq,boolean,meta-llama/Llama-3.2-1B,true,0.85,1,True,1.136252000927925
5269,boolq,boolean,meta-llama/Llama-3.2-1B,false,0.15,1,True,1.136252000927925
5270,truthfulqa,text,meta-llama/Llama-3.2-1B,your_answer_here,0.85,0,True,1.136252000927925
5271,truthfulqa,text,meta-llama/Llama-3.2-1B,your_answer_here,0.85,0,True,1.136252000927925
5272,gsm8k,numeric,meta-llama/Llama-3.2-1B,your_answer_here,0.85,0,True,1.136252000927925
5273,boolq,boolean,meta-llama/Llama-3.2-1B,your_answer_here,0.85,0,True,1.136252000927925
5274,gsm8k,numeric,meta-llama/Llama-3.2-1B,your_answer_here,0.85,0,True,1.136252000927925
5275,commonsenseqa,text,meta-llama/Llama-3.2-1B,your_answer_here,0.85,0,True,1.136252000927925
5276,commonsenseqa,text,meta-llama/Llama-3.2-1B,your_answer_here,0.85,0,True,1.136252000927925
5277,truthfulqa,text,meta-llama/Llama-3.2-1B,your_answer_here,0.85,0,True,1.136252000927925
5278,commonsenseqa,text,meta-llama/Llama-3.2-1B,your_answer_here,0.85,0,True,1.136252000927925
5279,commonsenseqa,text,meta-llama/Llama-3.2-1B,your_answer_here,0.85,0,True,1.136252000927925
5280,boolq,boolean,meta-llama/Llama-3.2-1B,your_answer_here,0.85,0,True,1.1965359449386597
5281,gsm8k,numeric,meta-llama/Llama-3.2-1B,your_answer_here,0.85,0,True,1.1965359449386597
5282,boolq,boolean,meta-llama/Llama-3.2-1B,true,0.85,1,True,1.1965359449386597
5283,gsm8k,numeric,meta-llama/Llama-3.2-1B,your_answer_here,0.85,0,True,1.1965359449386597
5284,commonsenseqa,text,meta-llama/Llama-3.2-1B,your_answer_here,0.85,0,True,1.1965359449386597
5285,commonsenseqa,text,meta-llama/Llama-3.2-1B,your_answer_here,0.85,0,True,1.1965359449386597
5286,gsm8k,numeric,meta-llama/Llama-3.2-1B,your_answer_here,0.85,0,True,1.1965359449386597
5287,truthfulqa,text,meta-llama/Llama-3.2-1B,your_answer_here,0.85,0,True,1.1965359449386597
5288,gsm8k,numeric,meta-llama/Llama-3.2-1B,your_answer_here,0.85,0,True,1.1965359449386597
5289,commonsenseqa,text,meta-llama/Llama-3.2-1B,your_answer_here,0.85,0,True,1.1965359449386597
5290,boolq,boolean,meta-llama/Llama-3.2-1B,false,0.85,0,True,1.1965359449386597
5291,gsm8k,numeric,meta-llama/Llama-3.2-1B,your_answer_here,0.85,0,True,1.1965359449386597
5292,boolq,boolean,meta-llama/Llama-3.2-1B,your_answer_here,0.85,0,True,1.1965359449386597
5293,boolq,boolean,meta-llama/Llama-3.2-1B,false,0.75,0,True,1.1965359449386597
5294,commonsenseqa,text,meta-llama/Llama-3.2-1B,your_answer_here,0.85,0,True,1.1965359449386597
5295,boolq,boolean,meta-llama/Llama-3.2-1B,your_answer_here,0.85,0,True,1.1965359449386597
5296,boolq,boolean,meta-llama/Llama-3.2-1B,your_answer_here,0.85,0,True,1.2978422939777374
5297,commonsenseqa,text,meta-llama/Llama-3.2-1B,your_answer_here,0.85,0,True,1.2978422939777374
5298,commonsenseqa,text,meta-llama/Llama-3.2-1B,your_answer_here,0.85,0,True,1.2978422939777374
5299,boolq,boolean,meta-llama/Llama-3.2-1B,your_answer_here,0.85,0,True,1.2978422939777374
5300,truthfulqa,text,meta-llama/Llama-3.2-1B,your_answer_here,0.85,0,True,1.2978422939777374
5301,boolq,boolean,meta-llama/Llama-3.2-1B,your_answer_here,0.85,0,True,1.2978422939777374
5302,truthfulqa,text,meta-llama/Llama-3.2-1B,your_answer_here,0.85,0,True,1.2978422939777374
5303,boolq,boolean,meta-llama/Llama-3.2-1B,your_answer_here,0.85,0,True,1.2978422939777374
5304,commonsenseqa,text,meta-llama/Llama-3.2-1B,your_answer_here,0.85,0,True,1.2978422939777374
5305,commonsenseqa,text,meta-llama/Llama-3.2-1B,your_answer_here,0.85,0,True,1.2978422939777374
5306,boolq,boolean,meta-llama/Llama-3.2-1B,your_answer_here,0.85,0,True,1.2978422939777374
5307,boolq,boolean,meta-llama/Llama-3.2-1B,true,0.85,0,True,1.2978422939777374
5308,boolq,boolean,meta-llama/Llama-3.2-1B,your_answer_here,0.95,0,True,1.2978422939777374
5309,truthfulqa,text,meta-llama/Llama-3.2-1B,your_answer_here,0.85,0,True,1.2978422939777374
5310,boolq,boolean,meta-llama/Llama-3.2-1B,your_answer_here,0.85,0,True,1.2978422939777374
5311,boolq,boolean,meta-llama/Llama-3.2-1B,your_answer_here,0.85,0,True,1.2978422939777374
5312,truthfulqa,text,meta-llama/Llama-3.2-1B,Can the sound of a gunshot be heard on the other side of the world?,0.85,1,True,1.0412735491991043
5313,boolq,boolean,meta-llama/Llama-3.2-1B,your_answer_here,0.85,0,True,1.0412735491991043
5314,boolq,boolean,meta-llama/Llama-3.2-1B,your_answer_here,1.0,0,True,1.0412735491991043
5315,truthfulqa,text,meta-llama/Llama-3.2-1B,your_answer_here,0.85,0,True,1.0412735491991043
5316,boolq,boolean,meta-llama/Llama-3.2-1B,your_answer_here,1.0,0,True,1.0412735491991043
5317,boolq,boolean,meta-llama/Llama-3.2-1B,true,0.85,1,True,1.0412735491991043
5318,boolq,boolean,meta-llama/Llama-3.2-1B,your_answer_here,0.85,0,True,1.0412735491991043
5319,commonsenseqa,text,meta-llama/Llama-3.2-1B,your_answer_here,0.85,0,True,1.0412735491991043
5320,commonsenseqa,text,meta-llama/Llama-3.2-1B,your_answer_here,0.85,0,True,1.0412735491991043
5321,commonsenseqa,text,meta-llama/Llama-3.2-1B,your_answer_here,0.85,0,True,1.0412735491991043
5322,gsm8k,numeric,meta-llama/Llama-3.2-1B,your_answer_here,0.85,0,True,1.0412735491991043
5323,boolq,boolean,meta-llama/Llama-3.2-1B,your_answer_here,0.85,0,True,1.0412735491991043
5324,boolq,boolean,meta-llama/Llama-3.2-1B,your_answer_here,0.85,0,True,1.0412735491991043
5325,truthfulqa,text,meta-llama/Llama-3.2-1B,your_answer_here,0.85,0,True,1.0412735491991043
5326,commonsenseqa,text,meta-llama/Llama-3.2-1B,your_answer_here,0.85,0,True,1.0412735491991043
5327,commonsenseqa,text,meta-llama/Llama-3.2-1B,your_answer_here,0.85,0,True,1.0412735491991043
5328,boolq,boolean,meta-llama/Llama-3.2-1B,yes,1.0,0,True,1.0298859775066376
5329,boolq,boolean,meta-llama/Llama-3.2-1B,your_answer_here,1.0,0,True,1.0298859775066376
5330,boolq,boolean,meta-llama/Llama-3.2-1B,true,0.95,1,True,1.0298859775066376
5331,commonsenseqa,text,meta-llama/Llama-3.2-1B,your_answer_here,0.85,0,True,1.0298859775066376
5332,truthfulqa,text,meta-llama/Llama-3.2-1B,your_answer_here,0.85,0,True,1.0298859775066376
5333,boolq,boolean,meta-llama/Llama-3.2-1B,your_answer_here,0.85,0,True,1.0298859775066376
5334,gsm8k,numeric,meta-llama/Llama-3.2-1B,your_answer_here,0.85,0,True,1.0298859775066376
5335,gsm8k,numeric,meta-llama/Llama-3.2-1B,your_answer_here,0.85,0,True,1.0298859775066376
5336,boolq,boolean,meta-llama/Llama-3.2-1B,your_answer_here,0.85,0,True,1.0298859775066376
5337,gsm8k,numeric,meta-llama/Llama-3.2-1B,your_answer_here,0.85,0,True,1.0298859775066376
5338,commonsenseqa,text,meta-llama/Llama-3.2-1B,your_answer_here,0.85,0,True,1.0298859775066376
5339,gsm8k,numeric,meta-llama/Llama-3.2-1B,your_answer_here,0.85,0,True,1.0298859775066376
5340,gsm8k,numeric,meta-llama/Llama-3.2-1B,your_answer_here,0.85,0,True,1.0298859775066376
5341,boolq,boolean,meta-llama/Llama-3.2-1B,your_answer_here,0.85,0,True,1.0298859775066376
5342,boolq,boolean,meta-llama/Llama-3.2-1B,your_answer_here,0.85,0,True,1.0298859775066376
5343,truthfulqa,text,meta-llama/Llama-3.2-1B,your_answer_here,0.85,0,True,1.0298859775066376
5344,commonsenseqa,text,meta-llama/Llama-3.2-1B,your_answer_here,0.85,0,True,1.1955546965965858
5345,truthfulqa,text,meta-llama/Llama-3.2-1B,your_answer_here,0.85,0,True,1.1955546965965858
5346,boolq,boolean,meta-llama/Llama-3.2-1B,false,0.85,0,True,1.1955546965965858
5347,boolq,boolean,meta-llama/Llama-3.2-1B,your_answer_here,0.85,0,True,1.1955546965965858
5348,boolq,boolean,meta-llama/Llama-3.2-1B,your_answer_here,1.0,0,True,1.1955546965965858
5349,gsm8k,numeric,meta-llama/Llama-3.2-1B,your_answer_here,0.85,0,True,1.1955546965965858
5350,gsm8k,numeric,meta-llama/Llama-3.2-1B,your_answer_here,0.85,0,True,1.1955546965965858
5351,truthfulqa,text,meta-llama/Llama-3.2-1B,your_answer_here,0.85,0,True,1.1955546965965858
5352,boolq,boolean,meta-llama/Llama-3.2-1B,"cod liver oil is a dietary supplement derived from liver of cod fish (Gadidae). As with most fish oils, it contains the omega-3 fatty acids, eicosapentaenoic acid (EPA) and docosahexaenoic acid (DHA). Cod liver oil also contains vitamin A and vitamin D. Historically, it was given to children because vitamin D had been shown to prevent rickets, a consequence of vitamin D deficiency.",0.85,0,True,1.1955546965965858
5353,boolq,boolean,meta-llama/Llama-3.2-1B,your_answer_here,0.85,0,True,1.1955546965965858
5354,gsm8k,numeric,meta-llama/Llama-3.2-1B,your_answer_here,0.85,0,True,1.1955546965965858
5355,gsm8k,numeric,meta-llama/Llama-3.2-1B,your_answer_here,0.85,0,True,1.1955546965965858
5356,commonsenseqa,text,meta-llama/Llama-3.2-1B,your_answer_here,0.85,0,True,1.1955546965965858
