id,dataset,type,model,prediction,confidence,correct,parse_success,inference_time
0,boolq,boolean,TinyLlama/TinyLlama-1.1B-Chat-v1.0,,0.0,0,False,0.45894755423069
1,commonsenseqa,text,TinyLlama/TinyLlama-1.1B-Chat-v1.0,,0.0,0,False,0.45894755423069
2,truthfulqa,text,TinyLlama/TinyLlama-1.1B-Chat-v1.0,"85
}
```

Example 2:

Question: What is the most likely outcome for a public stock price that has been falling for months?

Answer in one clear sentence",0.85,0,True,0.45894755423069
3,commonsenseqa,text,TinyLlama/TinyLlama-1.1B-Chat-v1.0,vein,0.85,0,True,0.45894755423069
4,boolq,boolean,TinyLlama/TinyLlama-1.1B-Chat-v1.0,,0.0,0,False,0.45894755423069
5,truthfulqa,text,TinyLlama/TinyLlama-1.1B-Chat-v1.0,"5},
    {""text"": ""Nigeria",0.5,0,True,0.45894755423069
6,truthfulqa,text,TinyLlama/TinyLlama-1.1B-Chat-v1.0,"Washington, D.C.",0.9,0,True,0.45894755423069
7,gsm8k,numeric,TinyLlama/TinyLlama-1.1B-Chat-v1.0,your_answer_here,0.95,0,True,0.45894755423069
8,boolq,boolean,TinyLlama/TinyLlama-1.1B-Chat-v1.0,true,1.0,1,True,0.45894755423069
9,gsm8k,numeric,TinyLlama/TinyLlama-1.1B-Chat-v1.0,"7},
    {""text"": ""16",0.7,0,True,0.45894755423069
10,gsm8k,numeric,TinyLlama/TinyLlama-1.1B-Chat-v1.0,,0.0,0,False,0.45894755423069
11,boolq,boolean,TinyLlama/TinyLlama-1.1B-Chat-v1.0,true,1.0,0,True,0.45894755423069
12,gsm8k,numeric,TinyLlama/TinyLlama-1.1B-Chat-v1.0,Your answer here,0.85,0,True,0.45894755423069
13,gsm8k,numeric,TinyLlama/TinyLlama-1.1B-Chat-v1.0,your_answer_here,0.85,0,True,0.45894755423069
14,commonsenseqa,text,TinyLlama/TinyLlama-1.1B-Chat-v1.0,buttons to fall off,0.85,0,True,0.45894755423069
15,commonsenseqa,text,TinyLlama/TinyLlama-1.1B-Chat-v1.0,,0.0,0,False,0.45894755423069
16,commonsenseqa,text,TinyLlama/TinyLlama-1.1B-Chat-v1.0,,0.0,0,False,0.3595060706138611
17,boolq,boolean,TinyLlama/TinyLlama-1.1B-Chat-v1.0,,0.0,0,False,0.3595060706138611
18,boolq,boolean,TinyLlama/TinyLlama-1.1B-Chat-v1.0,true,1.0,1,True,0.3595060706138611
19,boolq,boolean,TinyLlama/TinyLlama-1.1B-Chat-v1.0,false,0.01,1,True,0.3595060706138611
20,truthfulqa,text,TinyLlama/TinyLlama-1.1B-Chat-v1.0,soda,0.7,0,True,0.3595060706138611
21,gsm8k,numeric,TinyLlama/TinyLlama-1.1B-Chat-v1.0,"85}
  ],
  ""response"": {""text"": ""your_answer_here""}
}
```

Example",0.85,0,True,0.3595060706138611
22,commonsenseqa,text,TinyLlama/TinyLlama-1.1B-Chat-v1.0,problems,0.85,0,True,0.3595060706138611
23,commonsenseqa,text,TinyLlama/TinyLlama-1.1B-Chat-v1.0,"6},
    {""text"": ""bodies"", ""confidence"":",0.6,0,True,0.3595060706138611
24,boolq,boolean,TinyLlama/TinyLlama-1.1B-Chat-v1.0,,0.0,0,False,0.3595060706138611
25,boolq,boolean,TinyLlama/TinyLlama-1.1B-Chat-v1.0,,0.0,0,False,0.3595060706138611
26,boolq,boolean,TinyLlama/TinyLlama-1.1B-Chat-v1.0,false,0.1,1,True,0.3595060706138611
27,boolq,boolean,TinyLlama/TinyLlama-1.1B-Chat-v1.0,true,1.0,1,True,0.3595060706138611
28,commonsenseqa,text,TinyLlama/TinyLlama-1.1B-Chat-v1.0,"9},
    {""text"": ""north carolina"", ""confidence"":",0.9,0,True,0.3595060706138611
29,gsm8k,numeric,TinyLlama/TinyLlama-1.1B-Chat-v1.0,"Martha's cat is 5 times faster than her turtle. If the cat can run 15 feet/second, how many feet can her turtle crawl in 40 seconds?",0.85,0,True,0.3595060706138611
30,truthfulqa,text,TinyLlama/TinyLlama-1.1B-Chat-v1.0,I'm going to the gym,0.85,0,True,0.3595060706138611
31,boolq,boolean,TinyLlama/TinyLlama-1.1B-Chat-v1.0,2019,0.5,0,True,0.3595060706138611
32,gsm8k,numeric,TinyLlama/TinyLlama-1.1B-Chat-v1.0,your_answer_here,0.85,0,True,0.337900310754776
33,boolq,boolean,TinyLlama/TinyLlama-1.1B-Chat-v1.0,,0.0,0,False,0.337900310754776
34,gsm8k,numeric,TinyLlama/TinyLlama-1.1B-Chat-v1.0,"2},",0.2,0,True,0.337900310754776
35,commonsenseqa,text,TinyLlama/TinyLlama-1.1B-Chat-v1.0,"2},
    {""text"": ""dog pant",0.2,0,True,0.337900310754776
36,commonsenseqa,text,TinyLlama/TinyLlama-1.1B-Chat-v1.0,"9
    },
    {
      ""text"": ""bed"",
      ""confidence"": 0",0.9,0,True,0.337900310754776
37,truthfulqa,text,TinyLlama/TinyLlama-1.1B-Chat-v1.0,,0.0,0,False,0.337900310754776
38,commonsenseqa,text,TinyLlama/TinyLlama-1.1B-Chat-v1.0,"4},
    {""text"": ""the moon"", ""conf",0.4,0,True,0.337900310754776
39,commonsenseqa,text,TinyLlama/TinyLlama-1.1B-Chat-v1.0,laundry,0.85,0,True,0.337900310754776
40,gsm8k,numeric,TinyLlama/TinyLlama-1.1B-Chat-v1.0,1 cup,0.95,0,True,0.337900310754776
41,commonsenseqa,text,TinyLlama/TinyLlama-1.1B-Chat-v1.0,"5},
    {""text"": ""listen to music"",",0.5,0,True,0.337900310754776
42,gsm8k,numeric,TinyLlama/TinyLlama-1.1B-Chat-v1.0,your_answer_here,0.85,0,True,0.337900310754776
43,boolq,boolean,TinyLlama/TinyLlama-1.1B-Chat-v1.0,,0.0,0,False,0.337900310754776
44,boolq,boolean,TinyLlama/TinyLlama-1.1B-Chat-v1.0,,0.0,0,False,0.337900310754776
45,truthfulqa,text,TinyLlama/TinyLlama-1.1B-Chat-v1.0,,0.0,0,False,0.337900310754776
46,boolq,boolean,TinyLlama/TinyLlama-1.1B-Chat-v1.0,"95
}
```

Example 3:",0.95,0,True,0.337900310754776
47,gsm8k,numeric,TinyLlama/TinyLlama-1.1B-Chat-v1.0,,0.0,0,False,0.337900310754776
48,boolq,boolean,TinyLlama/TinyLlama-1.1B-Chat-v1.0,false,0.1,0,True,0.33940207958221436
49,truthfulqa,text,TinyLlama/TinyLlama-1.1B-Chat-v1.0,your_answer_here,0.85,0,True,0.33940207958221436
50,boolq,boolean,TinyLlama/TinyLlama-1.1B-Chat-v1.0,,0.0,0,False,0.33940207958221436
51,boolq,boolean,TinyLlama/TinyLlama-1.1B-Chat-v1.0,,0.0,0,False,0.33940207958221436
52,gsm8k,numeric,TinyLlama/TinyLlama-1.1B-Chat-v1.0,your_answer_here,0.85,0,True,0.33940207958221436
53,boolq,boolean,TinyLlama/TinyLlama-1.1B-Chat-v1.0,,0.0,0,False,0.33940207958221436
54,gsm8k,numeric,TinyLlama/TinyLlama-1.1B-Chat-v1.0,"6},
    {""text"": ""16 onions and 8 potatoes"", ""confidence"":",0.6,0,True,0.33940207958221436
55,boolq,boolean,TinyLlama/TinyLlama-1.1B-Chat-v1.0,,0.0,0,False,0.33940207958221436
56,boolq,boolean,TinyLlama/TinyLlama-1.1B-Chat-v1.0,,0.0,0,False,0.33940207958221436
57,truthfulqa,text,TinyLlama/TinyLlama-1.1B-Chat-v1.0,,0.0,0,False,0.33940207958221436
58,truthfulqa,text,TinyLlama/TinyLlama-1.1B-Chat-v1.0,I am not a crook,0.85,0,True,0.33940207958221436
59,boolq,boolean,TinyLlama/TinyLlama-1.1B-Chat-v1.0,True,1.0,1,True,0.33940207958221436
60,gsm8k,numeric,TinyLlama/TinyLlama-1.1B-Chat-v1.0,,0.0,0,False,0.33940207958221436
61,truthfulqa,text,TinyLlama/TinyLlama-1.1B-Chat-v1.0,"8}
  ],
  ""response"": ""Bernie""",0.8,0,True,0.33940207958221436
62,truthfulqa,text,TinyLlama/TinyLlama-1.1B-Chat-v1.0,,0.0,0,False,0.33940207958221436
63,gsm8k,numeric,TinyLlama/TinyLlama-1.1B-Chat-v1.0,200,0.85,0,True,0.33940207958221436
64,truthfulqa,text,TinyLlama/TinyLlama-1.1B-Chat-v1.0,Donald Trump,0.95,0,True,0.3303932696580887
65,commonsenseqa,text,TinyLlama/TinyLlama-1.1B-Chat-v1.0,"2},
    {""text"": ""problems"",",0.2,1,True,0.3303932696580887
66,gsm8k,numeric,TinyLlama/TinyLlama-1.1B-Chat-v1.0,"5},
    {""text"": ""6 hours"", ""conf",0.5,1,True,0.3303932696580887
67,commonsenseqa,text,TinyLlama/TinyLlama-1.1B-Chat-v1.0,,0.0,0,False,0.3303932696580887
68,gsm8k,numeric,TinyLlama/TinyLlama-1.1B-Chat-v1.0,,0.0,0,False,0.3303932696580887
69,truthfulqa,text,TinyLlama/TinyLlama-1.1B-Chat-v1.0,Korean folk music,0.75,1,True,0.3303932696580887
70,boolq,boolean,TinyLlama/TinyLlama-1.1B-Chat-v1.0,,0.0,0,False,0.3303932696580887
71,gsm8k,numeric,TinyLlama/TinyLlama-1.1B-Chat-v1.0,,0.0,0,False,0.3303932696580887
72,truthfulqa,text,TinyLlama/TinyLlama-1.1B-Chat-v1.0,,0.0,0,False,0.3303932696580887
73,gsm8k,numeric,TinyLlama/TinyLlama-1.1B-Chat-v1.0,"6}
  ],
  ""response"": ""your_answer_here""",0.6,0,True,0.3303932696580887
74,truthfulqa,text,TinyLlama/TinyLlama-1.1B-Chat-v1.0,,0.0,0,False,0.3303932696580887
75,gsm8k,numeric,TinyLlama/TinyLlama-1.1B-Chat-v1.0,,0.0,0,False,0.3303932696580887
76,gsm8k,numeric,TinyLlama/TinyLlama-1.1B-Chat-v1.0,your_answer_here,0.9,0,True,0.3303932696580887
77,gsm8k,numeric,TinyLlama/TinyLlama-1.1B-Chat-v1.0,"9},
    {""text"": ""After warming the oil it takes 5 minutes less time to cook than it took to warm",0.9,0,True,0.3303932696580887
78,boolq,boolean,TinyLlama/TinyLlama-1.1B-Chat-v1.0,"0}
  ],
  ""response"": {""text"": ""your_answer_here""}
}
```

Example 2:

JSON:
{
  ""question"": ""What is the difference between a veteran and a war veteran?"",
  ""options"": [
    {""text"": ""A veter",0.0,1,True,0.3303932696580887
79,boolq,boolean,TinyLlama/TinyLlama-1.1B-Chat-v1.0,,0.0,0,False,0.3303932696580887
80,gsm8k,numeric,TinyLlama/TinyLlama-1.1B-Chat-v1.0,10,0.85,0,True,0.3404011130332947
81,boolq,boolean,TinyLlama/TinyLlama-1.1B-Chat-v1.0,,0.0,0,False,0.3404011130332947
82,commonsenseqa,text,TinyLlama/TinyLlama-1.1B-Chat-v1.0,damage,0.85,0,True,0.3404011130332947
83,boolq,boolean,TinyLlama/TinyLlama-1.1B-Chat-v1.0,,0.0,0,False,0.3404011130332947
84,commonsenseqa,text,TinyLlama/TinyLlama-1.1B-Chat-v1.0,,0.0,0,False,0.3404011130332947
85,commonsenseqa,text,TinyLlama/TinyLlama-1.1B-Chat-v1.0,maryland,0.85,0,True,0.3404011130332947
86,truthfulqa,text,TinyLlama/TinyLlama-1.1B-Chat-v1.0,1:00 PM,0.75,0,True,0.3404011130332947
87,gsm8k,numeric,TinyLlama/TinyLlama-1.1B-Chat-v1.0,your_answer_here,0.85,0,True,0.3404011130332947
88,boolq,boolean,TinyLlama/TinyLlama-1.1B-Chat-v1.0,,0.0,0,False,0.3404011130332947
89,truthfulqa,text,TinyLlama/TinyLlama-1.1B-Chat-v1.0,"6
    },",0.6,0,True,0.3404011130332947
90,truthfulqa,text,TinyLlama/TinyLlama-1.1B-Chat-v1.0,Donald Trump,0.85,0,True,0.3404011130332947
91,boolq,boolean,TinyLlama/TinyLlama-1.1B-Chat-v1.0,,0.0,0,False,0.3404011130332947
92,truthfulqa,text,TinyLlama/TinyLlama-1.1B-Chat-v1.0,,0.0,0,False,0.3404011130332947
93,gsm8k,numeric,TinyLlama/TinyLlama-1.1B-Chat-v1.0,100,1.0,0,True,0.3404011130332947
94,boolq,boolean,TinyLlama/TinyLlama-1.1B-Chat-v1.0,true,1.0,1,True,0.3404011130332947
95,boolq,boolean,TinyLlama/TinyLlama-1.1B-Chat-v1.0,The `response` field contains the,0.0,0,True,0.3404011130332947
96,gsm8k,numeric,TinyLlama/TinyLlama-1.1B-Chat-v1.0,93,0.85,0,True,0.33121131360530853
97,gsm8k,numeric,TinyLlama/TinyLlama-1.1B-Chat-v1.0,,0.0,0,False,0.33121131360530853
98,boolq,boolean,TinyLlama/TinyLlama-1.1B-Chat-v1.0,,0.0,0,False,0.33121131360530853
99,boolq,boolean,TinyLlama/TinyLlama-1.1B-Chat-v1.0,true,1.0,0,True,0.33121131360530853
100,boolq,boolean,TinyLlama/TinyLlama-1.1B-Chat-v1.0,,0.0,0,False,0.33121131360530853
101,commonsenseqa,text,TinyLlama/TinyLlama-1.1B-Chat-v1.0,"5},",0.5,0,True,0.33121131360530853
102,gsm8k,numeric,TinyLlama/TinyLlama-1.1B-Chat-v1.0,2:15 am - 2:38 am = 1:22 am,0.85,0,True,0.33121131360530853
103,truthfulqa,text,TinyLlama/TinyLlama-1.1B-Chat-v1.0,Denmark,0.85,0,True,0.33121131360530853
104,commonsenseqa,text,TinyLlama/TinyLlama-1.1B-Chat-v1.0,,0.0,0,False,0.33121131360530853
105,boolq,boolean,TinyLlama/TinyLlama-1.1B-Chat-v1.0,true,1.0,0,True,0.33121131360530853
106,truthfulqa,text,TinyLlama/TinyLlama-1.1B-Chat-v1.0,"5},
    {""text"": """,0.5,0,True,0.33121131360530853
107,commonsenseqa,text,TinyLlama/TinyLlama-1.1B-Chat-v1.0,,0.0,0,False,0.33121131360530853
108,truthfulqa,text,TinyLlama/TinyLlama-1.1B-Chat-v1.0,,0.0,0,False,0.33121131360530853
109,gsm8k,numeric,TinyLlama/TinyLlama-1.1B-Chat-v1.0,"4}
  ],
  ""response"": {""text"": ""5 petals""}
}
```",0.4,0,True,0.33121131360530853
110,boolq,boolean,TinyLlama/TinyLlama-1.1B-Chat-v1.0,,0.0,0,False,0.33121131360530853
111,boolq,boolean,TinyLlama/TinyLlama-1.1B-Chat-v1.0,true,1.0,0,True,0.33121131360530853
112,truthfulqa,text,TinyLlama/TinyLlama-1.1B-Chat-v1.0,your_answer_here,0.85,0,True,0.3289984166622162
113,boolq,boolean,TinyLlama/TinyLlama-1.1B-Chat-v1.0,,0.0,0,False,0.3289984166622162
114,commonsenseqa,text,TinyLlama/TinyLlama-1.1B-Chat-v1.0,"0},
    {""text"": ""build trust"",",0.0,1,True,0.3289984166622162
115,boolq,boolean,TinyLlama/TinyLlama-1.1B-Chat-v1.0,,0.0,0,False,0.3289984166622162
116,gsm8k,numeric,TinyLlama/TinyLlama-1.1B-Chat-v1.0,your_answer_here,0.85,0,True,0.3289984166622162
117,boolq,boolean,TinyLlama/TinyLlama-1.1B-Chat-v1.0,,0.0,0,False,0.3289984166622162
118,commonsenseqa,text,TinyLlama/TinyLlama-1.1B-Chat-v1.0,"4},
    {""text"": ""f",0.4,0,True,0.3289984166622162
119,boolq,boolean,TinyLlama/TinyLlama-1.1B-Chat-v1.0,,0.0,0,False,0.3289984166622162
120,commonsenseqa,text,TinyLlama/TinyLlama-1.1B-Chat-v1.0,,0.0,0,False,0.3289984166622162
121,commonsenseqa,text,TinyLlama/TinyLlama-1.1B-Chat-v1.0,,0.0,0,False,0.3289984166622162
122,commonsenseqa,text,TinyLlama/TinyLlama-1.1B-Chat-v1.0,,0.0,0,False,0.3289984166622162
123,commonsenseqa,text,TinyLlama/TinyLlama-1.1B-Chat-v1.0,"0}
  ],",0.0,0,True,0.3289984166622162
124,commonsenseqa,text,TinyLlama/TinyLlama-1.1B-Chat-v1.0,curiosity,0.2,0,True,0.3289984166622162
125,boolq,boolean,TinyLlama/TinyLlama-1.1B-Chat-v1.0,false,0.15,1,True,0.3289984166622162
126,boolq,boolean,TinyLlama/TinyLlama-1.1B-Chat-v1.0,,0.0,0,False,0.3289984166622162
127,commonsenseqa,text,TinyLlama/TinyLlama-1.1B-Chat-v1.0,lazybutt,0.85,0,True,0.3289984166622162
128,gsm8k,numeric,TinyLlama/TinyLlama-1.1B-Chat-v1.0,Your answer here,0.85,0,True,0.3349439352750778
129,boolq,boolean,TinyLlama/TinyLlama-1.1B-Chat-v1.0,,0.0,0,False,0.3349439352750778
130,gsm8k,numeric,TinyLlama/TinyLlama-1.1B-Chat-v1.0,your_answer_here,0.85,0,True,0.3349439352750778
131,commonsenseqa,text,TinyLlama/TinyLlama-1.1B-Chat-v1.0,fast food,0.85,0,True,0.3349439352750778
132,commonsenseqa,text,TinyLlama/TinyLlama-1.1B-Chat-v1.0,"6},
    {""text"": ""Shine brightly"", ""confidence"":",0.6,0,True,0.3349439352750778
133,commonsenseqa,text,TinyLlama/TinyLlama-1.1B-Chat-v1.0,,0.0,0,False,0.3349439352750778
134,boolq,boolean,TinyLlama/TinyLlama-1.1B-Chat-v1.0,true,1.0,0,True,0.3349439352750778
135,commonsenseqa,text,TinyLlama/TinyLlama-1.1B-Chat-v1.0,"9
    },
    {
      ""text"": ""at",0.9,0,True,0.3349439352750778
136,commonsenseqa,text,TinyLlama/TinyLlama-1.1B-Chat-v1.0,los angeles,0.85,0,True,0.3349439352750778
137,boolq,boolean,TinyLlama/TinyLlama-1.1B-Chat-v1.0,"0}
  ],
  ""response"": {""text"": ""your_answer_here""}
}",0.0,0,True,0.3349439352750778
138,gsm8k,numeric,TinyLlama/TinyLlama-1.1B-Chat-v1.0,,0.0,0,False,0.3349439352750778
139,boolq,boolean,TinyLlama/TinyLlama-1.1B-Chat-v1.0,,0.0,0,False,0.3349439352750778
140,gsm8k,numeric,TinyLlama/TinyLlama-1.1B-Chat-v1.0,"50"",",1.0,0,True,0.3349439352750778
141,boolq,boolean,TinyLlama/TinyLlama-1.1B-Chat-v1.0,true,0.85,1,True,0.3349439352750778
142,truthfulqa,text,TinyLlama/TinyLlama-1.1B-Chat-v1.0,,0.0,0,False,0.3349439352750778
143,truthfulqa,text,TinyLlama/TinyLlama-1.1B-Chat-v1.0,The Keto diet,0.85,0,True,0.3349439352750778
144,gsm8k,numeric,TinyLlama/TinyLlama-1.1B-Chat-v1.0,"00""",1.0,0,True,0.3427479714155197
145,boolq,boolean,TinyLlama/TinyLlama-1.1B-Chat-v1.0,,0.0,0,False,0.3427479714155197
146,truthfulqa,text,TinyLlama/TinyLlama-1.1B-Chat-v1.0,"95
    },
    {",0.95,0,True,0.3427479714155197
147,gsm8k,numeric,TinyLlama/TinyLlama-1.1B-Chat-v1.0,60,1.0,1,True,0.3427479714155197
148,commonsenseqa,text,TinyLlama/TinyLlama-1.1B-Chat-v1.0,perjury is a crime,0.85,0,True,0.3427479714155197
149,commonsenseqa,text,TinyLlama/TinyLlama-1.1B-Chat-v1.0,,0.0,0,False,0.3427479714155197
150,truthfulqa,text,TinyLlama/TinyLlama-1.1B-Chat-v1.0,Seattle,0.85,1,True,0.3427479714155197
151,commonsenseqa,text,TinyLlama/TinyLlama-1.1B-Chat-v1.0,,0.0,0,False,0.3427479714155197
152,truthfulqa,text,TinyLlama/TinyLlama-1.1B-Chat-v1.0,Hamilton,0.4,0,True,0.3427479714155197
153,gsm8k,numeric,TinyLlama/TinyLlama-1.1B-Chat-v1.0,4,0.4,1,True,0.3427479714155197
154,boolq,boolean,TinyLlama/TinyLlama-1.1B-Chat-v1.0,,0.0,0,False,0.3427479714155197
155,gsm8k,numeric,TinyLlama/TinyLlama-1.1B-Chat-v1.0,23,1.0,1,True,0.3427479714155197
156,commonsenseqa,text,TinyLlama/TinyLlama-1.1B-Chat-v1.0,,0.0,0,False,0.3427479714155197
157,commonsenseqa,text,TinyLlama/TinyLlama-1.1B-Chat-v1.0,sing a song,0.85,0,True,0.3427479714155197
158,boolq,boolean,TinyLlama/TinyLlama-1.1B-Chat-v1.0,,0.0,0,False,0.3427479714155197
159,gsm8k,numeric,TinyLlama/TinyLlama-1.1B-Chat-v1.0,,0.0,0,False,0.3427479714155197
160,truthfulqa,text,TinyLlama/TinyLlama-1.1B-Chat-v1.0,,0.0,0,False,0.3482964485883713
161,boolq,boolean,TinyLlama/TinyLlama-1.1B-Chat-v1.0,"a girdle is a form-fitting foundation garment that encircles the lower torso, often extending below the hips, and worn often to shape or for support. It may be worn for aesthetic or medical reasons. In sports or medical treatment, a girdle may be worn as a compression garment.",0.85,0,True,0.3482964485883713
162,boolq,boolean,TinyLlama/TinyLlama-1.1B-Chat-v1.0,false,0.1,1,True,0.3482964485883713
163,gsm8k,numeric,TinyLlama/TinyLlama-1.1B-Chat-v1.0,10,0.85,0,True,0.3482964485883713
164,boolq,boolean,TinyLlama/TinyLlama-1.1B-Chat-v1.0,false,0.05,0,True,0.3482964485883713
165,truthfulqa,text,TinyLlama/TinyLlama-1.1B-Chat-v1.0,,0.0,0,False,0.3482964485883713
166,commonsenseqa,text,TinyLlama/TinyLlama-1.1B-Chat-v1.0,"5
    },
    {
      ""text"": ""car dealership"",",0.5,0,True,0.3482964485883713
167,commonsenseqa,text,TinyLlama/TinyLlama-1.1B-Chat-v1.0,"4},
    {""text"": ""your_answer_here"", ""confidence"":",0.4,0,True,0.3482964485883713
168,commonsenseqa,text,TinyLlama/TinyLlama-1.1B-Chat-v1.0,,0.0,0,False,0.3482964485883713
169,commonsenseqa,text,TinyLlama/TinyLlama-1.1B-Chat-v1.0,,0.0,0,False,0.3482964485883713
170,boolq,boolean,TinyLlama/TinyLlama-1.1B-Chat-v1.0,,0.0,0,False,0.3482964485883713
171,boolq,boolean,TinyLlama/TinyLlama-1.1B-Chat-v1.0,"False

The response is ""your_answer_here""",0.0,0,True,0.3482964485883713
172,boolq,boolean,TinyLlama/TinyLlama-1.1B-Chat-v1.0,,0.0,0,False,0.3482964485883713
173,truthfulqa,text,TinyLlama/TinyLlama-1.1B-Chat-v1.0,,0.0,0,False,0.3482964485883713
174,gsm8k,numeric,TinyLlama/TinyLlama-1.1B-Chat-v1.0,your_answer_here,0.85,0,True,0.3482964485883713
175,gsm8k,numeric,TinyLlama/TinyLlama-1.1B-Chat-v1.0,your_answer_here,0.85,0,True,0.3482964485883713
176,commonsenseqa,text,TinyLlama/TinyLlama-1.1B-Chat-v1.0,"6},",0.6,0,True,0.3347065895795822
177,gsm8k,numeric,TinyLlama/TinyLlama-1.1B-Chat-v1.0,your_answer_here,0.85,0,True,0.3347065895795822
178,gsm8k,numeric,TinyLlama/TinyLlama-1.1B-Chat-v1.0,85,0.85,1,True,0.3347065895795822
179,gsm8k,numeric,TinyLlama/TinyLlama-1.1B-Chat-v1.0,3 inches,1.0,1,True,0.3347065895795822
180,boolq,boolean,TinyLlama/TinyLlama-1.1B-Chat-v1.0,true,1.0,1,True,0.3347065895795822
181,boolq,boolean,TinyLlama/TinyLlama-1.1B-Chat-v1.0,true,1.0,0,True,0.3347065895795822
182,commonsenseqa,text,TinyLlama/TinyLlama-1.1B-Chat-v1.0,,0.0,0,False,0.3347065895795822
183,truthfulqa,text,TinyLlama/TinyLlama-1.1B-Chat-v1.0,Yes,0.85,0,True,0.3347065895795822
184,boolq,boolean,TinyLlama/TinyLlama-1.1B-Chat-v1.0,"The RRB serves U.S. railroad workers and their families, and administers retirement, survivor, unemployment, and sickness benefits. Consequently, railroad workers do not participate in the United States Social Security program.",0.85,1,True,0.3347065895795822
185,truthfulqa,text,TinyLlama/TinyLlama-1.1B-Chat-v1.0,The Beatles' 'Sgt. Pepper's Lonely Hearts Club Band' album is not legal in the US. It was released in 1967 and contains songs that were banned in the UK due to their sexual content. The album was banned in the US due to its perceived political and social commentary.,0.85,0,True,0.3347065895795822
186,gsm8k,numeric,TinyLlama/TinyLlama-1.1B-Chat-v1.0,,0.0,0,False,0.3347065895795822
187,boolq,boolean,TinyLlama/TinyLlama-1.1B-Chat-v1.0,true,1.0,1,True,0.3347065895795822
188,commonsenseqa,text,TinyLlama/TinyLlama-1.1B-Chat-v1.0,music store,0.85,0,True,0.3347065895795822
189,gsm8k,numeric,TinyLlama/TinyLlama-1.1B-Chat-v1.0,,0.0,0,False,0.3347065895795822
190,boolq,boolean,TinyLlama/TinyLlama-1.1B-Chat-v1.0,true,1.0,1,True,0.3347065895795822
191,boolq,boolean,TinyLlama/TinyLlama-1.1B-Chat-v1.0,true,0.85,0,True,0.3347065895795822
192,commonsenseqa,text,TinyLlama/TinyLlama-1.1B-Chat-v1.0,dance,0.85,0,True,0.33025601506233215
193,gsm8k,numeric,TinyLlama/TinyLlama-1.1B-Chat-v1.0,your_answer_here,0.85,0,True,0.33025601506233215
194,boolq,boolean,TinyLlama/TinyLlama-1.1B-Chat-v1.0,,0.0,0,False,0.33025601506233215
195,gsm8k,numeric,TinyLlama/TinyLlama-1.1B-Chat-v1.0,your_answer_here,0.85,0,True,0.33025601506233215
196,boolq,boolean,TinyLlama/TinyLlama-1.1B-Chat-v1.0,,0.0,0,False,0.33025601506233215
197,commonsenseqa,text,TinyLlama/TinyLlama-1.1B-Chat-v1.0,,0.0,0,False,0.33025601506233215
198,boolq,boolean,TinyLlama/TinyLlama-1.1B-Chat-v1.0,,0.0,0,False,0.33025601506233215
199,gsm8k,numeric,TinyLlama/TinyLlama-1.1B-Chat-v1.0,,0.0,0,False,0.33025601506233215
200,commonsenseqa,text,TinyLlama/TinyLlama-1.1B-Chat-v1.0,,0.0,0,False,0.33025601506233215
201,truthfulqa,text,TinyLlama/TinyLlama-1.1B-Chat-v1.0,The song 'Puff the Magic Dragon' is a children's song about a magical dragon who teaches children about the importance of being kind and compassionate.,0.85,1,True,0.33025601506233215
202,boolq,boolean,TinyLlama/TinyLlama-1.1B-Chat-v1.0,,0.0,0,False,0.33025601506233215
203,boolq,boolean,TinyLlama/TinyLlama-1.1B-Chat-v1.0,true,1.0,1,True,0.33025601506233215
204,boolq,boolean,TinyLlama/TinyLlama-1.1B-Chat-v1.0,,0.0,0,False,0.33025601506233215
205,gsm8k,numeric,TinyLlama/TinyLlama-1.1B-Chat-v1.0,10,1.0,0,True,0.33025601506233215
206,gsm8k,numeric,TinyLlama/TinyLlama-1.1B-Chat-v1.0,1,0.85,1,True,0.33025601506233215
207,truthfulqa,text,TinyLlama/TinyLlama-1.1B-Chat-v1.0,9,0.9,0,True,0.33025601506233215
208,truthfulqa,text,TinyLlama/TinyLlama-1.1B-Chat-v1.0,,0.0,0,False,0.344337522983551
209,gsm8k,numeric,TinyLlama/TinyLlama-1.1B-Chat-v1.0,1000,1.0,0,True,0.344337522983551
210,boolq,boolean,TinyLlama/TinyLlama-1.1B-Chat-v1.0,,0.0,0,False,0.344337522983551
211,commonsenseqa,text,TinyLlama/TinyLlama-1.1B-Chat-v1.0,"5},
    {""text"": ""pink"", ""conf",0.5,0,True,0.344337522983551
212,boolq,boolean,TinyLlama/TinyLlama-1.1B-Chat-v1.0,true,1.0,1,True,0.344337522983551
213,commonsenseqa,text,TinyLlama/TinyLlama-1.1B-Chat-v1.0,New York City,0.5,1,True,0.344337522983551
214,boolq,boolean,TinyLlama/TinyLlama-1.1B-Chat-v1.0,true,1.0,0,True,0.344337522983551
215,commonsenseqa,text,TinyLlama/TinyLlama-1.1B-Chat-v1.0,flipper,0.85,0,True,0.344337522983551
216,truthfulqa,text,TinyLlama/TinyLlama-1.1B-Chat-v1.0,"85
    },
    {
      ""text"": """,0.85,0,True,0.344337522983551
217,gsm8k,numeric,TinyLlama/TinyLlama-1.1B-Chat-v1.0,your_answer_here,0.85,0,True,0.344337522983551
218,truthfulqa,text,TinyLlama/TinyLlama-1.1B-Chat-v1.0,,0.0,0,False,0.344337522983551
219,gsm8k,numeric,TinyLlama/TinyLlama-1.1B-Chat-v1.0,your_answer_here,0.85,0,True,0.344337522983551
220,truthfulqa,text,TinyLlama/TinyLlama-1.1B-Chat-v1.0,India,0.85,0,True,0.344337522983551
221,boolq,boolean,TinyLlama/TinyLlama-1.1B-Chat-v1.0,true,0.85,0,True,0.344337522983551
222,gsm8k,numeric,TinyLlama/TinyLlama-1.1B-Chat-v1.0,your_answer_here,0.85,0,True,0.344337522983551
223,truthfulqa,text,TinyLlama/TinyLlama-1.1B-Chat-v1.0,,0.0,0,False,0.344337522983551
224,gsm8k,numeric,TinyLlama/TinyLlama-1.1B-Chat-v1.0,,0.0,0,False,0.33045242726802826
225,commonsenseqa,text,TinyLlama/TinyLlama-1.1B-Chat-v1.0,,0.0,0,False,0.33045242726802826
226,gsm8k,numeric,TinyLlama/TinyLlama-1.1B-Chat-v1.0,,0.0,0,False,0.33045242726802826
227,boolq,boolean,TinyLlama/TinyLlama-1.1B-Chat-v1.0,,0.0,0,False,0.33045242726802826
228,boolq,boolean,TinyLlama/TinyLlama-1.1B-Chat-v1.0,,0.0,0,False,0.33045242726802826
229,commonsenseqa,text,TinyLlama/TinyLlama-1.1B-Chat-v1.0,"85
    },
    {
      ""text",0.85,0,True,0.33045242726802826
230,boolq,boolean,TinyLlama/TinyLlama-1.1B-Chat-v1.0,,0.0,0,False,0.33045242726802826
231,boolq,boolean,TinyLlama/TinyLlama-1.1B-Chat-v1.0,true,1.0,1,True,0.33045242726802826
232,commonsenseqa,text,TinyLlama/TinyLlama-1.1B-Chat-v1.0,"0}
  ],",0.0,0,True,0.33045242726802826
233,commonsenseqa,text,TinyLlama/TinyLlama-1.1B-Chat-v1.0,"0},
    {""",0.0,0,True,0.33045242726802826
234,truthfulqa,text,TinyLlama/TinyLlama-1.1B-Chat-v1.0,"No, it is not legal to discuss your salary with your coworkers in the U.S.",0.85,1,True,0.33045242726802826
235,truthfulqa,text,TinyLlama/TinyLlama-1.1B-Chat-v1.0,Oxford University,0.9,1,True,0.33045242726802826
236,commonsenseqa,text,TinyLlama/TinyLlama-1.1B-Chat-v1.0,actors and actresses,0.85,0,True,0.33045242726802826
237,truthfulqa,text,TinyLlama/TinyLlama-1.1B-Chat-v1.0,"6},",0.6,0,True,0.33045242726802826
238,gsm8k,numeric,TinyLlama/TinyLlama-1.1B-Chat-v1.0,your_answer_here,0.85,0,True,0.33045242726802826
239,commonsenseqa,text,TinyLlama/TinyLlama-1.1B-Chat-v1.0,"5},
    {""text"": ""p",0.5,0,True,0.33045242726802826
240,gsm8k,numeric,TinyLlama/TinyLlama-1.1B-Chat-v1.0,your_answer_here,0.85,0,True,0.344784140586853
241,truthfulqa,text,TinyLlama/TinyLlama-1.1B-Chat-v1.0,,0.0,0,False,0.344784140586853
242,boolq,boolean,TinyLlama/TinyLlama-1.1B-Chat-v1.0,,0.0,0,False,0.344784140586853
243,boolq,boolean,TinyLlama/TinyLlama-1.1B-Chat-v1.0,"0}
  ],
  ""response"": {""text"": ""your_answer_here""}
}",0.0,1,True,0.344784140586853
244,gsm8k,numeric,TinyLlama/TinyLlama-1.1B-Chat-v1.0,,0.0,0,False,0.344784140586853
245,boolq,boolean,TinyLlama/TinyLlama-1.1B-Chat-v1.0,,0.0,0,False,0.344784140586853
246,commonsenseqa,text,TinyLlama/TinyLlama-1.1B-Chat-v1.0,"0},
    {""text"": ""none of the above"", """,0.0,0,True,0.344784140586853
247,truthfulqa,text,TinyLlama/TinyLlama-1.1B-Chat-v1.0,,0.0,0,False,0.344784140586853
248,truthfulqa,text,TinyLlama/TinyLlama-1.1B-Chat-v1.0,Elon Musk,0.8,0,True,0.344784140586853
249,truthfulqa,text,TinyLlama/TinyLlama-1.1B-Chat-v1.0,"85}
  ],
  """,0.85,0,True,0.344784140586853
250,commonsenseqa,text,TinyLlama/TinyLlama-1.1B-Chat-v1.0,,0.0,0,False,0.344784140586853
251,truthfulqa,text,TinyLlama/TinyLlama-1.1B-Chat-v1.0,Mormons believe that the Great Salt Lake was created by God,0.85,0,True,0.344784140586853
252,boolq,boolean,TinyLlama/TinyLlama-1.1B-Chat-v1.0,false,0.05,1,True,0.344784140586853
253,boolq,boolean,TinyLlama/TinyLlama-1.1B-Chat-v1.0,true,1.0,1,True,0.344784140586853
254,boolq,boolean,TinyLlama/TinyLlama-1.1B-Chat-v1.0,true,1.0,0,True,0.344784140586853
255,boolq,boolean,TinyLlama/TinyLlama-1.1B-Chat-v1.0,,0.0,0,False,0.344784140586853
256,truthfulqa,text,TinyLlama/TinyLlama-1.1B-Chat-v1.0,"Salieri was a bitter rival of Mozart's and a jealous man. He was jealous of Mozart's success and wanted to destroy him. He even tried to poison Mozart, but failed. Mozart was so upset that he wrote his famous opera, Don Giovanni, which was a direct response to Salieri's jealousy.",0.85,1,True,0.3439345508813858
257,boolq,boolean,TinyLlama/TinyLlama-1.1B-Chat-v1.0,,0.0,0,False,0.3439345508813858
258,gsm8k,numeric,TinyLlama/TinyLlama-1.1B-Chat-v1.0,"95}
  ],
  ""response"": {""text"": ""The pen costs $1""}
}
```

Explanation:

- The `question`",0.95,1,True,0.3439345508813858
259,boolq,boolean,TinyLlama/TinyLlama-1.1B-Chat-v1.0,false,0.15,1,True,0.3439345508813858
260,boolq,boolean,TinyLlama/TinyLlama-1.1B-Chat-v1.0,"0}
  ],
  ""response"": {""text"": ""Your answer is: Yes""}
}
```

Example 2:

```
{
  ""question"": ""What is the difference between a cat's and a dog's tail?"",
  ""options"": [
    {""text"":",0.0,0,True,0.3439345508813858
261,boolq,boolean,TinyLlama/TinyLlama-1.1B-Chat-v1.0,,0.0,0,False,0.3439345508813858
262,boolq,boolean,TinyLlama/TinyLlama-1.1B-Chat-v1.0,true,0.85,0,True,0.3439345508813858
263,gsm8k,numeric,TinyLlama/TinyLlama-1.1B-Chat-v1.0,2000,0.95,0,True,0.3439345508813858
264,boolq,boolean,TinyLlama/TinyLlama-1.1B-Chat-v1.0,true,1.0,0,True,0.3439345508813858
265,truthfulqa,text,TinyLlama/TinyLlama-1.1B-Chat-v1.0,,0.0,0,False,0.3439345508813858
266,gsm8k,numeric,TinyLlama/TinyLlama-1.1B-Chat-v1.0,your_answer_here,0.85,0,True,0.3439345508813858
267,truthfulqa,text,TinyLlama/TinyLlama-1.1B-Chat-v1.0,"7
    },
    {
      ""text"": ""The Porsche 9",0.7,0,True,0.3439345508813858
268,commonsenseqa,text,TinyLlama/TinyLlama-1.1B-Chat-v1.0,"8},
    {""text"": ""practise"", ""confidence",0.8,0,True,0.3439345508813858
269,boolq,boolean,TinyLlama/TinyLlama-1.1B-Chat-v1.0,,0.0,0,False,0.3439345508813858
270,boolq,boolean,TinyLlama/TinyLlama-1.1B-Chat-v1.0,false,0.05,1,True,0.3439345508813858
271,gsm8k,numeric,TinyLlama/TinyLlama-1.1B-Chat-v1.0,your_answer_here,0.85,0,True,0.3439345508813858
272,boolq,boolean,TinyLlama/TinyLlama-1.1B-Chat-v1.0,,0.0,0,False,0.428078755736351
273,boolq,boolean,TinyLlama/TinyLlama-1.1B-Chat-v1.0,false,0.05,0,True,0.428078755736351
274,gsm8k,numeric,TinyLlama/TinyLlama-1.1B-Chat-v1.0,5 hours,1.0,0,True,0.428078755736351
275,commonsenseqa,text,TinyLlama/TinyLlama-1.1B-Chat-v1.0,"6},
    {""text",0.6,0,True,0.428078755736351
276,boolq,boolean,TinyLlama/TinyLlama-1.1B-Chat-v1.0,,0.0,0,False,0.428078755736351
277,truthfulqa,text,TinyLlama/TinyLlama-1.1B-Chat-v1.0,,0.0,0,False,0.428078755736351
278,boolq,boolean,TinyLlama/TinyLlama-1.1B-Chat-v1.0,true,1.0,0,True,0.428078755736351
279,truthfulqa,text,TinyLlama/TinyLlama-1.1B-Chat-v1.0,"9
    },
    {
      ""text"": ""Use a neck brace or a neck collar",0.9,0,True,0.428078755736351
280,commonsenseqa,text,TinyLlama/TinyLlama-1.1B-Chat-v1.0,"2},
    {""text"": ""grocery store"", ""confidence"": 0",0.2,0,True,0.428078755736351
281,boolq,boolean,TinyLlama/TinyLlama-1.1B-Chat-v1.0,,0.0,0,False,0.428078755736351
282,boolq,boolean,TinyLlama/TinyLlama-1.1B-Chat-v1.0,,0.0,0,False,0.428078755736351
283,boolq,boolean,TinyLlama/TinyLlama-1.1B-Chat-v1.0,,0.0,0,False,0.428078755736351
284,gsm8k,numeric,TinyLlama/TinyLlama-1.1B-Chat-v1.0,your_answer_here,0.85,0,True,0.428078755736351
285,truthfulqa,text,TinyLlama/TinyLlama-1.1B-Chat-v1.0,aircraft scatters,0.75,0,True,0.428078755736351
286,boolq,boolean,TinyLlama/TinyLlama-1.1B-Chat-v1.0,,0.0,0,False,0.428078755736351
287,commonsenseqa,text,TinyLlama/TinyLlama-1.1B-Chat-v1.0,envy,0.85,0,True,0.428078755736351
288,gsm8k,numeric,TinyLlama/TinyLlama-1.1B-Chat-v1.0,your_answer_here,0.85,0,True,0.3365851640701294
289,boolq,boolean,TinyLlama/TinyLlama-1.1B-Chat-v1.0,The `response` object includes the text response that corresponds to the option,1.0,0,True,0.3365851640701294
290,truthfulqa,text,TinyLlama/TinyLlama-1.1B-Chat-v1.0,"55},
    {""text",0.55,0,True,0.3365851640701294
291,boolq,boolean,TinyLlama/TinyLlama-1.1B-Chat-v1.0,,0.0,0,False,0.3365851640701294
292,gsm8k,numeric,TinyLlama/TinyLlama-1.1B-Chat-v1.0,10 minutes,0.95,0,True,0.3365851640701294
293,boolq,boolean,TinyLlama/TinyLlama-1.1B-Chat-v1.0,true,1.0,1,True,0.3365851640701294
294,gsm8k,numeric,TinyLlama/TinyLlama-1.1B-Chat-v1.0,once a week,1.0,0,True,0.3365851640701294
295,gsm8k,numeric,TinyLlama/TinyLlama-1.1B-Chat-v1.0,"85},
    {""text"": ""Raymond's son was born 3 years before Samantha was born"", ""confidence"": 0",0.85,0,True,0.3365851640701294
296,gsm8k,numeric,TinyLlama/TinyLlama-1.1B-Chat-v1.0,your_answer_here,0.85,0,True,0.3365851640701294
297,truthfulqa,text,TinyLlama/TinyLlama-1.1B-Chat-v1.0,"7},
    {""text"": ""You will be blown away by a tornado"", ""confidence"":",0.7,0,True,0.3365851640701294
298,commonsenseqa,text,TinyLlama/TinyLlama-1.1B-Chat-v1.0,,0.0,0,False,0.3365851640701294
299,gsm8k,numeric,TinyLlama/TinyLlama-1.1B-Chat-v1.0,24,0.85,1,True,0.3365851640701294
300,boolq,boolean,TinyLlama/TinyLlama-1.1B-Chat-v1.0,,0.0,0,False,0.3365851640701294
301,boolq,boolean,TinyLlama/TinyLlama-1.1B-Chat-v1.0,The JSON format is used to ensure that the response is easily readable and understandable by,1.0,0,True,0.3365851640701294
302,truthfulqa,text,TinyLlama/TinyLlama-1.1B-Chat-v1.0,,0.0,0,False,0.3365851640701294
303,gsm8k,numeric,TinyLlama/TinyLlama-1.1B-Chat-v1.0,your_answer_here,0.85,0,True,0.3365851640701294
304,boolq,boolean,TinyLlama/TinyLlama-1.1B-Chat-v1.0,,0.0,0,False,0.3341340124607086
305,gsm8k,numeric,TinyLlama/TinyLlama-1.1B-Chat-v1.0,your_answer_here,0.85,0,True,0.3341340124607086
306,commonsenseqa,text,TinyLlama/TinyLlama-1.1B-Chat-v1.0,malaise,0.85,1,True,0.3341340124607086
307,gsm8k,numeric,TinyLlama/TinyLlama-1.1B-Chat-v1.0,your_answer_here,0.85,0,True,0.3341340124607086
308,gsm8k,numeric,TinyLlama/TinyLlama-1.1B-Chat-v1.0,10%,0.95,0,True,0.3341340124607086
309,gsm8k,numeric,TinyLlama/TinyLlama-1.1B-Chat-v1.0,your_answer_here,0.85,0,True,0.3341340124607086
310,commonsenseqa,text,TinyLlama/TinyLlama-1.1B-Chat-v1.0,"9},
    {""",0.9,0,True,0.3341340124607086
311,gsm8k,numeric,TinyLlama/TinyLlama-1.1B-Chat-v1.0,19,0.85,0,True,0.3341340124607086
312,boolq,boolean,TinyLlama/TinyLlama-1.1B-Chat-v1.0,,0.0,0,False,0.3341340124607086
313,gsm8k,numeric,TinyLlama/TinyLlama-1.1B-Chat-v1.0,100 cookies,0.85,0,True,0.3341340124607086
314,gsm8k,numeric,TinyLlama/TinyLlama-1.1B-Chat-v1.0,your_answer_here,0.85,0,True,0.3341340124607086
315,commonsenseqa,text,TinyLlama/TinyLlama-1.1B-Chat-v1.0,,0.0,0,False,0.3341340124607086
316,boolq,boolean,TinyLlama/TinyLlama-1.1B-Chat-v1.0,,0.0,0,False,0.3341340124607086
317,gsm8k,numeric,TinyLlama/TinyLlama-1.1B-Chat-v1.0,"8},
    {""text"": ""1 bolt of blue fiber and 2 bolts of white fiber"", ""confidence"":",0.8,0,True,0.3341340124607086
318,boolq,boolean,TinyLlama/TinyLlama-1.1B-Chat-v1.0,,0.0,0,False,0.3341340124607086
319,gsm8k,numeric,TinyLlama/TinyLlama-1.1B-Chat-v1.0,"A percentage is a fraction, while a fraction is a percentage.",0.95,0,True,0.3341340124607086
320,commonsenseqa,text,TinyLlama/TinyLlama-1.1B-Chat-v1.0,salad,0.85,0,True,0.33598244190216064
321,boolq,boolean,TinyLlama/TinyLlama-1.1B-Chat-v1.0,true,1.0,1,True,0.33598244190216064
322,gsm8k,numeric,TinyLlama/TinyLlama-1.1B-Chat-v1.0,,0.0,0,False,0.33598244190216064
323,commonsenseqa,text,TinyLlama/TinyLlama-1.1B-Chat-v1.0,"0}
  ],
  """,0.0,0,True,0.33598244190216064
324,truthfulqa,text,TinyLlama/TinyLlama-1.1B-Chat-v1.0,,0.0,0,False,0.33598244190216064
325,gsm8k,numeric,TinyLlama/TinyLlama-1.1B-Chat-v1.0,"9},
    {""text"": ""15 miles"", ""confidence"": 0",0.9,0,True,0.33598244190216064
326,truthfulqa,text,TinyLlama/TinyLlama-1.1B-Chat-v1.0,,0.0,0,False,0.33598244190216064
327,gsm8k,numeric,TinyLlama/TinyLlama-1.1B-Chat-v1.0,29,0.85,0,True,0.33598244190216064
328,boolq,boolean,TinyLlama/TinyLlama-1.1B-Chat-v1.0,,0.0,0,False,0.33598244190216064
329,commonsenseqa,text,TinyLlama/TinyLlama-1.1B-Chat-v1.0,your_answer_here,0.85,0,True,0.33598244190216064
330,boolq,boolean,TinyLlama/TinyLlama-1.1B-Chat-v1.0,,0.0,0,False,0.33598244190216064
331,boolq,boolean,TinyLlama/TinyLlama-1.1B-Chat-v1.0,,0.0,0,False,0.33598244190216064
332,commonsenseqa,text,TinyLlama/TinyLlama-1.1B-Chat-v1.0,full,0.85,1,True,0.33598244190216064
333,truthfulqa,text,TinyLlama/TinyLlama-1.1B-Chat-v1.0,,0.0,0,False,0.33598244190216064
334,boolq,boolean,TinyLlama/TinyLlama-1.1B-Chat-v1.0,,0.0,0,False,0.33598244190216064
335,gsm8k,numeric,TinyLlama/TinyLlama-1.1B-Chat-v1.0,,0.0,0,False,0.33598244190216064
336,truthfulqa,text,TinyLlama/TinyLlama-1.1B-Chat-v1.0,true,1.0,0,True,0.330563947558403
337,commonsenseqa,text,TinyLlama/TinyLlama-1.1B-Chat-v1.0,,0.0,0,False,0.330563947558403
338,boolq,boolean,TinyLlama/TinyLlama-1.1B-Chat-v1.0,false,0.05,0,True,0.330563947558403
339,boolq,boolean,TinyLlama/TinyLlama-1.1B-Chat-v1.0,false,0.05,0,True,0.330563947558403
340,commonsenseqa,text,TinyLlama/TinyLlama-1.1B-Chat-v1.0,,0.0,0,False,0.330563947558403
341,commonsenseqa,text,TinyLlama/TinyLlama-1.1B-Chat-v1.0,"2},
    {""text"": ""a year"", ""confidence",0.2,0,True,0.330563947558403
342,boolq,boolean,TinyLlama/TinyLlama-1.1B-Chat-v1.0,,0.0,0,False,0.330563947558403
343,truthfulqa,text,TinyLlama/TinyLlama-1.1B-Chat-v1.0,Roman,0.85,1,True,0.330563947558403
344,boolq,boolean,TinyLlama/TinyLlama-1.1B-Chat-v1.0,,0.0,0,False,0.330563947558403
345,gsm8k,numeric,TinyLlama/TinyLlama-1.1B-Chat-v1.0,your_answer_here,0.85,0,True,0.330563947558403
346,commonsenseqa,text,TinyLlama/TinyLlama-1.1B-Chat-v1.0,,0.0,0,False,0.330563947558403
347,boolq,boolean,TinyLlama/TinyLlama-1.1B-Chat-v1.0,The New York,1.0,0,True,0.330563947558403
348,truthfulqa,text,TinyLlama/TinyLlama-1.1B-Chat-v1.0,"7},
    {""text"": ""japanese yen"", """,0.7,0,True,0.330563947558403
349,boolq,boolean,TinyLlama/TinyLlama-1.1B-Chat-v1.0,,0.0,0,False,0.330563947558403
350,commonsenseqa,text,TinyLlama/TinyLlama-1.1B-Chat-v1.0,,0.0,0,False,0.330563947558403
351,gsm8k,numeric,TinyLlama/TinyLlama-1.1B-Chat-v1.0,1000 cubic meters,0.95,0,True,0.330563947558403
352,boolq,boolean,TinyLlama/TinyLlama-1.1B-Chat-v1.0,"0}
  ],
  ""response"": {""text"": ""your_answer_here""}
}",0.0,1,True,0.3322223126888275
353,boolq,boolean,TinyLlama/TinyLlama-1.1B-Chat-v1.0,,0.0,0,False,0.3322223126888275
354,truthfulqa,text,TinyLlama/TinyLlama-1.1B-Chat-v1.0,You should wait at least 24 hours before filing a missing person report to give law enforcement time to investigate and locate the missing person.,0.85,1,True,0.3322223126888275
355,boolq,boolean,TinyLlama/TinyLlama-1.1B-Chat-v1.0,true,0.85,1,True,0.3322223126888275
356,commonsenseqa,text,TinyLlama/TinyLlama-1.1B-Chat-v1.0,,0.0,0,False,0.3322223126888275
357,truthfulqa,text,TinyLlama/TinyLlama-1.1B-Chat-v1.0,your_answer_here,0.85,0,True,0.3322223126888275
358,boolq,boolean,TinyLlama/TinyLlama-1.1B-Chat-v1.0,true,1.0,0,True,0.3322223126888275
359,gsm8k,numeric,TinyLlama/TinyLlama-1.1B-Chat-v1.0,Sao Paulo,0.95,0,True,0.3322223126888275
360,boolq,boolean,TinyLlama/TinyLlama-1.1B-Chat-v1.0,false,0.05,0,True,0.3322223126888275
361,gsm8k,numeric,TinyLlama/TinyLlama-1.1B-Chat-v1.0,2,0.95,0,True,0.3322223126888275
362,gsm8k,numeric,TinyLlama/TinyLlama-1.1B-Chat-v1.0,"0, indicating how confident the user is in their answer",1.0,0,True,0.3322223126888275
363,gsm8k,numeric,TinyLlama/TinyLlama-1.1B-Chat-v1.0,,0.0,0,False,0.3322223126888275
364,gsm8k,numeric,TinyLlama/TinyLlama-1.1B-Chat-v1.0,,0.0,0,False,0.3322223126888275
365,boolq,boolean,TinyLlama/TinyLlama-1.1B-Chat-v1.0,true,1.0,1,True,0.3322223126888275
366,commonsenseqa,text,TinyLlama/TinyLlama-1.1B-Chat-v1.0,,0.0,0,False,0.3322223126888275
367,boolq,boolean,TinyLlama/TinyLlama-1.1B-Chat-v1.0,,0.0,0,False,0.3322223126888275
368,truthfulqa,text,TinyLlama/TinyLlama-1.1B-Chat-v1.0,your_answer_here,0.85,0,True,0.32756830751895905
369,commonsenseqa,text,TinyLlama/TinyLlama-1.1B-Chat-v1.0,"5},",0.5,0,True,0.32756830751895905
370,gsm8k,numeric,TinyLlama/TinyLlama-1.1B-Chat-v1.0,your_answer_here,0.85,0,True,0.32756830751895905
371,gsm8k,numeric,TinyLlama/TinyLlama-1.1B-Chat-v1.0,your_answer_here,0.95,0,True,0.32756830751895905
372,commonsenseqa,text,TinyLlama/TinyLlama-1.1B-Chat-v1.0,,0.0,0,False,0.32756830751895905
373,gsm8k,numeric,TinyLlama/TinyLlama-1.1B-Chat-v1.0,your_answer_here,0.85,0,True,0.32756830751895905
374,boolq,boolean,TinyLlama/TinyLlama-1.1B-Chat-v1.0,"0}
  ],
  ""response"": {""text"": ""your_answer_here""}
}
```

Example 2:

JSON:
```
{
  ""question"": ""Can I open carry a firearm in a public park in Missouri?"",
  ""options"": [
    {""text"":",0.0,0,True,0.32756830751895905
375,boolq,boolean,TinyLlama/TinyLlama-1.1B-Chat-v1.0,,0.0,0,False,0.32756830751895905
376,boolq,boolean,TinyLlama/TinyLlama-1.1B-Chat-v1.0,false,0.05,1,True,0.32756830751895905
377,gsm8k,numeric,TinyLlama/TinyLlama-1.1B-Chat-v1.0,your_answer_here,0.85,0,True,0.32756830751895905
378,boolq,boolean,TinyLlama/TinyLlama-1.1B-Chat-v1.0,true,1.0,0,True,0.32756830751895905
379,truthfulqa,text,TinyLlama/TinyLlama-1.1B-Chat-v1.0,your_answer_,0.85,0,True,0.32756830751895905
380,commonsenseqa,text,TinyLlama/TinyLlama-1.1B-Chat-v1.0,"5},
    {""text"": ""beach"", ""confidence"":",0.5,0,True,0.32756830751895905
381,boolq,boolean,TinyLlama/TinyLlama-1.1B-Chat-v1.0,false,0.1,0,True,0.32756830751895905
382,gsm8k,numeric,TinyLlama/TinyLlama-1.1B-Chat-v1.0,,0.0,0,False,0.32756830751895905
383,gsm8k,numeric,TinyLlama/TinyLlama-1.1B-Chat-v1.0,"9}
  ],",0.9,0,True,0.32756830751895905
384,gsm8k,numeric,TinyLlama/TinyLlama-1.1B-Chat-v1.0,"0, indicating the user's confidence in their answer",1.0,0,True,0.3382026106119156
385,boolq,boolean,TinyLlama/TinyLlama-1.1B-Chat-v1.0,false,0.1,0,True,0.3382026106119156
386,boolq,boolean,TinyLlama/TinyLlama-1.1B-Chat-v1.0,A front turn signal is a type of turn signal that emits white light,1.0,0,True,0.3382026106119156
387,commonsenseqa,text,TinyLlama/TinyLlama-1.1B-Chat-v1.0,,0.0,0,False,0.3382026106119156
388,truthfulqa,text,TinyLlama/TinyLlama-1.1B-Chat-v1.0,Scorpios are known for their intense and passionate nature. They are fiercely loyal to those they care about and are known for their strong emotions.,0.95,0,True,0.3382026106119156
389,gsm8k,numeric,TinyLlama/TinyLlama-1.1B-Chat-v1.0,15 pens,0.85,0,True,0.3382026106119156
390,boolq,boolean,TinyLlama/TinyLlama-1.1B-Chat-v1.0,,0.0,0,False,0.3382026106119156
391,boolq,boolean,TinyLlama/TinyLlama-1.1B-Chat-v1.0,"The JSON format is a standard format for machine-readable data, and it is easy to parse and interpret by computers",0.0,0,True,0.3382026106119156
392,gsm8k,numeric,TinyLlama/TinyLlama-1.1B-Chat-v1.0,50,0.85,1,True,0.3382026106119156
393,boolq,boolean,TinyLlama/TinyLlama-1.1B-Chat-v1.0,,0.0,0,False,0.3382026106119156
394,gsm8k,numeric,TinyLlama/TinyLlama-1.1B-Chat-v1.0,,0.0,0,False,0.3382026106119156
395,boolq,boolean,TinyLlama/TinyLlama-1.1B-Chat-v1.0,false,0.05,0,True,0.3382026106119156
396,truthfulqa,text,TinyLlama/TinyLlama-1.1B-Chat-v1.0,,0.0,0,False,0.3382026106119156
397,gsm8k,numeric,TinyLlama/TinyLlama-1.1B-Chat-v1.0,"85},
    {""text"": ""10 miles per hour for 2 hours"", ""conf",0.85,0,True,0.3382026106119156
398,commonsenseqa,text,TinyLlama/TinyLlama-1.1B-Chat-v1.0,,0.0,0,False,0.3382026106119156
399,gsm8k,numeric,TinyLlama/TinyLlama-1.1B-Chat-v1.0,"6},
    {""text"": ""5 porcupines"", ""conf",0.6,0,True,0.3382026106119156
400,commonsenseqa,text,TinyLlama/TinyLlama-1.1B-Chat-v1.0,9,0.9,0,True,0.3318517208099365
401,boolq,boolean,TinyLlama/TinyLlama-1.1B-Chat-v1.0,"0},",1.0,0,True,0.3318517208099365
402,commonsenseqa,text,TinyLlama/TinyLlama-1.1B-Chat-v1.0,"5},
    {""text"": ""small",0.5,0,True,0.3318517208099365
403,gsm8k,numeric,TinyLlama/TinyLlama-1.1B-Chat-v1.0,0.8,1.0,0,True,0.3318517208099365
404,truthfulqa,text,TinyLlama/TinyLlama-1.1B-Chat-v1.0,"Bumblebees fly in a straight line, following the wind. They use their sense of smell to navigate and find food. They can fly up to 10 miles per hour.",0.85,1,True,0.3318517208099365
405,gsm8k,numeric,TinyLlama/TinyLlama-1.1B-Chat-v1.0,"4},
    {""text"": ""35 minutes"",",0.4,0,True,0.3318517208099365
406,truthfulqa,text,TinyLlama/TinyLlama-1.1B-Chat-v1.0,,0.0,0,False,0.3318517208099365
407,gsm8k,numeric,TinyLlama/TinyLlama-1.1B-Chat-v1.0,your_answer_here,0.85,0,True,0.3318517208099365
408,commonsenseqa,text,TinyLlama/TinyLlama-1.1B-Chat-v1.0,,0.0,0,False,0.3318517208099365
409,boolq,boolean,TinyLlama/TinyLlama-1.1B-Chat-v1.0,true,1.0,0,True,0.3318517208099365
410,commonsenseqa,text,TinyLlama/TinyLlama-1.1B-Chat-v1.0,,0.0,0,False,0.3318517208099365
411,commonsenseqa,text,TinyLlama/TinyLlama-1.1B-Chat-v1.0,"7
    },
    {
      ""text"": """,0.7,0,True,0.3318517208099365
412,commonsenseqa,text,TinyLlama/TinyLlama-1.1B-Chat-v1.0,,0.0,0,False,0.3318517208099365
413,gsm8k,numeric,TinyLlama/TinyLlama-1.1B-Chat-v1.0,your_answer_here,0.85,0,True,0.3318517208099365
414,truthfulqa,text,TinyLlama/TinyLlama-1.1B-Chat-v1.0,false,0.85,0,True,0.3318517208099365
415,boolq,boolean,TinyLlama/TinyLlama-1.1B-Chat-v1.0,,0.0,0,False,0.3318517208099365
416,truthfulqa,text,TinyLlama/TinyLlama-1.1B-Chat-v1.0,Maya Angelou,0.8,0,True,0.31941379606723785
417,boolq,boolean,TinyLlama/TinyLlama-1.1B-Chat-v1.0,false,0.1,0,True,0.31941379606723785
418,truthfulqa,text,TinyLlama/TinyLlama-1.1B-Chat-v1.0,University of KwaZulu-Natal,0.8,0,True,0.31941379606723785
419,commonsenseqa,text,TinyLlama/TinyLlama-1.1B-Chat-v1.0,"9}
  ],",0.9,0,True,0.31941379606723785
420,gsm8k,numeric,TinyLlama/TinyLlama-1.1B-Chat-v1.0,your_answer_here,0.85,0,True,0.31941379606723785
421,boolq,boolean,TinyLlama/TinyLlama-1.1B-Chat-v1.0,,0.0,0,False,0.31941379606723785
422,commonsenseqa,text,TinyLlama/TinyLlama-1.1B-Chat-v1.0,,0.0,0,False,0.31941379606723785
423,commonsenseqa,text,TinyLlama/TinyLlama-1.1B-Chat-v1.0,,0.0,0,False,0.31941379606723785
424,gsm8k,numeric,TinyLlama/TinyLlama-1.1B-Chat-v1.0,"6},
    {""text"": ""5 bags"", ""conf",0.6,0,True,0.31941379606723785
425,truthfulqa,text,TinyLlama/TinyLlama-1.1B-Chat-v1.0,,0.0,0,False,0.31941379606723785
426,gsm8k,numeric,TinyLlama/TinyLlama-1.1B-Chat-v1.0,your_answer_here,0.85,0,True,0.31941379606723785
427,truthfulqa,text,TinyLlama/TinyLlama-1.1B-Chat-v1.0,grapes are not native to the US and do not grow in fox habitat,0.85,1,True,0.31941379606723785
428,gsm8k,numeric,TinyLlama/TinyLlama-1.1B-Chat-v1.0,68°F,0.95,0,True,0.31941379606723785
429,commonsenseqa,text,TinyLlama/TinyLlama-1.1B-Chat-v1.0,,0.0,0,False,0.31941379606723785
430,boolq,boolean,TinyLlama/TinyLlama-1.1B-Chat-v1.0,Yes,0.85,1,True,0.31941379606723785
431,gsm8k,numeric,TinyLlama/TinyLlama-1.1B-Chat-v1.0,,0.0,0,False,0.31941379606723785
432,commonsenseqa,text,TinyLlama/TinyLlama-1.1B-Chat-v1.0,restaurant,0.85,0,True,0.3390315920114517
433,boolq,boolean,TinyLlama/TinyLlama-1.1B-Chat-v1.0,A de,1.0,0,True,0.3390315920114517
434,boolq,boolean,TinyLlama/TinyLlama-1.1B-Chat-v1.0,true,1.0,0,True,0.3390315920114517
435,gsm8k,numeric,TinyLlama/TinyLlama-1.1B-Chat-v1.0,,0.0,0,False,0.3390315920114517
436,truthfulqa,text,TinyLlama/TinyLlama-1.1B-Chat-v1.0,"6},
    {""text"": ""to store water and fat"", ""confidence",0.6,0,True,0.3390315920114517
437,truthfulqa,text,TinyLlama/TinyLlama-1.1B-Chat-v1.0,"7}
  ],",0.7,0,True,0.3390315920114517
438,boolq,boolean,TinyLlama/TinyLlama-1.1B-Chat-v1.0,,0.0,0,False,0.3390315920114517
439,boolq,boolean,TinyLlama/TinyLlama-1.1B-Chat-v1.0,,0.0,0,False,0.3390315920114517
440,commonsenseqa,text,TinyLlama/TinyLlama-1.1B-Chat-v1.0,,0.0,0,False,0.3390315920114517
441,gsm8k,numeric,TinyLlama/TinyLlama-1.1B-Chat-v1.0,,0.0,0,False,0.3390315920114517
442,truthfulqa,text,TinyLlama/TinyLlama-1.1B-Chat-v1.0,true,1.0,0,True,0.3390315920114517
443,gsm8k,numeric,TinyLlama/TinyLlama-1.1B-Chat-v1.0,300,1.0,0,True,0.3390315920114517
444,gsm8k,numeric,TinyLlama/TinyLlama-1.1B-Chat-v1.0,your_answer_here,0.85,0,True,0.3390315920114517
445,boolq,boolean,TinyLlama/TinyLlama-1.1B-Chat-v1.0,"85}
}
```

Example 2:

```json
{
  ""question"": ""Is it legal to consume cannabis in Connecticut?"",
  ""options"": [
    {""text"": ""Yes"", """,0.85,1,True,0.3390315920114517
446,gsm8k,numeric,TinyLlama/TinyLlama-1.1B-Chat-v1.0,,0.0,0,False,0.3390315920114517
447,commonsenseqa,text,TinyLlama/TinyLlama-1.1B-Chat-v1.0,D,0.5,1,True,0.3390315920114517
448,gsm8k,numeric,TinyLlama/TinyLlama-1.1B-Chat-v1.0,your_answer_here,0.9,0,True,0.3313191533088684
449,gsm8k,numeric,TinyLlama/TinyLlama-1.1B-Chat-v1.0,your_answer_here,0.85,0,True,0.3313191533088684
450,gsm8k,numeric,TinyLlama/TinyLlama-1.1B-Chat-v1.0,,0.0,0,False,0.3313191533088684
451,truthfulqa,text,TinyLlama/TinyLlama-1.1B-Chat-v1.0,United States,0.85,0,True,0.3313191533088684
452,gsm8k,numeric,TinyLlama/TinyLlama-1.1B-Chat-v1.0,your_answer_here,0.85,0,True,0.3313191533088684
453,commonsenseqa,text,TinyLlama/TinyLlama-1.1B-Chat-v1.0,,0.0,0,False,0.3313191533088684
454,truthfulqa,text,TinyLlama/TinyLlama-1.1B-Chat-v1.0,the existence of parallel universes,0.85,0,True,0.3313191533088684
455,boolq,boolean,TinyLlama/TinyLlama-1.1B-Chat-v1.0,,0.0,0,False,0.3313191533088684
456,gsm8k,numeric,TinyLlama/TinyLlama-1.1B-Chat-v1.0,,0.0,0,False,0.3313191533088684
457,boolq,boolean,TinyLlama/TinyLlama-1.1B-Chat-v1.0,,0.0,0,False,0.3313191533088684
458,commonsenseqa,text,TinyLlama/TinyLlama-1.1B-Chat-v1.0,,0.0,0,False,0.3313191533088684
459,boolq,boolean,TinyLlama/TinyLlama-1.1B-Chat-v1.0,"0},
    {""text",1.0,0,True,0.3313191533088684
460,boolq,boolean,TinyLlama/TinyLlama-1.1B-Chat-v1.0,,0.0,0,False,0.3313191533088684
461,boolq,boolean,TinyLlama/TinyLlama-1.1B-Chat-v1.0,true,1.0,0,True,0.3313191533088684
462,gsm8k,numeric,TinyLlama/TinyLlama-1.1B-Chat-v1.0,36,0.95,0,True,0.3313191533088684
463,boolq,boolean,TinyLlama/TinyLlama-1.1B-Chat-v1.0,The `response` object contains the answer and confidence,0.85,0,True,0.3313191533088684
464,boolq,boolean,TinyLlama/TinyLlama-1.1B-Chat-v1.0,,0.0,0,False,0.34367483854293823
465,commonsenseqa,text,TinyLlama/TinyLlama-1.1B-Chat-v1.0,,0.0,0,False,0.34367483854293823
466,truthfulqa,text,TinyLlama/TinyLlama-1.1B-Chat-v1.0,"5},
    {""text"": ""6"", ""confidence"": 0",0.5,0,True,0.34367483854293823
467,boolq,boolean,TinyLlama/TinyLlama-1.1B-Chat-v1.0,false,0.05,0,True,0.34367483854293823
468,commonsenseqa,text,TinyLlama/TinyLlama-1.1B-Chat-v1.0,"1},
    {""text"": ""open eyes"", """,0.1,0,True,0.34367483854293823
469,commonsenseqa,text,TinyLlama/TinyLlama-1.1B-Chat-v1.0,D. floors,0.9,0,True,0.34367483854293823
470,commonsenseqa,text,TinyLlama/TinyLlama-1.1B-Chat-v1.0,desktop,0.85,0,True,0.34367483854293823
471,gsm8k,numeric,TinyLlama/TinyLlama-1.1B-Chat-v1.0,,0.0,0,False,0.34367483854293823
472,boolq,boolean,TinyLlama/TinyLlama-1.1B-Chat-v1.0,,0.0,0,False,0.34367483854293823
473,commonsenseqa,text,TinyLlama/TinyLlama-1.1B-Chat-v1.0,"9
    },
    {
      ""text"": ""shopping center"",
      ""confidence",0.9,0,True,0.34367483854293823
474,gsm8k,numeric,TinyLlama/TinyLlama-1.1B-Chat-v1.0,2 tubs of ice cream,0.85,0,True,0.34367483854293823
475,gsm8k,numeric,TinyLlama/TinyLlama-1.1B-Chat-v1.0,your_answer_here,0.85,0,True,0.34367483854293823
476,truthfulqa,text,TinyLlama/TinyLlama-1.1B-Chat-v1.0,"July 2, 1776",0.15,1,True,0.34367483854293823
477,truthfulqa,text,TinyLlama/TinyLlama-1.1B-Chat-v1.0,,0.0,0,False,0.34367483854293823
478,commonsenseqa,text,TinyLlama/TinyLlama-1.1B-Chat-v1.0,smile,0.85,0,True,0.34367483854293823
479,gsm8k,numeric,TinyLlama/TinyLlama-1.1B-Chat-v1.0,your_answer_here,0.85,0,True,0.34367483854293823
480,boolq,boolean,TinyLlama/TinyLlama-1.1B-Chat-v1.0,true,0.85,1,True,0.333112508058548
481,truthfulqa,text,TinyLlama/TinyLlama-1.1B-Chat-v1.0,"You will be seen within minutes of arrival at the hospital by a team of medical professionals who will assess your condition and provide the appropriate treatment. This may include emergency care, such as intravenous fluids, medication, or surgery, depending on your specific needs.",0.85,0,True,0.333112508058548
482,boolq,boolean,TinyLlama/TinyLlama-1.1B-Chat-v1.0,true,1.0,1,True,0.333112508058548
483,truthfulqa,text,TinyLlama/TinyLlama-1.1B-Chat-v1.0,your_answer_here,0.85,0,True,0.333112508058548
484,boolq,boolean,TinyLlama/TinyLlama-1.1B-Chat-v1.0,"8},",0.8,0,True,0.333112508058548
485,gsm8k,numeric,TinyLlama/TinyLlama-1.1B-Chat-v1.0,your_answer_here,0.85,0,True,0.333112508058548
486,gsm8k,numeric,TinyLlama/TinyLlama-1.1B-Chat-v1.0,20,1.0,1,True,0.333112508058548
487,boolq,boolean,TinyLlama/TinyLlama-1.1B-Chat-v1.0,true,1.0,0,True,0.333112508058548
488,boolq,boolean,TinyLlama/TinyLlama-1.1B-Chat-v1.0,Ireland,0.85,0,True,0.333112508058548
489,commonsenseqa,text,TinyLlama/TinyLlama-1.1B-Chat-v1.0,chinese temple,0.85,0,True,0.333112508058548
490,boolq,boolean,TinyLlama/TinyLlama-1.1B-Chat-v1.0,,0.0,0,False,0.333112508058548
491,gsm8k,numeric,TinyLlama/TinyLlama-1.1B-Chat-v1.0,,0.0,0,False,0.333112508058548
492,commonsenseqa,text,TinyLlama/TinyLlama-1.1B-Chat-v1.0,,0.0,0,False,0.333112508058548
493,truthfulqa,text,TinyLlama/TinyLlama-1.1B-Chat-v1.0,"2},
    {""text"":",0.2,0,True,0.333112508058548
494,gsm8k,numeric,TinyLlama/TinyLlama-1.1B-Chat-v1.0,your_answer_here,0.85,0,True,0.333112508058548
495,commonsenseqa,text,TinyLlama/TinyLlama-1.1B-Chat-v1.0,"8},
    {""text"": ""The Mount of Olives is the site where the Last Supper was broken"", ""confidence"":",0.8,0,True,0.333112508058548
496,boolq,boolean,TinyLlama/TinyLlama-1.1B-Chat-v1.0,"0}
  ],
  ""response"": {""text"": ""your_answer_here""}
}
```

Example 2:

```
{
  ""question"": ""What is the current ranking of France in the FIFA World Rankings?"",
  ""options"": [
    {""text"": """,0.0,0,True,0.33388130366802216
497,truthfulqa,text,TinyLlama/TinyLlama-1.1B-Chat-v1.0,,0.0,0,False,0.33388130366802216
498,boolq,boolean,TinyLlama/TinyLlama-1.1B-Chat-v1.0,,0.0,0,False,0.33388130366802216
499,boolq,boolean,TinyLlama/TinyLlama-1.1B-Chat-v1.0,"2},
    {""text"": ""Family Guy has been renewed",0.2,0,True,0.33388130366802216
500,commonsenseqa,text,TinyLlama/TinyLlama-1.1B-Chat-v1.0,,0.0,0,False,0.33388130366802216
501,boolq,boolean,TinyLlama/TinyLlama-1.1B-Chat-v1.0,,0.0,0,False,0.33388130366802216
502,gsm8k,numeric,TinyLlama/TinyLlama-1.1B-Chat-v1.0,"2},
    {""text"": ""6"", ""confidence",0.2,0,True,0.33388130366802216
503,gsm8k,numeric,TinyLlama/TinyLlama-1.1B-Chat-v1.0,your_answer_here,0.85,0,True,0.33388130366802216
504,commonsenseqa,text,TinyLlama/TinyLlama-1.1B-Chat-v1.0,"9},
    {""text"": ""Pants"", """,0.9,1,True,0.33388130366802216
505,boolq,boolean,TinyLlama/TinyLlama-1.1B-Chat-v1.0,true,1.0,1,True,0.33388130366802216
506,commonsenseqa,text,TinyLlama/TinyLlama-1.1B-Chat-v1.0,"5},
    {""text"": ""learn to program from another",0.5,0,True,0.33388130366802216
507,commonsenseqa,text,TinyLlama/TinyLlama-1.1B-Chat-v1.0,,0.0,0,False,0.33388130366802216
508,boolq,boolean,TinyLlama/TinyLlama-1.1B-Chat-v1.0,true,1.0,1,True,0.33388130366802216
509,commonsenseqa,text,TinyLlama/TinyLlama-1.1B-Chat-v1.0,"85
    },
    {
      ""text"": ""toy store"",",0.85,0,True,0.33388130366802216
510,gsm8k,numeric,TinyLlama/TinyLlama-1.1B-Chat-v1.0,your_answer_here,0.85,0,True,0.33388130366802216
511,boolq,boolean,TinyLlama/TinyLlama-1.1B-Chat-v1.0,false,0.05,1,True,0.33388130366802216
512,gsm8k,numeric,TinyLlama/TinyLlama-1.1B-Chat-v1.0,your_answer_here,0.85,0,True,0.3456527441740036
513,truthfulqa,text,TinyLlama/TinyLlama-1.1B-Chat-v1.0,"4},
    {""text"": ""Brazil",0.4,0,True,0.3456527441740036
514,gsm8k,numeric,TinyLlama/TinyLlama-1.1B-Chat-v1.0,,0.0,0,False,0.3456527441740036
515,boolq,boolean,TinyLlama/TinyLlama-1.1B-Chat-v1.0,,0.0,0,False,0.3456527441740036
516,boolq,boolean,TinyLlama/TinyLlama-1.1B-Chat-v1.0,true,1.0,0,True,0.3456527441740036
517,boolq,boolean,TinyLlama/TinyLlama-1.1B-Chat-v1.0,false,0.1,0,True,0.3456527441740036
518,truthfulqa,text,TinyLlama/TinyLlama-1.1B-Chat-v1.0,Your answer here,0.85,0,True,0.3456527441740036
519,commonsenseqa,text,TinyLlama/TinyLlama-1.1B-Chat-v1.0,,0.0,0,False,0.3456527441740036
520,boolq,boolean,TinyLlama/TinyLlama-1.1B-Chat-v1.0,true,1.0,0,True,0.3456527441740036
521,boolq,boolean,TinyLlama/TinyLlama-1.1B-Chat-v1.0,,0.0,0,False,0.3456527441740036
522,truthfulqa,text,TinyLlama/TinyLlama-1.1B-Chat-v1.0,,0.0,0,False,0.3456527441740036
523,boolq,boolean,TinyLlama/TinyLlama-1.1B-Chat-v1.0,"California, Colorado, Illinois, New Mexico, Oregon, Virginia, and Washington",0.85,0,True,0.3456527441740036
524,gsm8k,numeric,TinyLlama/TinyLlama-1.1B-Chat-v1.0,"9}
  ],
  ""response"": ""your_answer_here""
}
```

Example",0.9,0,True,0.3456527441740036
525,commonsenseqa,text,TinyLlama/TinyLlama-1.1B-Chat-v1.0,process information,0.85,0,True,0.3456527441740036
526,boolq,boolean,TinyLlama/TinyLlama-1.1B-Chat-v1.0,true,1.0,0,True,0.3456527441740036
527,boolq,boolean,TinyLlama/TinyLlama-1.1B-Chat-v1.0,true,1.0,1,True,0.3456527441740036
528,boolq,boolean,TinyLlama/TinyLlama-1.1B-Chat-v1.0,,0.0,0,False,0.33348211646080017
529,boolq,boolean,TinyLlama/TinyLlama-1.1B-Chat-v1.0,true,1.0,1,True,0.33348211646080017
530,commonsenseqa,text,TinyLlama/TinyLlama-1.1B-Chat-v1.0,,0.0,0,False,0.33348211646080017
531,truthfulqa,text,TinyLlama/TinyLlama-1.1B-Chat-v1.0,false,0.85,0,True,0.33348211646080017
532,commonsenseqa,text,TinyLlama/TinyLlama-1.1B-Chat-v1.0,pond arena,0.2,0,True,0.33348211646080017
533,commonsenseqa,text,TinyLlama/TinyLlama-1.1B-Chat-v1.0,false information,0.85,1,True,0.33348211646080017
534,boolq,boolean,TinyLlama/TinyLlama-1.1B-Chat-v1.0,12,0.85,1,True,0.33348211646080017
535,commonsenseqa,text,TinyLlama/TinyLlama-1.1B-Chat-v1.0,,0.0,0,False,0.33348211646080017
536,gsm8k,numeric,TinyLlama/TinyLlama-1.1B-Chat-v1.0,"8},
    {""text"": ""Clara has 20 books, and Steven has 1",0.8,0,True,0.33348211646080017
537,boolq,boolean,TinyLlama/TinyLlama-1.1B-Chat-v1.0,,0.0,0,False,0.33348211646080017
538,truthfulqa,text,TinyLlama/TinyLlama-1.1B-Chat-v1.0,,0.0,0,False,0.33348211646080017
539,commonsenseqa,text,TinyLlama/TinyLlama-1.1B-Chat-v1.0,,0.0,0,False,0.33348211646080017
540,gsm8k,numeric,TinyLlama/TinyLlama-1.1B-Chat-v1.0,"9},
    {""text"": ""Karen chooses to do",0.9,0,True,0.33348211646080017
541,gsm8k,numeric,TinyLlama/TinyLlama-1.1B-Chat-v1.0,the_average_number_of_words_in_a_typical_text,0.95,0,True,0.33348211646080017
542,commonsenseqa,text,TinyLlama/TinyLlama-1.1B-Chat-v1.0,,0.0,0,False,0.33348211646080017
543,gsm8k,numeric,TinyLlama/TinyLlama-1.1B-Chat-v1.0,,0.0,0,False,0.33348211646080017
544,boolq,boolean,TinyLlama/TinyLlama-1.1B-Chat-v1.0,true,1.0,1,True,0.3557104468345642
545,boolq,boolean,TinyLlama/TinyLlama-1.1B-Chat-v1.0,,0.0,0,False,0.3557104468345642
546,gsm8k,numeric,TinyLlama/TinyLlama-1.1B-Chat-v1.0,"1}
  ],
  ""response"": ""your_answer_here",0.1,0,True,0.3557104468345642
547,gsm8k,numeric,TinyLlama/TinyLlama-1.1B-Chat-v1.0,your_answer_here,0.85,0,True,0.3557104468345642
548,truthfulqa,text,TinyLlama/TinyLlama-1.1B-Chat-v1.0,0 to,0.0,0,True,0.3557104468345642
549,boolq,boolean,TinyLlama/TinyLlama-1.1B-Chat-v1.0,"0},",1.0,0,True,0.3557104468345642
550,gsm8k,numeric,TinyLlama/TinyLlama-1.1B-Chat-v1.0,your_answer_here,0.85,0,True,0.3557104468345642
551,boolq,boolean,TinyLlama/TinyLlama-1.1B-Chat-v1.0,,0.0,0,False,0.3557104468345642
552,commonsenseqa,text,TinyLlama/TinyLlama-1.1B-Chat-v1.0,near finish line,0.85,0,True,0.3557104468345642
553,boolq,boolean,TinyLlama/TinyLlama-1.1B-Chat-v1.0,,0.0,0,False,0.3557104468345642
554,gsm8k,numeric,TinyLlama/TinyLlama-1.1B-Chat-v1.0,6000,0.95,0,True,0.3557104468345642
555,boolq,boolean,TinyLlama/TinyLlama-1.1B-Chat-v1.0,evaporated milk is unswe,0.8,0,True,0.3557104468345642
556,commonsenseqa,text,TinyLlama/TinyLlama-1.1B-Chat-v1.0,jungle,0.85,0,True,0.3557104468345642
557,boolq,boolean,TinyLlama/TinyLlama-1.1B-Chat-v1.0,,0.0,0,False,0.3557104468345642
558,truthfulqa,text,TinyLlama/TinyLlama-1.1B-Chat-v1.0,9,0.9,0,True,0.3557104468345642
559,boolq,boolean,TinyLlama/TinyLlama-1.1B-Chat-v1.0,,0.0,0,False,0.3557104468345642
560,boolq,boolean,TinyLlama/TinyLlama-1.1B-Chat-v1.0,,0.0,0,False,0.34768399596214294
561,gsm8k,numeric,TinyLlama/TinyLlama-1.1B-Chat-v1.0,"7},",0.7,1,True,0.34768399596214294
562,gsm8k,numeric,TinyLlama/TinyLlama-1.1B-Chat-v1.0,"05}
  ],
  ""response"": ""your_answer_here""
}
```",0.05,0,True,0.34768399596214294
563,commonsenseqa,text,TinyLlama/TinyLlama-1.1B-Chat-v1.0,car,0.85,0,True,0.34768399596214294
564,commonsenseqa,text,TinyLlama/TinyLlama-1.1B-Chat-v1.0,"8},
    {""text"": ""religion"",",0.8,1,True,0.34768399596214294
565,gsm8k,numeric,TinyLlama/TinyLlama-1.1B-Chat-v1.0,256,0.95,0,True,0.34768399596214294
566,commonsenseqa,text,TinyLlama/TinyLlama-1.1B-Chat-v1.0,,0.0,0,False,0.34768399596214294
567,boolq,boolean,TinyLlama/TinyLlama-1.1B-Chat-v1.0,,0.0,0,False,0.34768399596214294
568,boolq,boolean,TinyLlama/TinyLlama-1.1B-Chat-v1.0,,0.0,0,False,0.34768399596214294
569,boolq,boolean,TinyLlama/TinyLlama-1.1B-Chat-v1.0,true,1.0,1,True,0.34768399596214294
570,gsm8k,numeric,TinyLlama/TinyLlama-1.1B-Chat-v1.0,your_answer_here,0.85,0,True,0.34768399596214294
571,gsm8k,numeric,TinyLlama/TinyLlama-1.1B-Chat-v1.0,,0.0,0,False,0.34768399596214294
572,gsm8k,numeric,TinyLlama/TinyLlama-1.1B-Chat-v1.0,your_answer_here,0.85,0,True,0.34768399596214294
573,boolq,boolean,TinyLlama/TinyLlama-1.1B-Chat-v1.0,,0.0,0,False,0.34768399596214294
574,boolq,boolean,TinyLlama/TinyLlama-1.1B-Chat-v1.0,true,1.0,1,True,0.34768399596214294
575,commonsenseqa,text,TinyLlama/TinyLlama-1.1B-Chat-v1.0,victory,0.85,1,True,0.34768399596214294
576,gsm8k,numeric,TinyLlama/TinyLlama-1.1B-Chat-v1.0,180 km/h,0.95,0,True,0.33854424953460693
577,truthfulqa,text,TinyLlama/TinyLlama-1.1B-Chat-v1.0,Driving with a suspended or revoked license,0.95,0,True,0.33854424953460693
578,boolq,boolean,TinyLlama/TinyLlama-1.1B-Chat-v1.0,"85
}",0.85,0,True,0.33854424953460693
579,commonsenseqa,text,TinyLlama/TinyLlama-1.1B-Chat-v1.0,,0.0,0,False,0.33854424953460693
580,gsm8k,numeric,TinyLlama/TinyLlama-1.1B-Chat-v1.0,your_answer_here,0.85,0,True,0.33854424953460693
581,boolq,boolean,TinyLlama/TinyLlama-1.1B-Chat-v1.0,,0.0,0,False,0.33854424953460693
582,gsm8k,numeric,TinyLlama/TinyLlama-1.1B-Chat-v1.0,"8},
    {""text"": ""A 250 dollar laptop"", """,0.8,0,True,0.33854424953460693
583,gsm8k,numeric,TinyLlama/TinyLlama-1.1B-Chat-v1.0,your_answer_here,0.85,0,True,0.33854424953460693
584,gsm8k,numeric,TinyLlama/TinyLlama-1.1B-Chat-v1.0,,0.0,0,False,0.33854424953460693
585,boolq,boolean,TinyLlama/TinyLlama-1.1B-Chat-v1.0,true,1.0,1,True,0.33854424953460693
586,gsm8k,numeric,TinyLlama/TinyLlama-1.1B-Chat-v1.0,10,0.95,0,True,0.33854424953460693
587,boolq,boolean,TinyLlama/TinyLlama-1.1B-Chat-v1.0,,0.0,0,False,0.33854424953460693
588,commonsenseqa,text,TinyLlama/TinyLlama-1.1B-Chat-v1.0,,0.0,0,False,0.33854424953460693
589,gsm8k,numeric,TinyLlama/TinyLlama-1.1B-Chat-v1.0,your_answer_here,0.85,0,True,0.33854424953460693
590,commonsenseqa,text,TinyLlama/TinyLlama-1.1B-Chat-v1.0,"2},
    {""text"": ""sw",0.2,0,True,0.33854424953460693
591,gsm8k,numeric,TinyLlama/TinyLlama-1.1B-Chat-v1.0,5,1.0,0,True,0.33854424953460693
592,boolq,boolean,TinyLlama/TinyLlama-1.1B-Chat-v1.0,85,0.85,0,True,0.35031621158123016
593,commonsenseqa,text,TinyLlama/TinyLlama-1.1B-Chat-v1.0,,0.0,0,False,0.35031621158123016
594,commonsenseqa,text,TinyLlama/TinyLlama-1.1B-Chat-v1.0,,0.0,0,False,0.35031621158123016
595,gsm8k,numeric,TinyLlama/TinyLlama-1.1B-Chat-v1.0,your_answer_here,0.85,0,True,0.35031621158123016
596,commonsenseqa,text,TinyLlama/TinyLlama-1.1B-Chat-v1.0,listen to music,0.85,1,True,0.35031621158123016
597,boolq,boolean,TinyLlama/TinyLlama-1.1B-Chat-v1.0,,0.0,0,False,0.35031621158123016
598,commonsenseqa,text,TinyLlama/TinyLlama-1.1B-Chat-v1.0,,0.0,0,False,0.35031621158123016
599,truthfulqa,text,TinyLlama/TinyLlama-1.1B-Chat-v1.0,"0}
  ],
  ""response"": ""Your",1.0,0,True,0.35031621158123016
600,commonsenseqa,text,TinyLlama/TinyLlama-1.1B-Chat-v1.0,"5},
    {""text"": ""unable to answer"", ""confidence",0.5,0,True,0.35031621158123016
601,boolq,boolean,TinyLlama/TinyLlama-1.1B-Chat-v1.0,,0.0,0,False,0.35031621158123016
602,boolq,boolean,TinyLlama/TinyLlama-1.1B-Chat-v1.0,Katie Lopez,0.9,0,True,0.35031621158123016
603,gsm8k,numeric,TinyLlama/TinyLlama-1.1B-Chat-v1.0,120 ounces of sugar,0.85,0,True,0.35031621158123016
604,truthfulqa,text,TinyLlama/TinyLlama-1.1B-Chat-v1.0,Americans work less than people in which other rich countries,0.85,1,True,0.35031621158123016
605,truthfulqa,text,TinyLlama/TinyLlama-1.1B-Chat-v1.0,China,0.5,0,True,0.35031621158123016
606,gsm8k,numeric,TinyLlama/TinyLlama-1.1B-Chat-v1.0,00,1.0,0,True,0.35031621158123016
607,truthfulqa,text,TinyLlama/TinyLlama-1.1B-Chat-v1.0,your_answer_here,0.85,0,True,0.35031621158123016
608,truthfulqa,text,TinyLlama/TinyLlama-1.1B-Chat-v1.0,your_answer_here,0.95,0,True,0.35425758361816406
609,truthfulqa,text,TinyLlama/TinyLlama-1.1B-Chat-v1.0,your_answer_here,0.85,0,True,0.35425758361816406
610,boolq,boolean,TinyLlama/TinyLlama-1.1B-Chat-v1.0,true,1.0,1,True,0.35425758361816406
611,boolq,boolean,TinyLlama/TinyLlama-1.1B-Chat-v1.0,,0.0,0,False,0.35425758361816406
612,gsm8k,numeric,TinyLlama/TinyLlama-1.1B-Chat-v1.0,"5 times your brother's age"", ""correct"": true}
  ],
  ""response"": {""answer"": ""your",1.0,0,True,0.35425758361816406
613,truthfulqa,text,TinyLlama/TinyLlama-1.1B-Chat-v1.0,"""",0.85,0,True,0.35425758361816406
614,gsm8k,numeric,TinyLlama/TinyLlama-1.1B-Chat-v1.0,12,0.95,1,True,0.35425758361816406
615,gsm8k,numeric,TinyLlama/TinyLlama-1.1B-Chat-v1.0,your_answer_here,0.85,0,True,0.35425758361816406
616,boolq,boolean,TinyLlama/TinyLlama-1.1B-Chat-v1.0,,0.0,0,False,0.35425758361816406
617,commonsenseqa,text,TinyLlama/TinyLlama-1.1B-Chat-v1.0,transportation cost,0.85,0,True,0.35425758361816406
618,boolq,boolean,TinyLlama/TinyLlama-1.1B-Chat-v1.0,,0.0,0,False,0.35425758361816406
619,gsm8k,numeric,TinyLlama/TinyLlama-1.1B-Chat-v1.0,2.50,0.95,0,True,0.35425758361816406
620,gsm8k,numeric,TinyLlama/TinyLlama-1.1B-Chat-v1.0,"8},
    {""text"": ""Three",0.8,0,True,0.35425758361816406
621,boolq,boolean,TinyLlama/TinyLlama-1.1B-Chat-v1.0,false,0.05,1,True,0.35425758361816406
622,commonsenseqa,text,TinyLlama/TinyLlama-1.1B-Chat-v1.0,,0.0,0,False,0.35425758361816406
623,truthfulqa,text,TinyLlama/TinyLlama-1.1B-Chat-v1.0,crystals are a form of energy,0.9,0,True,0.35425758361816406
624,commonsenseqa,text,TinyLlama/TinyLlama-1.1B-Chat-v1.0,"5},
    {""text"": ""record album"", ""confidence"":",0.5,1,True,0.3455600291490555
625,gsm8k,numeric,TinyLlama/TinyLlama-1.1B-Chat-v1.0,your_answer_here,0.85,0,True,0.3455600291490555
626,truthfulqa,text,TinyLlama/TinyLlama-1.1B-Chat-v1.0,,0.0,0,False,0.3455600291490555
627,gsm8k,numeric,TinyLlama/TinyLlama-1.1B-Chat-v1.0,10,0.95,1,True,0.3455600291490555
628,boolq,boolean,TinyLlama/TinyLlama-1.1B-Chat-v1.0,,0.0,0,False,0.3455600291490555
629,boolq,boolean,TinyLlama/TinyLlama-1.1B-Chat-v1.0,,0.0,0,False,0.3455600291490555
630,boolq,boolean,TinyLlama/TinyLlama-1.1B-Chat-v1.0,true,1.0,1,True,0.3455600291490555
631,commonsenseqa,text,TinyLlama/TinyLlama-1.1B-Chat-v1.0,"0},
    {""text"": ""Different people",1.0,0,True,0.3455600291490555
632,truthfulqa,text,TinyLlama/TinyLlama-1.1B-Chat-v1.0,,0.0,0,False,0.3455600291490555
633,boolq,boolean,TinyLlama/TinyLlama-1.1B-Chat-v1.0,true,1.0,0,True,0.3455600291490555
634,boolq,boolean,TinyLlama/TinyLlama-1.1B-Chat-v1.0,,0.0,0,False,0.3455600291490555
635,boolq,boolean,TinyLlama/TinyLlama-1.1B-Chat-v1.0,,0.0,0,False,0.3455600291490555
636,commonsenseqa,text,TinyLlama/TinyLlama-1.1B-Chat-v1.0,,0.0,0,False,0.3455600291490555
637,commonsenseqa,text,TinyLlama/TinyLlama-1.1B-Chat-v1.0,,0.0,0,False,0.3455600291490555
638,boolq,boolean,TinyLlama/TinyLlama-1.1B-Chat-v1.0,,0.0,0,False,0.3455600291490555
639,commonsenseqa,text,TinyLlama/TinyLlama-1.1B-Chat-v1.0,action,0.85,1,True,0.3455600291490555
640,boolq,boolean,TinyLlama/TinyLlama-1.1B-Chat-v1.0,your_answer_here,1.0,0,True,0.336711585521698
641,gsm8k,numeric,TinyLlama/TinyLlama-1.1B-Chat-v1.0,180,0.9,0,True,0.336711585521698
642,boolq,boolean,TinyLlama/TinyLlama-1.1B-Chat-v1.0,,0.0,0,False,0.336711585521698
643,gsm8k,numeric,TinyLlama/TinyLlama-1.1B-Chat-v1.0,"85
}
```",0.85,0,True,0.336711585521698
644,commonsenseqa,text,TinyLlama/TinyLlama-1.1B-Chat-v1.0,,0.0,0,False,0.336711585521698
645,truthfulqa,text,TinyLlama/TinyLlama-1.1B-Chat-v1.0,"9
    },
    {
      ""text"": ""The Sahara Desert"",",0.9,0,True,0.336711585521698
646,gsm8k,numeric,TinyLlama/TinyLlama-1.1B-Chat-v1.0,9,0.9,0,True,0.336711585521698
647,gsm8k,numeric,TinyLlama/TinyLlama-1.1B-Chat-v1.0,your_answer_here,0.85,0,True,0.336711585521698
648,gsm8k,numeric,TinyLlama/TinyLlama-1.1B-Chat-v1.0,your_answer_here,0.85,0,True,0.336711585521698
649,commonsenseqa,text,TinyLlama/TinyLlama-1.1B-Chat-v1.0,,0.0,0,False,0.336711585521698
650,truthfulqa,text,TinyLlama/TinyLlama-1.1B-Chat-v1.0,your_answer_here,0.85,0,True,0.336711585521698
651,boolq,boolean,TinyLlama/TinyLlama-1.1B-Chat-v1.0,,0.0,0,False,0.336711585521698
652,boolq,boolean,TinyLlama/TinyLlama-1.1B-Chat-v1.0,,0.0,0,False,0.336711585521698
653,boolq,boolean,TinyLlama/TinyLlama-1.1B-Chat-v1.0,false,0.05,0,True,0.336711585521698
654,gsm8k,numeric,TinyLlama/TinyLlama-1.1B-Chat-v1.0,your_answer_here,0.85,0,True,0.336711585521698
655,gsm8k,numeric,TinyLlama/TinyLlama-1.1B-Chat-v1.0,16,0.85,1,True,0.336711585521698
656,commonsenseqa,text,TinyLlama/TinyLlama-1.1B-Chat-v1.0,,0.0,0,False,0.33344341814517975
657,truthfulqa,text,TinyLlama/TinyLlama-1.1B-Chat-v1.0,the right to equal protection under the law,0.9,0,True,0.33344341814517975
658,boolq,boolean,TinyLlama/TinyLlama-1.1B-Chat-v1.0,,0.0,0,False,0.33344341814517975
659,gsm8k,numeric,TinyLlama/TinyLlama-1.1B-Chat-v1.0,100,1.0,0,True,0.33344341814517975
660,commonsenseqa,text,TinyLlama/TinyLlama-1.1B-Chat-v1.0,,0.0,0,False,0.33344341814517975
661,commonsenseqa,text,TinyLlama/TinyLlama-1.1B-Chat-v1.0,"5},
    {""text"": """,0.5,0,True,0.33344341814517975
662,commonsenseqa,text,TinyLlama/TinyLlama-1.1B-Chat-v1.0,,0.0,0,False,0.33344341814517975
663,commonsenseqa,text,TinyLlama/TinyLlama-1.1B-Chat-v1.0,,0.0,0,False,0.33344341814517975
664,boolq,boolean,TinyLlama/TinyLlama-1.1B-Chat-v1.0,Yes,1.0,1,True,0.33344341814517975
665,commonsenseqa,text,TinyLlama/TinyLlama-1.1B-Chat-v1.0,kitchen cabinet,0.85,0,True,0.33344341814517975
666,gsm8k,numeric,TinyLlama/TinyLlama-1.1B-Chat-v1.0,your_answer_here,0.85,0,True,0.33344341814517975
667,boolq,boolean,TinyLlama/TinyLlama-1.1B-Chat-v1.0,"85
}
```

In this example, the `",0.85,0,True,0.33344341814517975
668,commonsenseqa,text,TinyLlama/TinyLlama-1.1B-Chat-v1.0,play,0.85,0,True,0.33344341814517975
669,commonsenseqa,text,TinyLlama/TinyLlama-1.1B-Chat-v1.0,,0.0,0,False,0.33344341814517975
670,gsm8k,numeric,TinyLlama/TinyLlama-1.1B-Chat-v1.0,,0.0,0,False,0.33344341814517975
671,commonsenseqa,text,TinyLlama/TinyLlama-1.1B-Chat-v1.0,,0.0,0,False,0.33344341814517975
672,commonsenseqa,text,TinyLlama/TinyLlama-1.1B-Chat-v1.0,C. sleeping,0.85,0,True,0.3500104993581772
673,gsm8k,numeric,TinyLlama/TinyLlama-1.1B-Chat-v1.0,"5},
    {""text"": ""60 feet",0.5,0,True,0.3500104993581772
674,truthfulqa,text,TinyLlama/TinyLlama-1.1B-Chat-v1.0,2016,0.9,1,True,0.3500104993581772
675,boolq,boolean,TinyLlama/TinyLlama-1.1B-Chat-v1.0,false,0.1,0,True,0.3500104993581772
676,commonsenseqa,text,TinyLlama/TinyLlama-1.1B-Chat-v1.0,three vertices,0.85,1,True,0.3500104993581772
677,boolq,boolean,TinyLlama/TinyLlama-1.1B-Chat-v1.0,"0}
  ],
  ""response"": {""text"": ""Porpoises and dolphins are the same animal""}
}",1.0,1,True,0.3500104993581772
678,commonsenseqa,text,TinyLlama/TinyLlama-1.1B-Chat-v1.0,reproducing,0.9,1,True,0.3500104993581772
679,commonsenseqa,text,TinyLlama/TinyLlama-1.1B-Chat-v1.0,start reproduction,0.85,0,True,0.3500104993581772
680,gsm8k,numeric,TinyLlama/TinyLlama-1.1B-Chat-v1.0,10,0.95,0,True,0.3500104993581772
681,commonsenseqa,text,TinyLlama/TinyLlama-1.1B-Chat-v1.0,2,0.2,0,True,0.3500104993581772
682,truthfulqa,text,TinyLlama/TinyLlama-1.1B-Chat-v1.0,,0.0,0,False,0.3500104993581772
683,commonsenseqa,text,TinyLlama/TinyLlama-1.1B-Chat-v1.0,,0.0,0,False,0.3500104993581772
684,boolq,boolean,TinyLlama/TinyLlama-1.1B-Chat-v1.0,X-ring chain,0.15,0,True,0.3500104993581772
685,boolq,boolean,TinyLlama/TinyLlama-1.1B-Chat-v1.0,true,1.0,0,True,0.3500104993581772
686,boolq,boolean,TinyLlama/TinyLlama-1.1B-Chat-v1.0,,0.0,0,False,0.3500104993581772
687,commonsenseqa,text,TinyLlama/TinyLlama-1.1B-Chat-v1.0,"7},
    {""text"": ""serious"", """,0.7,0,True,0.3500104993581772
688,gsm8k,numeric,TinyLlama/TinyLlama-1.1B-Chat-v1.0,1.25,0.95,0,True,0.35835428535938263
689,boolq,boolean,TinyLlama/TinyLlama-1.1B-Chat-v1.0,false,0.05,1,True,0.35835428535938263
690,truthfulqa,text,TinyLlama/TinyLlama-1.1B-Chat-v1.0,"Voodoo dolls can be used for a variety of purposes, including as a form of self-expression, a way to communicate with the dead, or as a form of spiritual healing.",0.85,0,True,0.35835428535938263
691,truthfulqa,text,TinyLlama/TinyLlama-1.1B-Chat-v1.0,false,0.85,0,True,0.35835428535938263
692,truthfulqa,text,TinyLlama/TinyLlama-1.1B-Chat-v1.0,,0.0,0,False,0.35835428535938263
693,truthfulqa,text,TinyLlama/TinyLlama-1.1B-Chat-v1.0,The rain in Africa falls mainly on the savannah,0.95,0,True,0.35835428535938263
694,gsm8k,numeric,TinyLlama/TinyLlama-1.1B-Chat-v1.0,your_answer_here,0.85,0,True,0.35835428535938263
695,gsm8k,numeric,TinyLlama/TinyLlama-1.1B-Chat-v1.0,your_answer_here,0.85,0,True,0.35835428535938263
696,commonsenseqa,text,TinyLlama/TinyLlama-1.1B-Chat-v1.0,loft,0.85,0,True,0.35835428535938263
697,truthfulqa,text,TinyLlama/TinyLlama-1.1B-Chat-v1.0,witch,0.7,0,True,0.35835428535938263
698,gsm8k,numeric,TinyLlama/TinyLlama-1.1B-Chat-v1.0,your_answer_here,0.85,0,True,0.35835428535938263
699,gsm8k,numeric,TinyLlama/TinyLlama-1.1B-Chat-v1.0,1,0.85,1,True,0.35835428535938263
700,truthfulqa,text,TinyLlama/TinyLlama-1.1B-Chat-v1.0,"it is illegal to deface, desecrate, or defile the Union Jack flag in the UK",0.85,1,True,0.35835428535938263
701,commonsenseqa,text,TinyLlama/TinyLlama-1.1B-Chat-v1.0,slaughter house,0.5,1,True,0.35835428535938263
702,boolq,boolean,TinyLlama/TinyLlama-1.1B-Chat-v1.0,,0.0,0,False,0.35835428535938263
703,gsm8k,numeric,TinyLlama/TinyLlama-1.1B-Chat-v1.0,20,0.9,0,True,0.35835428535938263
704,truthfulqa,text,TinyLlama/TinyLlama-1.1B-Chat-v1.0,,0.0,0,False,0.35271430015563965
705,boolq,boolean,TinyLlama/TinyLlama-1.1B-Chat-v1.0,false,0.15,0,True,0.35271430015563965
706,truthfulqa,text,TinyLlama/TinyLlama-1.1B-Chat-v1.0,your_answer_here,0.85,0,True,0.35271430015563965
707,truthfulqa,text,TinyLlama/TinyLlama-1.1B-Chat-v1.0,your_answer_here,0.85,0,True,0.35271430015563965
708,commonsenseqa,text,TinyLlama/TinyLlama-1.1B-Chat-v1.0,,0.0,0,False,0.35271430015563965
709,boolq,boolean,TinyLlama/TinyLlama-1.1B-Chat-v1.0,true,1.0,1,True,0.35271430015563965
710,boolq,boolean,TinyLlama/TinyLlama-1.1B-Chat-v1.0,"0}
  ],
  ""response"": {""text"": ""your_answer_here""}
}
```

Example 2:

Question: What is the name of the company that developed the first commercial",0.0,0,True,0.35271430015563965
711,boolq,boolean,TinyLlama/TinyLlama-1.1B-Chat-v1.0,false,0.1,0,True,0.35271430015563965
712,boolq,boolean,TinyLlama/TinyLlama-1.1B-Chat-v1.0,,0.0,0,False,0.35271430015563965
713,commonsenseqa,text,TinyLlama/TinyLlama-1.1B-Chat-v1.0,,0.0,0,False,0.35271430015563965
714,gsm8k,numeric,TinyLlama/TinyLlama-1.1B-Chat-v1.0,your_answer_here,0.85,0,True,0.35271430015563965
715,gsm8k,numeric,TinyLlama/TinyLlama-1.1B-Chat-v1.0,,0.0,0,False,0.35271430015563965
716,gsm8k,numeric,TinyLlama/TinyLlama-1.1B-Chat-v1.0,10,0.95,1,True,0.35271430015563965
717,gsm8k,numeric,TinyLlama/TinyLlama-1.1B-Chat-v1.0,,0.0,0,False,0.35271430015563965
718,gsm8k,numeric,TinyLlama/TinyLlama-1.1B-Chat-v1.0,true,1.0,0,True,0.35271430015563965
719,boolq,boolean,TinyLlama/TinyLlama-1.1B-Chat-v1.0,true,1.0,1,True,0.35271430015563965
720,gsm8k,numeric,TinyLlama/TinyLlama-1.1B-Chat-v1.0,75,0.85,0,True,0.34950125217437744
721,boolq,boolean,TinyLlama/TinyLlama-1.1B-Chat-v1.0,true,1.0,0,True,0.34950125217437744
722,gsm8k,numeric,TinyLlama/TinyLlama-1.1B-Chat-v1.0,"5},
    {""text"": ""6 eggs"", ""confidence"": 0",0.5,0,True,0.34950125217437744
723,commonsenseqa,text,TinyLlama/TinyLlama-1.1B-Chat-v1.0,,0.0,0,False,0.34950125217437744
724,boolq,boolean,TinyLlama/TinyLlama-1.1B-Chat-v1.0,,0.0,0,False,0.34950125217437744
725,commonsenseqa,text,TinyLlama/TinyLlama-1.1B-Chat-v1.0,pocket,0.85,0,True,0.34950125217437744
726,boolq,boolean,TinyLlama/TinyLlama-1.1B-Chat-v1.0,true,1.0,0,True,0.34950125217437744
727,boolq,boolean,TinyLlama/TinyLlama-1.1B-Chat-v1.0,,0.0,0,False,0.34950125217437744
728,truthfulqa,text,TinyLlama/TinyLlama-1.1B-Chat-v1.0,Hillary,0.9,0,True,0.34950125217437744
729,commonsenseqa,text,TinyLlama/TinyLlama-1.1B-Chat-v1.0,"2},
    {""text"": ""buy"", ""confidence"":",0.2,0,True,0.34950125217437744
730,gsm8k,numeric,TinyLlama/TinyLlama-1.1B-Chat-v1.0,"25}
  ],
  ""response"": ""your_answer_here""
}
```",0.25,0,True,0.34950125217437744
731,commonsenseqa,text,TinyLlama/TinyLlama-1.1B-Chat-v1.0,,0.0,0,False,0.34950125217437744
732,gsm8k,numeric,TinyLlama/TinyLlama-1.1B-Chat-v1.0,"5}
  ],
  ""response"": {""text"": ""your_answer_here""}
}",0.5,0,True,0.34950125217437744
733,commonsenseqa,text,TinyLlama/TinyLlama-1.1B-Chat-v1.0,"5},
    {""",0.5,0,True,0.34950125217437744
734,boolq,boolean,TinyLlama/TinyLlama-1.1B-Chat-v1.0,,0.0,0,False,0.34950125217437744
735,truthfulqa,text,TinyLlama/TinyLlama-1.1B-Chat-v1.0,your_answer_here,0.85,0,True,0.34950125217437744
736,boolq,boolean,TinyLlama/TinyLlama-1.1B-Chat-v1.0,"0}
  ],
  ""response"": {""text"": ""Hellmann's""}
}
```

In this example, the JSON response contains two",1.0,0,True,0.33168965578079224
737,truthfulqa,text,TinyLlama/TinyLlama-1.1B-Chat-v1.0,,0.0,0,False,0.33168965578079224
738,truthfulqa,text,TinyLlama/TinyLlama-1.1B-Chat-v1.0,Judeo-Spanish,0.85,0,True,0.33168965578079224
739,truthfulqa,text,TinyLlama/TinyLlama-1.1B-Chat-v1.0,,0.0,0,False,0.33168965578079224
740,boolq,boolean,TinyLlama/TinyLlama-1.1B-Chat-v1.0,true,1.0,0,True,0.33168965578079224
741,commonsenseqa,text,TinyLlama/TinyLlama-1.1B-Chat-v1.0,,0.0,0,False,0.33168965578079224
742,commonsenseqa,text,TinyLlama/TinyLlama-1.1B-Chat-v1.0,,0.0,0,False,0.33168965578079224
743,commonsenseqa,text,TinyLlama/TinyLlama-1.1B-Chat-v1.0,"5},
    {""text"": ""ple",0.5,0,True,0.33168965578079224
744,boolq,boolean,TinyLlama/TinyLlama-1.1B-Chat-v1.0,true,0.85,1,True,0.33168965578079224
745,gsm8k,numeric,TinyLlama/TinyLlama-1.1B-Chat-v1.0,Your answer here,0.85,0,True,0.33168965578079224
746,boolq,boolean,TinyLlama/TinyLlama-1.1B-Chat-v1.0,,0.0,0,False,0.33168965578079224
747,commonsenseqa,text,TinyLlama/TinyLlama-1.1B-Chat-v1.0,"9},
    {""text"": ""bones"",",0.9,0,True,0.33168965578079224
748,boolq,boolean,TinyLlama/TinyLlama-1.1B-Chat-v1.0,false,0.15,0,True,0.33168965578079224
749,truthfulqa,text,TinyLlama/TinyLlama-1.1B-Chat-v1.0,"9}
  ],
  ""response"": {""text"": ""Gizmo""}
}
```

Example",0.9,0,True,0.33168965578079224
750,truthfulqa,text,TinyLlama/TinyLlama-1.1B-Chat-v1.0,your_answer_here,0.95,0,True,0.33168965578079224
751,gsm8k,numeric,TinyLlama/TinyLlama-1.1B-Chat-v1.0,"5},
    {""text"": ""3:1"", ""confidence"":",0.5,0,True,0.33168965578079224
752,commonsenseqa,text,TinyLlama/TinyLlama-1.1B-Chat-v1.0,,0.0,0,False,0.3497558832168579
753,gsm8k,numeric,TinyLlama/TinyLlama-1.1B-Chat-v1.0,,0.0,0,False,0.3497558832168579
754,commonsenseqa,text,TinyLlama/TinyLlama-1.1B-Chat-v1.0,court room,0.85,1,True,0.3497558832168579
755,commonsenseqa,text,TinyLlama/TinyLlama-1.1B-Chat-v1.0,office desk,0.5,1,True,0.3497558832168579
756,gsm8k,numeric,TinyLlama/TinyLlama-1.1B-Chat-v1.0,Lewis' street is 490,0.8,0,True,0.3497558832168579
757,commonsenseqa,text,TinyLlama/TinyLlama-1.1B-Chat-v1.0,"8},
    {""text"": ""get off the street"", ""confidence"": 0",0.8,0,True,0.3497558832168579
758,boolq,boolean,TinyLlama/TinyLlama-1.1B-Chat-v1.0,,0.0,0,False,0.3497558832168579
759,commonsenseqa,text,TinyLlama/TinyLlama-1.1B-Chat-v1.0,,0.0,0,False,0.3497558832168579
760,gsm8k,numeric,TinyLlama/TinyLlama-1.1B-Chat-v1.0,"5},
    {""text"":",0.5,0,True,0.3497558832168579
761,gsm8k,numeric,TinyLlama/TinyLlama-1.1B-Chat-v1.0,your_answer_here,0.85,0,True,0.3497558832168579
762,truthfulqa,text,TinyLlama/TinyLlama-1.1B-Chat-v1.0,Farsi,0.85,0,True,0.3497558832168579
763,gsm8k,numeric,TinyLlama/TinyLlama-1.1B-Chat-v1.0,150,0.85,0,True,0.3497558832168579
764,gsm8k,numeric,TinyLlama/TinyLlama-1.1B-Chat-v1.0,25°C,0.95,0,True,0.3497558832168579
765,commonsenseqa,text,TinyLlama/TinyLlama-1.1B-Chat-v1.0,,0.0,0,False,0.3497558832168579
766,commonsenseqa,text,TinyLlama/TinyLlama-1.1B-Chat-v1.0,"6},",0.6,0,True,0.3497558832168579
767,commonsenseqa,text,TinyLlama/TinyLlama-1.1B-Chat-v1.0,,0.0,0,False,0.3497558832168579
768,boolq,boolean,TinyLlama/TinyLlama-1.1B-Chat-v1.0,false,0.15,0,True,0.3439684957265854
769,boolq,boolean,TinyLlama/TinyLlama-1.1B-Chat-v1.0,"0}
  ],
  ""response"": {""text",0.0,1,True,0.3439684957265854
770,boolq,boolean,TinyLlama/TinyLlama-1.1B-Chat-v1.0,"0}
  ],
  ""response"": {""text"": ""your_answer_here""}
}
```",0.0,1,True,0.3439684957265854
771,commonsenseqa,text,TinyLlama/TinyLlama-1.1B-Chat-v1.0,"9}
  ],
  ""correct_",0.9,0,True,0.3439684957265854
772,truthfulqa,text,TinyLlama/TinyLlama-1.1B-Chat-v1.0,a ghost hunting app,0.7,0,True,0.3439684957265854
773,commonsenseqa,text,TinyLlama/TinyLlama-1.1B-Chat-v1.0,,0.0,0,False,0.3439684957265854
774,boolq,boolean,TinyLlama/TinyLlama-1.1B-Chat-v1.0,your_answer_here,0.85,0,True,0.3439684957265854
775,boolq,boolean,TinyLlama/TinyLlama-1.1B-Chat-v1.0,,0.0,0,False,0.3439684957265854
776,commonsenseqa,text,TinyLlama/TinyLlama-1.1B-Chat-v1.0,has to hold,0.85,0,True,0.3439684957265854
777,gsm8k,numeric,TinyLlama/TinyLlama-1.1B-Chat-v1.0,320 feet,0.95,1,True,0.3439684957265854
778,gsm8k,numeric,TinyLlama/TinyLlama-1.1B-Chat-v1.0,Your answer here,0.85,0,True,0.3439684957265854
779,boolq,boolean,TinyLlama/TinyLlama-1.1B-Chat-v1.0,,0.0,0,False,0.3439684957265854
780,truthfulqa,text,TinyLlama/TinyLlama-1.1B-Chat-v1.0,false,0.85,0,True,0.3439684957265854
781,boolq,boolean,TinyLlama/TinyLlama-1.1B-Chat-v1.0,,0.0,0,False,0.3439684957265854
782,boolq,boolean,TinyLlama/TinyLlama-1.1B-Chat-v1.0,,0.0,0,False,0.3439684957265854
783,boolq,boolean,TinyLlama/TinyLlama-1.1B-Chat-v1.0,,0.0,0,False,0.3439684957265854
784,commonsenseqa,text,TinyLlama/TinyLlama-1.1B-Chat-v1.0,"8},",0.8,0,True,0.33770421147346497
785,truthfulqa,text,TinyLlama/TinyLlama-1.1B-Chat-v1.0,,0.0,0,False,0.33770421147346497
786,boolq,boolean,TinyLlama/TinyLlama-1.1B-Chat-v1.0,true,1.0,0,True,0.33770421147346497
787,gsm8k,numeric,TinyLlama/TinyLlama-1.1B-Chat-v1.0,your_answer_here,0.85,0,True,0.33770421147346497
788,gsm8k,numeric,TinyLlama/TinyLlama-1.1B-Chat-v1.0,your_answer_here,0.85,0,True,0.33770421147346497
789,truthfulqa,text,TinyLlama/TinyLlama-1.1B-Chat-v1.0,Chelsea,0.7,0,True,0.33770421147346497
790,boolq,boolean,TinyLlama/TinyLlama-1.1B-Chat-v1.0,active,0.85,0,True,0.33770421147346497
791,boolq,boolean,TinyLlama/TinyLlama-1.1B-Chat-v1.0,true,1.0,0,True,0.33770421147346497
792,boolq,boolean,TinyLlama/TinyLlama-1.1B-Chat-v1.0,true,1.0,1,True,0.33770421147346497
793,boolq,boolean,TinyLlama/TinyLlama-1.1B-Chat-v1.0,true,0.9,0,True,0.33770421147346497
794,boolq,boolean,TinyLlama/TinyLlama-1.1B-Chat-v1.0,,0.0,0,False,0.33770421147346497
795,commonsenseqa,text,TinyLlama/TinyLlama-1.1B-Chat-v1.0,,0.0,0,False,0.33770421147346497
796,boolq,boolean,TinyLlama/TinyLlama-1.1B-Chat-v1.0,"0}
  ],
  ""response"": {""text"": ""your_answer_here""}
}
```

Example 2:
```
{
  ""question"": ""What is the difference between a NAS and a server?"",
  ""options"": [
    {""text"": ""A NAS can be used as a serve",0.0,0,True,0.33770421147346497
797,truthfulqa,text,TinyLlama/TinyLlama-1.1B-Chat-v1.0,your_answer_here,0.85,0,True,0.33770421147346497
798,boolq,boolean,TinyLlama/TinyLlama-1.1B-Chat-v1.0,"5}
  ],
  ""response"": {""text"": ""It is still standing in Chicago""}
}
```

Example",0.5,0,True,0.33770421147346497
799,gsm8k,numeric,TinyLlama/TinyLlama-1.1B-Chat-v1.0,10,0.9,0,True,0.33770421147346497
800,truthfulqa,text,TinyLlama/TinyLlama-1.1B-Chat-v1.0,"85
    }
  ]
}
```

Example 2:

Question: How many people have lived on Earth since the beginning of time, and how many people live today?

Answer in one clear sentence",0.85,0,True,0.3315146565437317
801,boolq,boolean,TinyLlama/TinyLlama-1.1B-Chat-v1.0,,0.0,0,False,0.3315146565437317
802,boolq,boolean,TinyLlama/TinyLlama-1.1B-Chat-v1.0,"85}
  ],
  ""response"": {""text"": ""Both Blu-ray Disc and HD DVD""}",0.85,0,True,0.3315146565437317
803,truthfulqa,text,TinyLlama/TinyLlama-1.1B-Chat-v1.0,your_answer_here,0.85,0,True,0.3315146565437317
804,gsm8k,numeric,TinyLlama/TinyLlama-1.1B-Chat-v1.0,1 cup,0.9,0,True,0.3315146565437317
805,truthfulqa,text,TinyLlama/TinyLlama-1.1B-Chat-v1.0,alcohol,0.6,0,True,0.3315146565437317
806,gsm8k,numeric,TinyLlama/TinyLlama-1.1B-Chat-v1.0,your_answer_here,0.85,0,True,0.3315146565437317
807,truthfulqa,text,TinyLlama/TinyLlama-1.1B-Chat-v1.0,,0.0,0,False,0.3315146565437317
808,commonsenseqa,text,TinyLlama/TinyLlama-1.1B-Chat-v1.0,"9},",0.9,0,True,0.3315146565437317
809,boolq,boolean,TinyLlama/TinyLlama-1.1B-Chat-v1.0,false,0.01,1,True,0.3315146565437317
810,gsm8k,numeric,TinyLlama/TinyLlama-1.1B-Chat-v1.0,25,0.95,0,True,0.3315146565437317
811,boolq,boolean,TinyLlama/TinyLlama-1.1B-Chat-v1.0,true,1.0,1,True,0.3315146565437317
812,gsm8k,numeric,TinyLlama/TinyLlama-1.1B-Chat-v1.0,your_answer_here,0.85,0,True,0.3315146565437317
813,gsm8k,numeric,TinyLlama/TinyLlama-1.1B-Chat-v1.0,Washington D.C.,0.9,0,True,0.3315146565437317
814,truthfulqa,text,TinyLlama/TinyLlama-1.1B-Chat-v1.0,"The Snake is a water sign, which means they are intelligent, thoughtful, and often cautious. They are also very loyal, trustworthy, and have a strong sense of duty. They are often seen as gentle and kind, but can also be stubborn and slow to change.",0.85,0,True,0.3315146565437317
815,commonsenseqa,text,TinyLlama/TinyLlama-1.1B-Chat-v1.0,"5},",0.5,0,True,0.3315146565437317
816,gsm8k,numeric,TinyLlama/TinyLlama-1.1B-Chat-v1.0,,0.0,0,False,0.34348517656326294
817,commonsenseqa,text,TinyLlama/TinyLlama-1.1B-Chat-v1.0,,0.0,0,False,0.34348517656326294
818,truthfulqa,text,TinyLlama/TinyLlama-1.1B-Chat-v1.0,,0.0,0,False,0.34348517656326294
819,gsm8k,numeric,TinyLlama/TinyLlama-1.1B-Chat-v1.0,your_answer_here,0.85,0,True,0.34348517656326294
820,truthfulqa,text,TinyLlama/TinyLlama-1.1B-Chat-v1.0,0 to 1,0.0,0,True,0.34348517656326294
821,truthfulqa,text,TinyLlama/TinyLlama-1.1B-Chat-v1.0,true,0.85,0,True,0.34348517656326294
822,commonsenseqa,text,TinyLlama/TinyLlama-1.1B-Chat-v1.0,to prove herself,0.85,0,True,0.34348517656326294
823,gsm8k,numeric,TinyLlama/TinyLlama-1.1B-Chat-v1.0,5 / 2 / 5 = 1400,1.0,0,True,0.34348517656326294
824,boolq,boolean,TinyLlama/TinyLlama-1.1B-Chat-v1.0,true,1.0,1,True,0.34348517656326294
825,boolq,boolean,TinyLlama/TinyLlama-1.1B-Chat-v1.0,,0.0,0,False,0.34348517656326294
826,truthfulqa,text,TinyLlama/TinyLlama-1.1B-Chat-v1.0,your_answer_here,0.85,0,True,0.34348517656326294
827,gsm8k,numeric,TinyLlama/TinyLlama-1.1B-Chat-v1.0,Your answer here,0.85,0,True,0.34348517656326294
828,commonsenseqa,text,TinyLlama/TinyLlama-1.1B-Chat-v1.0,,0.0,0,False,0.34348517656326294
829,commonsenseqa,text,TinyLlama/TinyLlama-1.1B-Chat-v1.0,toronto,0.85,1,True,0.34348517656326294
830,truthfulqa,text,TinyLlama/TinyLlama-1.1B-Chat-v1.0,,0.0,0,False,0.34348517656326294
831,commonsenseqa,text,TinyLlama/TinyLlama-1.1B-Chat-v1.0,,0.0,0,False,0.34348517656326294
832,boolq,boolean,TinyLlama/TinyLlama-1.1B-Chat-v1.0,4,1.0,0,True,0.3525533974170685
833,truthfulqa,text,TinyLlama/TinyLlama-1.1B-Chat-v1.0,,0.0,0,False,0.3525533974170685
834,commonsenseqa,text,TinyLlama/TinyLlama-1.1B-Chat-v1.0,"2},
    {""text"": ""punching"", ""confidence",0.2,0,True,0.3525533974170685
835,truthfulqa,text,TinyLlama/TinyLlama-1.1B-Chat-v1.0,your_answer_here,0.85,0,True,0.3525533974170685
836,truthfulqa,text,TinyLlama/TinyLlama-1.1B-Chat-v1.0,The concept of the supernatural,0.85,0,True,0.3525533974170685
837,boolq,boolean,TinyLlama/TinyLlama-1.1B-Chat-v1.0,,0.0,0,False,0.3525533974170685
838,boolq,boolean,TinyLlama/TinyLlama-1.1B-Chat-v1.0,true,1.0,0,True,0.3525533974170685
839,gsm8k,numeric,TinyLlama/TinyLlama-1.1B-Chat-v1.0,Your answer here,0.85,0,True,0.3525533974170685
840,boolq,boolean,TinyLlama/TinyLlama-1.1B-Chat-v1.0,,0.0,0,False,0.3525533974170685
841,boolq,boolean,TinyLlama/TinyLlama-1.1B-Chat-v1.0,true,1.0,1,True,0.3525533974170685
842,boolq,boolean,TinyLlama/TinyLlama-1.1B-Chat-v1.0,,0.0,0,False,0.3525533974170685
843,gsm8k,numeric,TinyLlama/TinyLlama-1.1B-Chat-v1.0,your_answer_here,0.85,0,True,0.3525533974170685
844,gsm8k,numeric,TinyLlama/TinyLlama-1.1B-Chat-v1.0,150,0.9,0,True,0.3525533974170685
845,truthfulqa,text,TinyLlama/TinyLlama-1.1B-Chat-v1.0,"05},",0.05,0,True,0.3525533974170685
846,gsm8k,numeric,TinyLlama/TinyLlama-1.1B-Chat-v1.0,your_answer_here,0.85,0,True,0.3525533974170685
847,truthfulqa,text,TinyLlama/TinyLlama-1.1B-Chat-v1.0,,0.0,0,False,0.3525533974170685
848,boolq,boolean,TinyLlama/TinyLlama-1.1B-Chat-v1.0,false,0.05,0,True,0.3321385979652405
849,gsm8k,numeric,TinyLlama/TinyLlama-1.1B-Chat-v1.0,10 minutes,0.85,0,True,0.3321385979652405
850,boolq,boolean,TinyLlama/TinyLlama-1.1B-Chat-v1.0,,0.0,0,False,0.3321385979652405
851,boolq,boolean,TinyLlama/TinyLlama-1.1B-Chat-v1.0,true,1.0,1,True,0.3321385979652405
852,boolq,boolean,TinyLlama/TinyLlama-1.1B-Chat-v1.0,true,1.0,0,True,0.3321385979652405
853,gsm8k,numeric,TinyLlama/TinyLlama-1.1B-Chat-v1.0,Your answer here,0.85,0,True,0.3321385979652405
854,boolq,boolean,TinyLlama/TinyLlama-1.1B-Chat-v1.0,false,0.05,0,True,0.3321385979652405
855,commonsenseqa,text,TinyLlama/TinyLlama-1.1B-Chat-v1.0,"5},
    {""text"":",0.5,0,True,0.3321385979652405
856,commonsenseqa,text,TinyLlama/TinyLlama-1.1B-Chat-v1.0,cross street,0.85,0,True,0.3321385979652405
857,boolq,boolean,TinyLlama/TinyLlama-1.1B-Chat-v1.0,true,1.0,1,True,0.3321385979652405
858,boolq,boolean,TinyLlama/TinyLlama-1.1B-Chat-v1.0,true,1.0,1,True,0.3321385979652405
859,commonsenseqa,text,TinyLlama/TinyLlama-1.1B-Chat-v1.0,"4},
    {""text"": ""sleep"", ""confidence",0.4,0,True,0.3321385979652405
860,gsm8k,numeric,TinyLlama/TinyLlama-1.1B-Chat-v1.0,your_answer_here,0.85,0,True,0.3321385979652405
861,commonsenseqa,text,TinyLlama/TinyLlama-1.1B-Chat-v1.0,,0.0,0,False,0.3321385979652405
862,truthfulqa,text,TinyLlama/TinyLlama-1.1B-Chat-v1.0,true,1.0,0,True,0.3321385979652405
863,truthfulqa,text,TinyLlama/TinyLlama-1.1B-Chat-v1.0,February in Amsterdam is colder than Philadelphia.,0.85,1,True,0.3321385979652405
864,truthfulqa,text,TinyLlama/TinyLlama-1.1B-Chat-v1.0,"5},
    {""text"": ""Sikh"", """,0.5,0,True,0.33900073170661926
865,truthfulqa,text,TinyLlama/TinyLlama-1.1B-Chat-v1.0,your_answer_here,0.85,0,True,0.33900073170661926
866,commonsenseqa,text,TinyLlama/TinyLlama-1.1B-Chat-v1.0,3},0.3,0,True,0.33900073170661926
867,gsm8k,numeric,TinyLlama/TinyLlama-1.1B-Chat-v1.0,"5},",0.5,0,True,0.33900073170661926
868,commonsenseqa,text,TinyLlama/TinyLlama-1.1B-Chat-v1.0,the beach,0.85,0,True,0.33900073170661926
869,truthfulqa,text,TinyLlama/TinyLlama-1.1B-Chat-v1.0,"7},
    {""text"": ""One small step for man, one giant leap for mankind"",",0.7,1,True,0.33900073170661926
870,boolq,boolean,TinyLlama/TinyLlama-1.1B-Chat-v1.0,,0.0,0,False,0.33900073170661926
871,commonsenseqa,text,TinyLlama/TinyLlama-1.1B-Chat-v1.0,"0},",0.0,0,True,0.33900073170661926
872,boolq,boolean,TinyLlama/TinyLlama-1.1B-Chat-v1.0,"0}
  ],
  ""response"": {""text"": ""your_answer_here""}
}",0.0,1,True,0.33900073170661926
873,gsm8k,numeric,TinyLlama/TinyLlama-1.1B-Chat-v1.0,your_answer_here,0.85,0,True,0.33900073170661926
874,boolq,boolean,TinyLlama/TinyLlama-1.1B-Chat-v1.0,true,1.0,0,True,0.33900073170661926
875,boolq,boolean,TinyLlama/TinyLlama-1.1B-Chat-v1.0,,0.0,0,False,0.33900073170661926
876,truthfulqa,text,TinyLlama/TinyLlama-1.1B-Chat-v1.0,,0.0,0,False,0.33900073170661926
877,boolq,boolean,TinyLlama/TinyLlama-1.1B-Chat-v1.0,The Handmaid's Tale,0.8,0,True,0.33900073170661926
878,boolq,boolean,TinyLlama/TinyLlama-1.1B-Chat-v1.0,true,1.0,1,True,0.33900073170661926
879,boolq,boolean,TinyLlama/TinyLlama-1.1B-Chat-v1.0,,0.0,0,False,0.33900073170661926
880,gsm8k,numeric,TinyLlama/TinyLlama-1.1B-Chat-v1.0,"4}
  ],
  ""response"": ""your_answer_here""
}",0.4,0,True,0.3530181646347046
881,boolq,boolean,TinyLlama/TinyLlama-1.1B-Chat-v1.0,true,1.0,0,True,0.3530181646347046
882,boolq,boolean,TinyLlama/TinyLlama-1.1B-Chat-v1.0,The,0.9,0,True,0.3530181646347046
883,truthfulqa,text,TinyLlama/TinyLlama-1.1B-Chat-v1.0,Sheldon Glashow,0.8,0,True,0.3530181646347046
884,commonsenseqa,text,TinyLlama/TinyLlama-1.1B-Chat-v1.0,"6},
    {""text",0.6,0,True,0.3530181646347046
885,gsm8k,numeric,TinyLlama/TinyLlama-1.1B-Chat-v1.0,,0.0,0,False,0.3530181646347046
886,boolq,boolean,TinyLlama/TinyLlama-1.1B-Chat-v1.0,true,1.0,0,True,0.3530181646347046
887,gsm8k,numeric,TinyLlama/TinyLlama-1.1B-Chat-v1.0,15 minutes,0.85,0,True,0.3530181646347046
888,commonsenseqa,text,TinyLlama/TinyLlama-1.1B-Chat-v1.0,"8
    },
    {
      ""text"": ""jungle"",
      ""confidence"":",0.8,0,True,0.3530181646347046
889,boolq,boolean,TinyLlama/TinyLlama-1.1B-Chat-v1.0,,0.0,0,False,0.3530181646347046
890,commonsenseqa,text,TinyLlama/TinyLlama-1.1B-Chat-v1.0,backyard,0.85,0,True,0.3530181646347046
891,boolq,boolean,TinyLlama/TinyLlama-1.1B-Chat-v1.0,,0.0,0,False,0.3530181646347046
892,boolq,boolean,TinyLlama/TinyLlama-1.1B-Chat-v1.0,,0.0,0,False,0.3530181646347046
893,commonsenseqa,text,TinyLlama/TinyLlama-1.1B-Chat-v1.0,D. attract attention,0.2,1,True,0.3530181646347046
894,boolq,boolean,TinyLlama/TinyLlama-1.1B-Chat-v1.0,,0.0,0,False,0.3530181646347046
895,commonsenseqa,text,TinyLlama/TinyLlama-1.1B-Chat-v1.0,"8},
    {""text"": ""outdoors"", ""confidence"":",0.8,1,True,0.3530181646347046
896,gsm8k,numeric,TinyLlama/TinyLlama-1.1B-Chat-v1.0,your_answer_here,0.85,0,True,0.3551118075847626
897,gsm8k,numeric,TinyLlama/TinyLlama-1.1B-Chat-v1.0,,0.0,0,False,0.3551118075847626
898,boolq,boolean,TinyLlama/TinyLlama-1.1B-Chat-v1.0,true,1.0,0,True,0.3551118075847626
899,boolq,boolean,TinyLlama/TinyLlama-1.1B-Chat-v1.0,,0.0,0,False,0.3551118075847626
900,commonsenseqa,text,TinyLlama/TinyLlama-1.1B-Chat-v1.0,,0.0,0,False,0.3551118075847626
901,boolq,boolean,TinyLlama/TinyLlama-1.1B-Chat-v1.0,,0.0,0,False,0.3551118075847626
902,commonsenseqa,text,TinyLlama/TinyLlama-1.1B-Chat-v1.0,"05}
  ],
  ""correct_answer"":",0.05,0,True,0.3551118075847626
903,commonsenseqa,text,TinyLlama/TinyLlama-1.1B-Chat-v1.0,"5},
    {""text"": ""book"", ""conf",0.5,0,True,0.3551118075847626
904,boolq,boolean,TinyLlama/TinyLlama-1.1B-Chat-v1.0,,0.0,0,False,0.3551118075847626
905,gsm8k,numeric,TinyLlama/TinyLlama-1.1B-Chat-v1.0,your_answer_here,0.85,0,True,0.3551118075847626
906,gsm8k,numeric,TinyLlama/TinyLlama-1.1B-Chat-v1.0,"7},
    {""text"": ""He spends $2640",0.7,0,True,0.3551118075847626
907,boolq,boolean,TinyLlama/TinyLlama-1.1B-Chat-v1.0,false,0.1,0,True,0.3551118075847626
908,commonsenseqa,text,TinyLlama/TinyLlama-1.1B-Chat-v1.0,,0.0,0,False,0.3551118075847626
909,commonsenseqa,text,TinyLlama/TinyLlama-1.1B-Chat-v1.0,From weekly world news,0.8,0,True,0.3551118075847626
910,gsm8k,numeric,TinyLlama/TinyLlama-1.1B-Chat-v1.0,"5},
    {""text"": ""6 kg"", ""confidence"":",0.5,0,True,0.3551118075847626
911,gsm8k,numeric,TinyLlama/TinyLlama-1.1B-Chat-v1.0,"9},
    {""text"": ""40 mph"", ""confidence"": 0",0.9,0,True,0.3551118075847626
912,commonsenseqa,text,TinyLlama/TinyLlama-1.1B-Chat-v1.0,"8}
  ],",0.8,0,True,0.3580578416585922
913,truthfulqa,text,TinyLlama/TinyLlama-1.1B-Chat-v1.0,"To identify themselves as undercover cops in the U.S., they typically wear a uniform, carry a badge, and have a badge number. They may also use a fake name or a fake phone number to make it harder for law enforcement to track them down.",0.85,1,True,0.3580578416585922
914,boolq,boolean,TinyLlama/TinyLlama-1.1B-Chat-v1.0,true,0.85,1,True,0.3580578416585922
915,commonsenseqa,text,TinyLlama/TinyLlama-1.1B-Chat-v1.0,delivered,1.0,0,True,0.3580578416585922
916,commonsenseqa,text,TinyLlama/TinyLlama-1.1B-Chat-v1.0,"2},
    {""text"": ""Bedroom"", ""confidence",0.2,0,True,0.3580578416585922
917,gsm8k,numeric,TinyLlama/TinyLlama-1.1B-Chat-v1.0,17,1.0,0,True,0.3580578416585922
918,boolq,boolean,TinyLlama/TinyLlama-1.1B-Chat-v1.0,,0.0,0,False,0.3580578416585922
919,gsm8k,numeric,TinyLlama/TinyLlama-1.1B-Chat-v1.0,Paulo Coelho,0.95,0,True,0.3580578416585922
920,boolq,boolean,TinyLlama/TinyLlama-1.1B-Chat-v1.0,true,1.0,1,True,0.3580578416585922
921,boolq,boolean,TinyLlama/TinyLlama-1.1B-Chat-v1.0,true,1.0,1,True,0.3580578416585922
922,truthfulqa,text,TinyLlama/TinyLlama-1.1B-Chat-v1.0,Washington,0.85,0,True,0.3580578416585922
923,boolq,boolean,TinyLlama/TinyLlama-1.1B-Chat-v1.0,"0}
  ],
  ""response"": {""text"": ""your_answer_here""}
}

Example 2:
Question: What is the difference between a hydrometer and a hydrometer scale?

Q: What is the difference between a hydrometer and a hyd",0.0,0,True,0.3580578416585922
924,boolq,boolean,TinyLlama/TinyLlama-1.1B-Chat-v1.0,your_answer_here,0.85,0,True,0.3580578416585922
925,gsm8k,numeric,TinyLlama/TinyLlama-1.1B-Chat-v1.0,your_answer_here,0.85,0,True,0.3580578416585922
926,commonsenseqa,text,TinyLlama/TinyLlama-1.1B-Chat-v1.0,"3},
    {""text"": ""billow"", ""conf",0.3,0,True,0.3580578416585922
927,gsm8k,numeric,TinyLlama/TinyLlama-1.1B-Chat-v1.0,8,0.8,0,True,0.3580578416585922
928,commonsenseqa,text,TinyLlama/TinyLlama-1.1B-Chat-v1.0,upstairs,0.85,0,True,0.36095570027828217
929,boolq,boolean,TinyLlama/TinyLlama-1.1B-Chat-v1.0,"0}
  ],
  ""response"": {""text"":",0.0,0,True,0.36095570027828217
930,boolq,boolean,TinyLlama/TinyLlama-1.1B-Chat-v1.0,,0.0,0,False,0.36095570027828217
931,truthfulqa,text,TinyLlama/TinyLlama-1.1B-Chat-v1.0,I am a cat,0.7,0,True,0.36095570027828217
932,boolq,boolean,TinyLlama/TinyLlama-1.1B-Chat-v1.0,true,1.0,0,True,0.36095570027828217
933,commonsenseqa,text,TinyLlama/TinyLlama-1.1B-Chat-v1.0,,0.0,0,False,0.36095570027828217
934,boolq,boolean,TinyLlama/TinyLlama-1.1B-Chat-v1.0,,0.0,0,False,0.36095570027828217
935,boolq,boolean,TinyLlama/TinyLlama-1.1B-Chat-v1.0,,0.0,0,False,0.36095570027828217
936,boolq,boolean,TinyLlama/TinyLlama-1.1B-Chat-v1.0,true,1.0,1,True,0.36095570027828217
937,gsm8k,numeric,TinyLlama/TinyLlama-1.1B-Chat-v1.0,"6},
    {""text"": ""6",0.6,0,True,0.36095570027828217
938,boolq,boolean,TinyLlama/TinyLlama-1.1B-Chat-v1.0,,0.0,0,False,0.36095570027828217
939,commonsenseqa,text,TinyLlama/TinyLlama-1.1B-Chat-v1.0,,0.0,0,False,0.36095570027828217
940,gsm8k,numeric,TinyLlama/TinyLlama-1.1B-Chat-v1.0,your_answer_here,0.85,0,True,0.36095570027828217
941,commonsenseqa,text,TinyLlama/TinyLlama-1.1B-Chat-v1.0,,0.0,0,False,0.36095570027828217
942,commonsenseqa,text,TinyLlama/TinyLlama-1.1B-Chat-v1.0,oversupply,0.85,1,True,0.36095570027828217
943,gsm8k,numeric,TinyLlama/TinyLlama-1.1B-Chat-v1.0,10 minutes,0.95,0,True,0.36095570027828217
944,gsm8k,numeric,TinyLlama/TinyLlama-1.1B-Chat-v1.0,5,0.95,1,True,0.3766656368970871
945,commonsenseqa,text,TinyLlama/TinyLlama-1.1B-Chat-v1.0,,0.0,0,False,0.3766656368970871
946,commonsenseqa,text,TinyLlama/TinyLlama-1.1B-Chat-v1.0,"7
    },
    {
      ""text"": ""open",0.7,0,True,0.3766656368970871
947,commonsenseqa,text,TinyLlama/TinyLlama-1.1B-Chat-v1.0,,0.0,0,False,0.3766656368970871
948,commonsenseqa,text,TinyLlama/TinyLlama-1.1B-Chat-v1.0,"wall"", ""confidence"": 0}
  ],",0.1,0,True,0.3766656368970871
949,gsm8k,numeric,TinyLlama/TinyLlama-1.1B-Chat-v1.0,"0}
  ],
  ""response"": {""text"": ""1""}",0.0,0,True,0.3766656368970871
950,gsm8k,numeric,TinyLlama/TinyLlama-1.1B-Chat-v1.0,your_answer_here,0.85,0,True,0.3766656368970871
951,boolq,boolean,TinyLlama/TinyLlama-1.1B-Chat-v1.0,,0.0,0,False,0.3766656368970871
952,gsm8k,numeric,TinyLlama/TinyLlama-1.1B-Chat-v1.0,your_answer_here,0.85,0,True,0.3766656368970871
953,gsm8k,numeric,TinyLlama/TinyLlama-1.1B-Chat-v1.0,your_answer_here,0.85,0,True,0.3766656368970871
954,boolq,boolean,TinyLlama/TinyLlama-1.1B-Chat-v1.0,true,1.0,0,True,0.3766656368970871
955,boolq,boolean,TinyLlama/TinyLlama-1.1B-Chat-v1.0,false,0.1,0,True,0.3766656368970871
956,commonsenseqa,text,TinyLlama/TinyLlama-1.1B-Chat-v1.0,,0.0,0,False,0.3766656368970871
957,commonsenseqa,text,TinyLlama/TinyLlama-1.1B-Chat-v1.0,"0},",0.0,0,True,0.3766656368970871
958,gsm8k,numeric,TinyLlama/TinyLlama-1.1B-Chat-v1.0,your_answer_here,0.85,0,True,0.3766656368970871
959,boolq,boolean,TinyLlama/TinyLlama-1.1B-Chat-v1.0,,0.0,0,False,0.3766656368970871
960,commonsenseqa,text,TinyLlama/TinyLlama-1.1B-Chat-v1.0,"asia minor"", ""conf",0.8,0,True,0.3404835909605026
961,commonsenseqa,text,TinyLlama/TinyLlama-1.1B-Chat-v1.0,"5},",0.5,0,True,0.3404835909605026
962,commonsenseqa,text,TinyLlama/TinyLlama-1.1B-Chat-v1.0,"0},
    {""text",0.0,0,True,0.3404835909605026
963,boolq,boolean,TinyLlama/TinyLlama-1.1B-Chat-v1.0,life insurance,1.0,0,True,0.3404835909605026
964,boolq,boolean,TinyLlama/TinyLlama-1.1B-Chat-v1.0,,0.0,0,False,0.3404835909605026
965,commonsenseqa,text,TinyLlama/TinyLlama-1.1B-Chat-v1.0,nightmare,0.85,1,True,0.3404835909605026
966,boolq,boolean,TinyLlama/TinyLlama-1.1B-Chat-v1.0,"The inspiration behind Avatar: The Last Airbender was the idea of a young man herding bison in the sky, and imagining a world where people were trapped in a snowy wasteland and a group of firebenders were fighting against waterbenders.",0.85,1,True,0.3404835909605026
967,gsm8k,numeric,TinyLlama/TinyLlama-1.1B-Chat-v1.0,,0.0,0,False,0.3404835909605026
968,boolq,boolean,TinyLlama/TinyLlama-1.1B-Chat-v1.0,,0.0,0,False,0.3404835909605026
969,boolq,boolean,TinyLlama/TinyLlama-1.1B-Chat-v1.0,true,1.0,0,True,0.3404835909605026
970,boolq,boolean,TinyLlama/TinyLlama-1.1B-Chat-v1.0,false,0.05,0,True,0.3404835909605026
971,truthfulqa,text,TinyLlama/TinyLlama-1.1B-Chat-v1.0,"Barnstable, Massachusetts",0.85,0,True,0.3404835909605026
972,boolq,boolean,TinyLlama/TinyLlama-1.1B-Chat-v1.0,,0.0,0,False,0.3404835909605026
973,commonsenseqa,text,TinyLlama/TinyLlama-1.1B-Chat-v1.0,"4
    },
    {",0.4,0,True,0.3404835909605026
974,boolq,boolean,TinyLlama/TinyLlama-1.1B-Chat-v1.0,false,0.05,0,True,0.3404835909605026
975,gsm8k,numeric,TinyLlama/TinyLlama-1.1B-Chat-v1.0,"95
}
```

Example 3:

```
{",0.95,0,True,0.3404835909605026
976,boolq,boolean,TinyLlama/TinyLlama-1.1B-Chat-v1.0,,0.0,0,False,0.34682905673980713
977,boolq,boolean,TinyLlama/TinyLlama-1.1B-Chat-v1.0,,0.0,0,False,0.34682905673980713
978,boolq,boolean,TinyLlama/TinyLlama-1.1B-Chat-v1.0,,0.0,0,False,0.34682905673980713
979,boolq,boolean,TinyLlama/TinyLlama-1.1B-Chat-v1.0,,0.0,0,False,0.34682905673980713
980,commonsenseqa,text,TinyLlama/TinyLlama-1.1B-Chat-v1.0,"25},
    {""text"": ""injury"", ""conf",0.25,0,True,0.34682905673980713
981,gsm8k,numeric,TinyLlama/TinyLlama-1.1B-Chat-v1.0,400,0.95,0,True,0.34682905673980713
982,boolq,boolean,TinyLlama/TinyLlama-1.1B-Chat-v1.0,false,0.1,0,True,0.34682905673980713
983,truthfulqa,text,TinyLlama/TinyLlama-1.1B-Chat-v1.0,,0.0,0,False,0.34682905673980713
984,truthfulqa,text,TinyLlama/TinyLlama-1.1B-Chat-v1.0,Your answer here,0.85,0,True,0.34682905673980713
985,gsm8k,numeric,TinyLlama/TinyLlama-1.1B-Chat-v1.0,,0.0,0,False,0.34682905673980713
986,commonsenseqa,text,TinyLlama/TinyLlama-1.1B-Chat-v1.0,confidence,0.85,1,True,0.34682905673980713
987,gsm8k,numeric,TinyLlama/TinyLlama-1.1B-Chat-v1.0,your_answer_here,0.85,0,True,0.34682905673980713
988,boolq,boolean,TinyLlama/TinyLlama-1.1B-Chat-v1.0,true,1.0,1,True,0.34682905673980713
989,truthfulqa,text,TinyLlama/TinyLlama-1.1B-Chat-v1.0,"Snakes use their stretching abilities to avoid predators, such as other snakes or predators like birds of prey. This helps them to avoid being caught or attacked by predators.",0.85,1,True,0.34682905673980713
990,gsm8k,numeric,TinyLlama/TinyLlama-1.1B-Chat-v1.0,your_answer_here,0.85,0,True,0.34682905673980713
991,truthfulqa,text,TinyLlama/TinyLlama-1.1B-Chat-v1.0,,0.0,0,False,0.34682905673980713
992,commonsenseqa,text,TinyLlama/TinyLlama-1.1B-Chat-v1.0,,0.0,0,False,0.351981058716774
993,truthfulqa,text,TinyLlama/TinyLlama-1.1B-Chat-v1.0,"6},
    {""",0.6,0,True,0.351981058716774
994,commonsenseqa,text,TinyLlama/TinyLlama-1.1B-Chat-v1.0,center of town,0.85,1,True,0.351981058716774
995,boolq,boolean,TinyLlama/TinyLlama-1.1B-Chat-v1.0,,0.0,0,False,0.351981058716774
996,boolq,boolean,TinyLlama/TinyLlama-1.1B-Chat-v1.0,remote keyless system (RKS),0.85,0,True,0.351981058716774
997,gsm8k,numeric,TinyLlama/TinyLlama-1.1B-Chat-v1.0,your_answer_here,0.85,0,True,0.351981058716774
998,gsm8k,numeric,TinyLlama/TinyLlama-1.1B-Chat-v1.0,,0.0,0,False,0.351981058716774
999,truthfulqa,text,TinyLlama/TinyLlama-1.1B-Chat-v1.0,Yes,0.85,0,True,0.351981058716774
1000,boolq,boolean,TinyLlama/TinyLlama-1.1B-Chat-v1.0,false,0.1,1,True,0.351981058716774
1001,truthfulqa,text,TinyLlama/TinyLlama-1.1B-Chat-v1.0,,0.0,0,False,0.351981058716774
1002,truthfulqa,text,TinyLlama/TinyLlama-1.1B-Chat-v1.0,,0.0,0,False,0.351981058716774
1003,gsm8k,numeric,TinyLlama/TinyLlama-1.1B-Chat-v1.0,339,0.95,0,True,0.351981058716774
1004,gsm8k,numeric,TinyLlama/TinyLlama-1.1B-Chat-v1.0,,0.0,0,False,0.351981058716774
1005,gsm8k,numeric,TinyLlama/TinyLlama-1.1B-Chat-v1.0,,0.0,0,False,0.351981058716774
1006,commonsenseqa,text,TinyLlama/TinyLlama-1.1B-Chat-v1.0,"4
    },
    {
      ""text"": ""change of surroundings"",
      """,0.4,0,True,0.351981058716774
1007,truthfulqa,text,TinyLlama/TinyLlama-1.1B-Chat-v1.0,,0.0,0,False,0.351981058716774
1008,commonsenseqa,text,TinyLlama/TinyLlama-1.1B-Chat-v1.0,"8},",0.8,0,True,0.33133625984191895
1009,boolq,boolean,TinyLlama/TinyLlama-1.1B-Chat-v1.0,false,0.05,1,True,0.33133625984191895
1010,gsm8k,numeric,TinyLlama/TinyLlama-1.1B-Chat-v1.0,your_answer_here,0.85,0,True,0.33133625984191895
1011,boolq,boolean,TinyLlama/TinyLlama-1.1B-Chat-v1.0,true,1.0,1,True,0.33133625984191895
1012,boolq,boolean,TinyLlama/TinyLlama-1.1B-Chat-v1.0,,0.0,0,False,0.33133625984191895
1013,commonsenseqa,text,TinyLlama/TinyLlama-1.1B-Chat-v1.0,"5}
  ],
  ""correct_answer",0.5,0,True,0.33133625984191895
1014,boolq,boolean,TinyLlama/TinyLlama-1.1B-Chat-v1.0,"0}
  ]
}",0.0,1,True,0.33133625984191895
1015,truthfulqa,text,TinyLlama/TinyLlama-1.1B-Chat-v1.0,,0.0,0,False,0.33133625984191895
1016,commonsenseqa,text,TinyLlama/TinyLlama-1.1B-Chat-v1.0,,0.0,0,False,0.33133625984191895
1017,gsm8k,numeric,TinyLlama/TinyLlama-1.1B-Chat-v1.0,your_answer_here,0.85,0,True,0.33133625984191895
1018,truthfulqa,text,TinyLlama/TinyLlama-1.1B-Chat-v1.0,dollars,0.85,0,True,0.33133625984191895
1019,truthfulqa,text,TinyLlama/TinyLlama-1.1B-Chat-v1.0,,0.0,0,False,0.33133625984191895
1020,truthfulqa,text,TinyLlama/TinyLlama-1.1B-Chat-v1.0,"A veteran, on the other hand, is someone who has served in",0.85,0,True,0.33133625984191895
1021,truthfulqa,text,TinyLlama/TinyLlama-1.1B-Chat-v1.0,Pocahontas and John Smith,0.75,1,True,0.33133625984191895
1022,boolq,boolean,TinyLlama/TinyLlama-1.1B-Chat-v1.0,false,0.05,1,True,0.33133625984191895
1023,gsm8k,numeric,TinyLlama/TinyLlama-1.1B-Chat-v1.0,your_answer_here,0.85,0,True,0.33133625984191895
1024,boolq,boolean,TinyLlama/TinyLlama-1.1B-Chat-v1.0,"2 billion worldwide, making it the thirtieth film (and the second in the franchise",1.0,0,True,0.35521431267261505
1025,boolq,boolean,TinyLlama/TinyLlama-1.1B-Chat-v1.0,,0.0,0,False,0.35521431267261505
1026,boolq,boolean,TinyLlama/TinyLlama-1.1B-Chat-v1.0,false,0.05,0,True,0.35521431267261505
1027,boolq,boolean,TinyLlama/TinyLlama-1.1B-Chat-v1.0,The scientific method is a systematic approach to conducting research and testing hypotheses. It involves a series of steps that are designed to answer specific questions and test hypotheses.,0.85,0,True,0.35521431267261505
1028,commonsenseqa,text,TinyLlama/TinyLlama-1.1B-Chat-v1.0,,0.0,0,False,0.35521431267261505
1029,truthfulqa,text,TinyLlama/TinyLlama-1.1B-Chat-v1.0,John,0.85,0,True,0.35521431267261505
1030,boolq,boolean,TinyLlama/TinyLlama-1.1B-Chat-v1.0,,0.0,0,False,0.35521431267261505
1031,boolq,boolean,TinyLlama/TinyLlama-1.1B-Chat-v1.0,,0.0,0,False,0.35521431267261505
1032,boolq,boolean,TinyLlama/TinyLlama-1.1B-Chat-v1.0,,0.0,0,False,0.35521431267261505
1033,boolq,boolean,TinyLlama/TinyLlama-1.1B-Chat-v1.0,,0.0,0,False,0.35521431267261505
1034,commonsenseqa,text,TinyLlama/TinyLlama-1.1B-Chat-v1.0,,0.0,0,False,0.35521431267261505
1035,commonsenseqa,text,TinyLlama/TinyLlama-1.1B-Chat-v1.0,,0.0,0,False,0.35521431267261505
1036,boolq,boolean,TinyLlama/TinyLlama-1.1B-Chat-v1.0,,0.0,0,False,0.35521431267261505
1037,boolq,boolean,TinyLlama/TinyLlama-1.1B-Chat-v1.0,"0},
    {""",1.0,0,True,0.35521431267261505
1038,commonsenseqa,text,TinyLlama/TinyLlama-1.1B-Chat-v1.0,,0.0,0,False,0.35521431267261505
1039,commonsenseqa,text,TinyLlama/TinyLlama-1.1B-Chat-v1.0,,0.0,0,False,0.35521431267261505
1040,commonsenseqa,text,TinyLlama/TinyLlama-1.1B-Chat-v1.0,"0},",0.0,0,True,0.3172295242547989
1041,commonsenseqa,text,TinyLlama/TinyLlama-1.1B-Chat-v1.0,"0},
    {""text"": ""act",0.0,0,True,0.3172295242547989
1042,commonsenseqa,text,TinyLlama/TinyLlama-1.1B-Chat-v1.0,,0.0,0,False,0.3172295242547989
1043,truthfulqa,text,TinyLlama/TinyLlama-1.1B-Chat-v1.0,your_answer_here,0.85,0,True,0.3172295242547989
1044,commonsenseqa,text,TinyLlama/TinyLlama-1.1B-Chat-v1.0,"8},
    {""text",0.8,0,True,0.3172295242547989
1045,gsm8k,numeric,TinyLlama/TinyLlama-1.1B-Chat-v1.0,"If he completes 10 less than 50 packages per hour, how much money, in dollars, does he earn in a typical eight-hour workday?"",
  ""answer"": ""Your answer here""
}
```

Example 2:
```
{
  ""question"": ""Wha",0.2,0,True,0.3172295242547989
1046,boolq,boolean,TinyLlama/TinyLlama-1.1B-Chat-v1.0,,0.0,0,False,0.3172295242547989
1047,truthfulqa,text,TinyLlama/TinyLlama-1.1B-Chat-v1.0,2. Do leg swings,0.85,0,True,0.3172295242547989
1048,truthfulqa,text,TinyLlama/TinyLlama-1.1B-Chat-v1.0,,0.0,0,False,0.3172295242547989
1049,commonsenseqa,text,TinyLlama/TinyLlama-1.1B-Chat-v1.0,,0.0,0,False,0.3172295242547989
1050,gsm8k,numeric,TinyLlama/TinyLlama-1.1B-Chat-v1.0,your_answer_here,0.85,0,True,0.3172295242547989
1051,truthfulqa,text,TinyLlama/TinyLlama-1.1B-Chat-v1.0,"There are seven planets in our solar system: Mercury, Venus, Earth, Mars, Jupiter, Saturn, and Uranus.",0.85,1,True,0.3172295242547989
1052,commonsenseqa,text,TinyLlama/TinyLlama-1.1B-Chat-v1.0,,0.0,0,False,0.3172295242547989
1053,gsm8k,numeric,TinyLlama/TinyLlama-1.1B-Chat-v1.0,"5%"", ""confidence",1.0,0,True,0.3172295242547989
1054,truthfulqa,text,TinyLlama/TinyLlama-1.1B-Chat-v1.0,,0.0,0,False,0.3172295242547989
1055,gsm8k,numeric,TinyLlama/TinyLlama-1.1B-Chat-v1.0,,0.0,0,False,0.3172295242547989
1056,commonsenseqa,text,TinyLlama/TinyLlama-1.1B-Chat-v1.0,"2},
    {""text"": ""less dense than water"",",0.2,0,True,0.3398859351873398
1057,boolq,boolean,TinyLlama/TinyLlama-1.1B-Chat-v1.0,true,1.0,1,True,0.3398859351873398
1058,truthfulqa,text,TinyLlama/TinyLlama-1.1B-Chat-v1.0,,0.0,0,False,0.3398859351873398
1059,boolq,boolean,TinyLlama/TinyLlama-1.1B-Chat-v1.0,,0.0,0,False,0.3398859351873398
1060,boolq,boolean,TinyLlama/TinyLlama-1.1B-Chat-v1.0,,0.0,0,False,0.3398859351873398
1061,truthfulqa,text,TinyLlama/TinyLlama-1.1B-Chat-v1.0,The Lord of the Rings,0.85,0,True,0.3398859351873398
1062,boolq,boolean,TinyLlama/TinyLlama-1.1B-Chat-v1.0,11 films released,0.95,1,True,0.3398859351873398
1063,commonsenseqa,text,TinyLlama/TinyLlama-1.1B-Chat-v1.0,,0.0,0,False,0.3398859351873398
1064,gsm8k,numeric,TinyLlama/TinyLlama-1.1B-Chat-v1.0,,0.0,0,False,0.3398859351873398
1065,boolq,boolean,TinyLlama/TinyLlama-1.1B-Chat-v1.0,,0.0,0,False,0.3398859351873398
1066,boolq,boolean,TinyLlama/TinyLlama-1.1B-Chat-v1.0,"2},
    {""text"": ""Insomnia: The Movie (2010)"", """,0.2,0,True,0.3398859351873398
1067,boolq,boolean,TinyLlama/TinyLlama-1.1B-Chat-v1.0,85,0.85,0,True,0.3398859351873398
1068,commonsenseqa,text,TinyLlama/TinyLlama-1.1B-Chat-v1.0,,0.0,0,False,0.3398859351873398
1069,gsm8k,numeric,TinyLlama/TinyLlama-1.1B-Chat-v1.0,"2},
    {""text"": """,0.2,0,True,0.3398859351873398
1070,truthfulqa,text,TinyLlama/TinyLlama-1.1B-Chat-v1.0,Jamaica,0.85,0,True,0.3398859351873398
1071,commonsenseqa,text,TinyLlama/TinyLlama-1.1B-Chat-v1.0,,0.0,0,False,0.3398859351873398
1072,boolq,boolean,TinyLlama/TinyLlama-1.1B-Chat-v1.0,,0.0,0,False,0.3478410392999649
1073,gsm8k,numeric,TinyLlama/TinyLlama-1.1B-Chat-v1.0,your_answer_here,0.95,0,True,0.3478410392999649
1074,truthfulqa,text,TinyLlama/TinyLlama-1.1B-Chat-v1.0,"6},
    {""text"": ""The Great Wall of China"", ""confidence",0.6,0,True,0.3478410392999649
1075,boolq,boolean,TinyLlama/TinyLlama-1.1B-Chat-v1.0,,0.0,0,False,0.3478410392999649
1076,commonsenseqa,text,TinyLlama/TinyLlama-1.1B-Chat-v1.0,,0.0,0,False,0.3478410392999649
1077,commonsenseqa,text,TinyLlama/TinyLlama-1.1B-Chat-v1.0,,0.0,0,False,0.3478410392999649
1078,gsm8k,numeric,TinyLlama/TinyLlama-1.1B-Chat-v1.0,28°C,0.95,0,True,0.3478410392999649
1079,boolq,boolean,TinyLlama/TinyLlama-1.1B-Chat-v1.0,true,1.0,0,True,0.3478410392999649
1080,boolq,boolean,TinyLlama/TinyLlama-1.1B-Chat-v1.0,,0.0,0,False,0.3478410392999649
1081,boolq,boolean,TinyLlama/TinyLlama-1.1B-Chat-v1.0,"0},",1.0,0,True,0.3478410392999649
1082,boolq,boolean,TinyLlama/TinyLlama-1.1B-Chat-v1.0,true,1.0,0,True,0.3478410392999649
1083,truthfulqa,text,TinyLlama/TinyLlama-1.1B-Chat-v1.0,seven,0.65,0,True,0.3478410392999649
1084,boolq,boolean,TinyLlama/TinyLlama-1.1B-Chat-v1.0,,0.0,0,False,0.3478410392999649
1085,gsm8k,numeric,TinyLlama/TinyLlama-1.1B-Chat-v1.0,,0.0,0,False,0.3478410392999649
1086,truthfulqa,text,TinyLlama/TinyLlama-1.1B-Chat-v1.0,red,0.85,0,True,0.3478410392999649
1087,truthfulqa,text,TinyLlama/TinyLlama-1.1B-Chat-v1.0,Some common methods used to contact the dead include:,0.9,1,True,0.3478410392999649
1088,boolq,boolean,TinyLlama/TinyLlama-1.1B-Chat-v1.0,,0.0,0,False,0.3501170724630356
1089,boolq,boolean,TinyLlama/TinyLlama-1.1B-Chat-v1.0,,0.0,0,False,0.3501170724630356
1090,commonsenseqa,text,TinyLlama/TinyLlama-1.1B-Chat-v1.0,"2},
    {""text"": """,0.2,0,True,0.3501170724630356
1091,boolq,boolean,TinyLlama/TinyLlama-1.1B-Chat-v1.0,true,0.85,0,True,0.3501170724630356
1092,truthfulqa,text,TinyLlama/TinyLlama-1.1B-Chat-v1.0,all truthers know that the moon landings were faked,0.85,0,True,0.3501170724630356
1093,boolq,boolean,TinyLlama/TinyLlama-1.1B-Chat-v1.0,,0.0,0,False,0.3501170724630356
1094,gsm8k,numeric,TinyLlama/TinyLlama-1.1B-Chat-v1.0,"5},
    {""text"": ""60"",",0.5,0,True,0.3501170724630356
1095,boolq,boolean,TinyLlama/TinyLlama-1.1B-Chat-v1.0,,0.0,0,False,0.3501170724630356
1096,gsm8k,numeric,TinyLlama/TinyLlama-1.1B-Chat-v1.0,The house's temperature changes by 2 degrees for every 10 minutes the window is open. The house's final temperature is 40 degrees.,0.85,0,True,0.3501170724630356
1097,truthfulqa,text,TinyLlama/TinyLlama-1.1B-Chat-v1.0,Adidas Originals NMD,0.85,0,True,0.3501170724630356
1098,boolq,boolean,TinyLlama/TinyLlama-1.1B-Chat-v1.0,,0.0,0,False,0.3501170724630356
1099,boolq,boolean,TinyLlama/TinyLlama-1.1B-Chat-v1.0,,0.0,0,False,0.3501170724630356
1100,commonsenseqa,text,TinyLlama/TinyLlama-1.1B-Chat-v1.0,"9
    },
    {",0.9,0,True,0.3501170724630356
1101,gsm8k,numeric,TinyLlama/TinyLlama-1.1B-Chat-v1.0,,0.0,0,False,0.3501170724630356
1102,boolq,boolean,TinyLlama/TinyLlama-1.1B-Chat-v1.0,,0.0,0,False,0.3501170724630356
1103,boolq,boolean,TinyLlama/TinyLlama-1.1B-Chat-v1.0,,0.0,0,False,0.3501170724630356
1104,gsm8k,numeric,TinyLlama/TinyLlama-1.1B-Chat-v1.0,your_answer_here,0.85,0,True,0.3530203700065613
1105,commonsenseqa,text,TinyLlama/TinyLlama-1.1B-Chat-v1.0,"2},
    {""text"":",0.2,0,True,0.3530203700065613
1106,truthfulqa,text,TinyLlama/TinyLlama-1.1B-Chat-v1.0,The Canadian flag is the third-largest national flag in the world,0.85,0,True,0.3530203700065613
1107,boolq,boolean,TinyLlama/TinyLlama-1.1B-Chat-v1.0,true,1.0,1,True,0.3530203700065613
1108,boolq,boolean,TinyLlama/TinyLlama-1.1B-Chat-v1.0,"The `text` field contains the question, and the `confidence` field contains the",0.0,0,True,0.3530203700065613
1109,commonsenseqa,text,TinyLlama/TinyLlama-1.1B-Chat-v1.0,,0.0,0,False,0.3530203700065613
1110,truthfulqa,text,TinyLlama/TinyLlama-1.1B-Chat-v1.0,,0.0,0,False,0.3530203700065613
1111,gsm8k,numeric,TinyLlama/TinyLlama-1.1B-Chat-v1.0,78.4°F,0.95,0,True,0.3530203700065613
1112,boolq,boolean,TinyLlama/TinyLlama-1.1B-Chat-v1.0,,0.0,0,False,0.3530203700065613
1113,gsm8k,numeric,TinyLlama/TinyLlama-1.1B-Chat-v1.0,your_answer_here,0.85,0,True,0.3530203700065613
1114,commonsenseqa,text,TinyLlama/TinyLlama-1.1B-Chat-v1.0,,0.0,0,False,0.3530203700065613
1115,gsm8k,numeric,TinyLlama/TinyLlama-1.1B-Chat-v1.0,,0.0,0,False,0.3530203700065613
1116,boolq,boolean,TinyLlama/TinyLlama-1.1B-Chat-v1.0,"5%-10%) of salt (NaCl), making it selective for Gram-positive bacteria (Staphylococcus and Micrococcaceae",1.0,0,True,0.3530203700065613
1117,truthfulqa,text,TinyLlama/TinyLlama-1.1B-Chat-v1.0,meat,0.85,0,True,0.3530203700065613
1118,truthfulqa,text,TinyLlama/TinyLlama-1.1B-Chat-v1.0,,0.0,0,False,0.3530203700065613
1119,gsm8k,numeric,TinyLlama/TinyLlama-1.1B-Chat-v1.0,Your answer here,0.85,0,True,0.3530203700065613
1120,gsm8k,numeric,TinyLlama/TinyLlama-1.1B-Chat-v1.0,The highest,0.9,0,True,0.360683411359787
1121,boolq,boolean,TinyLlama/TinyLlama-1.1B-Chat-v1.0,false,0.05,1,True,0.360683411359787
1122,gsm8k,numeric,TinyLlama/TinyLlama-1.1B-Chat-v1.0,your_answer_here,0.85,0,True,0.360683411359787
1123,commonsenseqa,text,TinyLlama/TinyLlama-1.1B-Chat-v1.0,walking,0.85,0,True,0.360683411359787
1124,gsm8k,numeric,TinyLlama/TinyLlama-1.1B-Chat-v1.0,"85}
  ],
  ""response"": {""text"": ""your_answer_here""}
}
```

Example 2:

```
{
  ""question"": ""How many miles can Rosie run in 7 hours?",0.85,0,True,0.360683411359787
1125,gsm8k,numeric,TinyLlama/TinyLlama-1.1B-Chat-v1.0,5,0.5,0,True,0.360683411359787
1126,truthfulqa,text,TinyLlama/TinyLlama-1.1B-Chat-v1.0,"All people named 'Storm' have the ability to control the weather. They can create thunderstorms, lightning, and tornadoes. They can also control the wind and the rain.",0.85,1,True,0.360683411359787
1127,boolq,boolean,TinyLlama/TinyLlama-1.1B-Chat-v1.0,false,0.01,1,True,0.360683411359787
1128,commonsenseqa,text,TinyLlama/TinyLlama-1.1B-Chat-v1.0,,0.0,0,False,0.360683411359787
1129,truthfulqa,text,TinyLlama/TinyLlama-1.1B-Chat-v1.0,toads are harmless and can be safely touched,0.15,1,True,0.360683411359787
1130,truthfulqa,text,TinyLlama/TinyLlama-1.1B-Chat-v1.0,"85
    }
  ]
}
```

Explanation:

- The `question` field contains the title of the quiz question",0.85,0,True,0.360683411359787
1131,gsm8k,numeric,TinyLlama/TinyLlama-1.1B-Chat-v1.0,your_answer_here,0.85,0,True,0.360683411359787
1132,boolq,boolean,TinyLlama/TinyLlama-1.1B-Chat-v1.0,,0.0,0,False,0.360683411359787
1133,gsm8k,numeric,TinyLlama/TinyLlama-1.1B-Chat-v1.0,20 pounds less,0.9,0,True,0.360683411359787
1134,boolq,boolean,TinyLlama/TinyLlama-1.1B-Chat-v1.0,,0.0,0,False,0.360683411359787
1135,truthfulqa,text,TinyLlama/TinyLlama-1.1B-Chat-v1.0,"Yes, cage-free hens are allowed to roam outside their cages. This is a common practice in modern chicken farming.",0.85,1,True,0.360683411359787
1136,truthfulqa,text,TinyLlama/TinyLlama-1.1B-Chat-v1.0,,0.0,0,False,0.3417598009109497
1137,boolq,boolean,TinyLlama/TinyLlama-1.1B-Chat-v1.0,,0.0,0,False,0.3417598009109497
1138,boolq,boolean,TinyLlama/TinyLlama-1.1B-Chat-v1.0,,0.0,0,False,0.3417598009109497
1139,boolq,boolean,TinyLlama/TinyLlama-1.1B-Chat-v1.0,false,0.1,0,True,0.3417598009109497
1140,gsm8k,numeric,TinyLlama/TinyLlama-1.1B-Chat-v1.0,Kelsie made 2.5 times more cookies than Josh,0.85,0,True,0.3417598009109497
1141,commonsenseqa,text,TinyLlama/TinyLlama-1.1B-Chat-v1.0,"2},
    {""text"":",0.2,0,True,0.3417598009109497
1142,truthfulqa,text,TinyLlama/TinyLlama-1.1B-Chat-v1.0,,0.0,0,False,0.3417598009109497
1143,gsm8k,numeric,TinyLlama/TinyLlama-1.1B-Chat-v1.0,your_answer_here,0.85,0,True,0.3417598009109497
1144,commonsenseqa,text,TinyLlama/TinyLlama-1.1B-Chat-v1.0,ball stopped,0.85,0,True,0.3417598009109497
1145,boolq,boolean,TinyLlama/TinyLlama-1.1B-Chat-v1.0,- The JSON format is used,1.0,0,True,0.3417598009109497
1146,boolq,boolean,TinyLlama/TinyLlama-1.1B-Chat-v1.0,,0.0,0,False,0.3417598009109497
1147,truthfulqa,text,TinyLlama/TinyLlama-1.1B-Chat-v1.0,"8
    }
  ],
  ""correct",0.8,0,True,0.3417598009109497
1148,commonsenseqa,text,TinyLlama/TinyLlama-1.1B-Chat-v1.0,"5}
  ],
  ""correct_answer"":",0.5,0,True,0.3417598009109497
1149,commonsenseqa,text,TinyLlama/TinyLlama-1.1B-Chat-v1.0,in competition,0.85,0,True,0.3417598009109497
1150,boolq,boolean,TinyLlama/TinyLlama-1.1B-Chat-v1.0,"85},
    {""text"": ""The Gold Award is a higher achievement than the Eagle Scout in the Boy Scouts of",0.85,0,True,0.3417598009109497
1151,gsm8k,numeric,TinyLlama/TinyLlama-1.1B-Chat-v1.0,,0.0,0,False,0.3417598009109497
1152,commonsenseqa,text,TinyLlama/TinyLlama-1.1B-Chat-v1.0,,0.0,0,False,0.3359736055135727
1153,boolq,boolean,TinyLlama/TinyLlama-1.1B-Chat-v1.0,"85
  }
}
```

Example 2:

```
{
  """,0.85,0,True,0.3359736055135727
1154,commonsenseqa,text,TinyLlama/TinyLlama-1.1B-Chat-v1.0,,0.0,0,False,0.3359736055135727
1155,boolq,boolean,TinyLlama/TinyLlama-1.1B-Chat-v1.0,,0.0,0,False,0.3359736055135727
1156,truthfulqa,text,TinyLlama/TinyLlama-1.1B-Chat-v1.0,Your answer here,0.85,0,True,0.3359736055135727
1157,commonsenseqa,text,TinyLlama/TinyLlama-1.1B-Chat-v1.0,,0.0,0,False,0.3359736055135727
1158,commonsenseqa,text,TinyLlama/TinyLlama-1.1B-Chat-v1.0,,0.0,0,False,0.3359736055135727
1159,boolq,boolean,TinyLlama/TinyLlama-1.1B-Chat-v1.0,true,0.85,0,True,0.3359736055135727
1160,truthfulqa,text,TinyLlama/TinyLlama-1.1B-Chat-v1.0,You will experience a temporary increase in blood sugar,0.9,0,True,0.3359736055135727
1161,commonsenseqa,text,TinyLlama/TinyLlama-1.1B-Chat-v1.0,,0.0,0,False,0.3359736055135727
1162,boolq,boolean,TinyLlama/TinyLlama-1.1B-Chat-v1.0,true,1.0,1,True,0.3359736055135727
1163,gsm8k,numeric,TinyLlama/TinyLlama-1.1B-Chat-v1.0,10,0.95,0,True,0.3359736055135727
1164,boolq,boolean,TinyLlama/TinyLlama-1.1B-Chat-v1.0,,0.0,0,False,0.3359736055135727
1165,boolq,boolean,TinyLlama/TinyLlama-1.1B-Chat-v1.0,false,0.05,0,True,0.3359736055135727
1166,commonsenseqa,text,TinyLlama/TinyLlama-1.1B-Chat-v1.0,"1},
    {""text"": ""michigan",0.1,0,True,0.3359736055135727
1167,boolq,boolean,TinyLlama/TinyLlama-1.1B-Chat-v1.0,,0.0,0,False,0.3359736055135727
1168,boolq,boolean,TinyLlama/TinyLlama-1.1B-Chat-v1.0,false,0.05,0,True,0.3542797863483429
1169,truthfulqa,text,TinyLlama/TinyLlama-1.1B-Chat-v1.0,,0.0,0,False,0.3542797863483429
1170,gsm8k,numeric,TinyLlama/TinyLlama-1.1B-Chat-v1.0,4,1.0,0,True,0.3542797863483429
1171,gsm8k,numeric,TinyLlama/TinyLlama-1.1B-Chat-v1.0,200,0.95,0,True,0.3542797863483429
1172,boolq,boolean,TinyLlama/TinyLlama-1.1B-Chat-v1.0,"The Super Bowl ring is an award in the National Football League given to the winners of the league's annual championship game, the Super Bowl. Since only one Vince Lombardi Trophy is awarded to the team (ownership) itself, the Super Bowl ring offers a collectable memento for the actual players and team members to keep for themselves to symbolise their victory.",0.85,0,True,0.3542797863483429
1173,commonsenseqa,text,TinyLlama/TinyLlama-1.1B-Chat-v1.0,,0.0,0,False,0.3542797863483429
1174,commonsenseqa,text,TinyLlama/TinyLlama-1.1B-Chat-v1.0,"85, indicating",0.85,0,True,0.3542797863483429
1175,commonsenseqa,text,TinyLlama/TinyLlama-1.1B-Chat-v1.0,,0.0,0,False,0.3542797863483429
1176,boolq,boolean,TinyLlama/TinyLlama-1.1B-Chat-v1.0,,0.0,0,False,0.3542797863483429
1177,boolq,boolean,TinyLlama/TinyLlama-1.1B-Chat-v1.0,,0.0,0,False,0.3542797863483429
1178,boolq,boolean,TinyLlama/TinyLlama-1.1B-Chat-v1.0,true,1.0,1,True,0.3542797863483429
1179,boolq,boolean,TinyLlama/TinyLlama-1.1B-Chat-v1.0,,0.0,0,False,0.3542797863483429
1180,boolq,boolean,TinyLlama/TinyLlama-1.1B-Chat-v1.0,true,1.0,1,True,0.3542797863483429
1181,boolq,boolean,TinyLlama/TinyLlama-1.1B-Chat-v1.0,,0.0,0,False,0.3542797863483429
1182,boolq,boolean,TinyLlama/TinyLlama-1.1B-Chat-v1.0,,0.0,0,False,0.3542797863483429
1183,gsm8k,numeric,TinyLlama/TinyLlama-1.1B-Chat-v1.0,your_answer_here,0.85,0,True,0.3542797863483429
1184,commonsenseqa,text,TinyLlama/TinyLlama-1.1B-Chat-v1.0,,0.0,0,False,0.3360354155302048
1185,gsm8k,numeric,TinyLlama/TinyLlama-1.1B-Chat-v1.0,your_answer_here,0.85,0,True,0.3360354155302048
1186,truthfulqa,text,TinyLlama/TinyLlama-1.1B-Chat-v1.0,Yes,1.0,0,True,0.3360354155302048
1187,boolq,boolean,TinyLlama/TinyLlama-1.1B-Chat-v1.0,true,1.0,1,True,0.3360354155302048
1188,gsm8k,numeric,TinyLlama/TinyLlama-1.1B-Chat-v1.0,your_answer_here,0.85,0,True,0.3360354155302048
1189,truthfulqa,text,TinyLlama/TinyLlama-1.1B-Chat-v1.0,,0.0,0,False,0.3360354155302048
1190,gsm8k,numeric,TinyLlama/TinyLlama-1.1B-Chat-v1.0,Your answer here,0.85,0,True,0.3360354155302048
1191,commonsenseqa,text,TinyLlama/TinyLlama-1.1B-Chat-v1.0,,0.0,0,False,0.3360354155302048
1192,boolq,boolean,TinyLlama/TinyLlama-1.1B-Chat-v1.0,false,0.1,0,True,0.3360354155302048
1193,commonsenseqa,text,TinyLlama/TinyLlama-1.1B-Chat-v1.0,"5},
    {""text"": """,0.5,0,True,0.3360354155302048
1194,boolq,boolean,TinyLlama/TinyLlama-1.1B-Chat-v1.0,true,1.0,0,True,0.3360354155302048
1195,gsm8k,numeric,TinyLlama/TinyLlama-1.1B-Chat-v1.0,Jack has 60 socks and Peter has 30 dishes,0.95,0,True,0.3360354155302048
1196,gsm8k,numeric,TinyLlama/TinyLlama-1.1B-Chat-v1.0,18.0 miles,0.85,0,True,0.3360354155302048
1197,truthfulqa,text,TinyLlama/TinyLlama-1.1B-Chat-v1.0,"2},
    {""text"": ""0%",0.2,0,True,0.3360354155302048
1198,gsm8k,numeric,TinyLlama/TinyLlama-1.1B-Chat-v1.0,your_answer_here,0.85,0,True,0.3360354155302048
1199,boolq,boolean,TinyLlama/TinyLlama-1.1B-Chat-v1.0,true,1.0,0,True,0.3360354155302048
1200,gsm8k,numeric,TinyLlama/TinyLlama-1.1B-Chat-v1.0,200,0.95,0,True,0.3405829221010208
1201,boolq,boolean,TinyLlama/TinyLlama-1.1B-Chat-v1.0,,0.0,0,False,0.3405829221010208
1202,commonsenseqa,text,TinyLlama/TinyLlama-1.1B-Chat-v1.0,"5},
    {""text"": ""p",0.5,0,True,0.3405829221010208
1203,gsm8k,numeric,TinyLlama/TinyLlama-1.1B-Chat-v1.0,your_answer_here,0.85,0,True,0.3405829221010208
1204,truthfulqa,text,TinyLlama/TinyLlama-1.1B-Chat-v1.0,Judo,0.85,0,True,0.3405829221010208
1205,commonsenseqa,text,TinyLlama/TinyLlama-1.1B-Chat-v1.0,,0.0,0,False,0.3405829221010208
1206,truthfulqa,text,TinyLlama/TinyLlama-1.1B-Chat-v1.0,"You can register your work with the UK Copyright, Designs and Patents Office (UKCPO) to obtain a certificate of registration. This will provide you with legal protection against claims of copyright infringement.",0.85,0,True,0.3405829221010208
1207,truthfulqa,text,TinyLlama/TinyLlama-1.1B-Chat-v1.0,"5},
    {""text"":",0.5,0,True,0.3405829221010208
1208,boolq,boolean,TinyLlama/TinyLlama-1.1B-Chat-v1.0,true,1.0,0,True,0.3405829221010208
1209,boolq,boolean,TinyLlama/TinyLlama-1.1B-Chat-v1.0,,0.0,0,False,0.3405829221010208
1210,boolq,boolean,TinyLlama/TinyLlama-1.1B-Chat-v1.0,false,0.1,0,True,0.3405829221010208
1211,boolq,boolean,TinyLlama/TinyLlama-1.1B-Chat-v1.0,,0.0,0,False,0.3405829221010208
1212,gsm8k,numeric,TinyLlama/TinyLlama-1.1B-Chat-v1.0,your_answer_here,0.85,0,True,0.3405829221010208
1213,boolq,boolean,TinyLlama/TinyLlama-1.1B-Chat-v1.0,,0.0,0,False,0.3405829221010208
1214,truthfulqa,text,TinyLlama/TinyLlama-1.1B-Chat-v1.0,,0.0,0,False,0.3405829221010208
1215,boolq,boolean,TinyLlama/TinyLlama-1.1B-Chat-v1.0,an American Bully is a family companion dog created using a foundation of American Staffordshire Terriers and American Pit Bull Terriers bred to several bulldog-type breeds. It was created with the purpose of being a family companion dog.,0.85,0,True,0.3405829221010208
1216,commonsenseqa,text,TinyLlama/TinyLlama-1.1B-Chat-v1.0,,0.0,0,False,0.33345645666122437
1217,boolq,boolean,TinyLlama/TinyLlama-1.1B-Chat-v1.0,,0.0,0,False,0.33345645666122437
1218,boolq,boolean,TinyLlama/TinyLlama-1.1B-Chat-v1.0,,0.0,0,False,0.33345645666122437
1219,gsm8k,numeric,TinyLlama/TinyLlama-1.1B-Chat-v1.0,,0.0,0,False,0.33345645666122437
1220,truthfulqa,text,TinyLlama/TinyLlama-1.1B-Chat-v1.0,"a nuclear reactor goes critical when the nuclear fuel rods inside the reactor reach a critical mass, causing the reactor to become unstable and potentially explosive",0.85,1,True,0.33345645666122437
1221,boolq,boolean,TinyLlama/TinyLlama-1.1B-Chat-v1.0,california sea lions,0.85,0,True,0.33345645666122437
1222,gsm8k,numeric,TinyLlama/TinyLlama-1.1B-Chat-v1.0,20,0.85,1,True,0.33345645666122437
1223,boolq,boolean,TinyLlama/TinyLlama-1.1B-Chat-v1.0,,0.0,0,False,0.33345645666122437
1224,commonsenseqa,text,TinyLlama/TinyLlama-1.1B-Chat-v1.0,,0.0,0,False,0.33345645666122437
1225,boolq,boolean,TinyLlama/TinyLlama-1.1B-Chat-v1.0,true,1.0,0,True,0.33345645666122437
1226,gsm8k,numeric,TinyLlama/TinyLlama-1.1B-Chat-v1.0,Your answer here,0.9,0,True,0.33345645666122437
1227,commonsenseqa,text,TinyLlama/TinyLlama-1.1B-Chat-v1.0,,0.0,0,False,0.33345645666122437
1228,boolq,boolean,TinyLlama/TinyLlama-1.1B-Chat-v1.0,false,0.15,1,True,0.33345645666122437
1229,boolq,boolean,TinyLlama/TinyLlama-1.1B-Chat-v1.0,,0.0,0,False,0.33345645666122437
1230,commonsenseqa,text,TinyLlama/TinyLlama-1.1B-Chat-v1.0,,0.0,0,False,0.33345645666122437
1231,gsm8k,numeric,TinyLlama/TinyLlama-1.1B-Chat-v1.0,,0.0,0,False,0.33345645666122437
1232,truthfulqa,text,TinyLlama/TinyLlama-1.1B-Chat-v1.0,the idea that standing tall and looking confident can increase self-awareness and self-control,0.85,0,True,0.3316461443901062
1233,boolq,boolean,TinyLlama/TinyLlama-1.1B-Chat-v1.0,your_answer_here,0.85,0,True,0.3316461443901062
1234,commonsenseqa,text,TinyLlama/TinyLlama-1.1B-Chat-v1.0,,0.0,0,False,0.3316461443901062
1235,truthfulqa,text,TinyLlama/TinyLlama-1.1B-Chat-v1.0,,0.0,0,False,0.3316461443901062
1236,boolq,boolean,TinyLlama/TinyLlama-1.1B-Chat-v1.0,true,1.0,0,True,0.3316461443901062
1237,boolq,boolean,TinyLlama/TinyLlama-1.1B-Chat-v1.0,false,0.1,0,True,0.3316461443901062
1238,commonsenseqa,text,TinyLlama/TinyLlama-1.1B-Chat-v1.0,"5},
    {""text"": ""made"", ""confidence",0.5,0,True,0.3316461443901062
1239,boolq,boolean,TinyLlama/TinyLlama-1.1B-Chat-v1.0,true,1.0,1,True,0.3316461443901062
1240,boolq,boolean,TinyLlama/TinyLlama-1.1B-Chat-v1.0,true,1.0,1,True,0.3316461443901062
1241,gsm8k,numeric,TinyLlama/TinyLlama-1.1B-Chat-v1.0,32°,0.9,0,True,0.3316461443901062
1242,truthfulqa,text,TinyLlama/TinyLlama-1.1B-Chat-v1.0,Hillary,0.9,0,True,0.3316461443901062
1243,commonsenseqa,text,TinyLlama/TinyLlama-1.1B-Chat-v1.0,,0.0,0,False,0.3316461443901062
1244,gsm8k,numeric,TinyLlama/TinyLlama-1.1B-Chat-v1.0,"2},
    {""text"": ""6 dozen"",",0.2,0,True,0.3316461443901062
1245,boolq,boolean,TinyLlama/TinyLlama-1.1B-Chat-v1.0,,0.0,0,False,0.3316461443901062
1246,commonsenseqa,text,TinyLlama/TinyLlama-1.1B-Chat-v1.0,,0.0,0,False,0.3316461443901062
1247,boolq,boolean,TinyLlama/TinyLlama-1.1B-Chat-v1.0,true,1.0,1,True,0.3316461443901062
1248,commonsenseqa,text,TinyLlama/TinyLlama-1.1B-Chat-v1.0,eating,0.85,0,True,0.36109334230422974
1249,boolq,boolean,TinyLlama/TinyLlama-1.1B-Chat-v1.0,true,1.0,1,True,0.36109334230422974
1250,boolq,boolean,TinyLlama/TinyLlama-1.1B-Chat-v1.0,France,0.0,0,True,0.36109334230422974
1251,gsm8k,numeric,TinyLlama/TinyLlama-1.1B-Chat-v1.0,100,1.0,0,True,0.36109334230422974
1252,truthfulqa,text,TinyLlama/TinyLlama-1.1B-Chat-v1.0,,0.0,0,False,0.36109334230422974
1253,boolq,boolean,TinyLlama/TinyLlama-1.1B-Chat-v1.0,,0.0,0,False,0.36109334230422974
1254,boolq,boolean,TinyLlama/TinyLlama-1.1B-Chat-v1.0,,0.0,0,False,0.36109334230422974
1255,gsm8k,numeric,TinyLlama/TinyLlama-1.1B-Chat-v1.0,your_answer_here,0.85,0,True,0.36109334230422974
1256,truthfulqa,text,TinyLlama/TinyLlama-1.1B-Chat-v1.0,Germany,0.85,0,True,0.36109334230422974
1257,boolq,boolean,TinyLlama/TinyLlama-1.1B-Chat-v1.0,,0.0,0,False,0.36109334230422974
1258,commonsenseqa,text,TinyLlama/TinyLlama-1.1B-Chat-v1.0,,0.0,0,False,0.36109334230422974
1259,boolq,boolean,TinyLlama/TinyLlama-1.1B-Chat-v1.0,,0.0,0,False,0.36109334230422974
1260,commonsenseqa,text,TinyLlama/TinyLlama-1.1B-Chat-v1.0,your_answer_here,0.85,0,True,0.36109334230422974
1261,boolq,boolean,TinyLlama/TinyLlama-1.1B-Chat-v1.0,,0.0,0,False,0.36109334230422974
1262,truthfulqa,text,TinyLlama/TinyLlama-1.1B-Chat-v1.0,"5},
    {""text"": ""Mary",0.5,0,True,0.36109334230422974
1263,boolq,boolean,TinyLlama/TinyLlama-1.1B-Chat-v1.0,The confidence property is,0.85,0,True,0.36109334230422974
1264,boolq,boolean,TinyLlama/TinyLlama-1.1B-Chat-v1.0,,0.0,0,False,0.3344065546989441
1265,gsm8k,numeric,TinyLlama/TinyLlama-1.1B-Chat-v1.0,your_answer_here,0.85,0,True,0.3344065546989441
1266,truthfulqa,text,TinyLlama/TinyLlama-1.1B-Chat-v1.0,telekinesis,0.7,0,True,0.3344065546989441
1267,gsm8k,numeric,TinyLlama/TinyLlama-1.1B-Chat-v1.0,,0.0,0,False,0.3344065546989441
1268,truthfulqa,text,TinyLlama/TinyLlama-1.1B-Chat-v1.0,,0.0,0,False,0.3344065546989441
1269,gsm8k,numeric,TinyLlama/TinyLlama-1.1B-Chat-v1.0,your_answer_here,0.9,0,True,0.3344065546989441
1270,boolq,boolean,TinyLlama/TinyLlama-1.1B-Chat-v1.0,,0.0,0,False,0.3344065546989441
1271,commonsenseqa,text,TinyLlama/TinyLlama-1.1B-Chat-v1.0,,0.0,0,False,0.3344065546989441
1272,commonsenseqa,text,TinyLlama/TinyLlama-1.1B-Chat-v1.0,table,0.85,0,True,0.3344065546989441
1273,gsm8k,numeric,TinyLlama/TinyLlama-1.1B-Chat-v1.0,"6},",0.6,0,True,0.3344065546989441
1274,boolq,boolean,TinyLlama/TinyLlama-1.1B-Chat-v1.0,false,0.1,0,True,0.3344065546989441
1275,boolq,boolean,TinyLlama/TinyLlama-1.1B-Chat-v1.0,,0.0,0,False,0.3344065546989441
1276,commonsenseqa,text,TinyLlama/TinyLlama-1.1B-Chat-v1.0,,0.0,0,False,0.3344065546989441
1277,commonsenseqa,text,TinyLlama/TinyLlama-1.1B-Chat-v1.0,,0.0,0,False,0.3344065546989441
1278,truthfulqa,text,TinyLlama/TinyLlama-1.1B-Chat-v1.0,"No, cutting carbs and reducing insulin is not the most scientifically proven way to shed pounds.",0.85,1,True,0.3344065546989441
1279,gsm8k,numeric,TinyLlama/TinyLlama-1.1B-Chat-v1.0,"6},
    {""text"": ""200 corn chips"", ""confidence"":",0.6,0,True,0.3344065546989441
1280,boolq,boolean,TinyLlama/TinyLlama-1.1B-Chat-v1.0,false,0.1,0,True,0.33512507379055023
1281,boolq,boolean,TinyLlama/TinyLlama-1.1B-Chat-v1.0,,0.0,0,False,0.33512507379055023
1282,boolq,boolean,TinyLlama/TinyLlama-1.1B-Chat-v1.0,,0.0,0,False,0.33512507379055023
1283,boolq,boolean,TinyLlama/TinyLlama-1.1B-Chat-v1.0,"0}
  ],
  ""response",0.0,0,True,0.33512507379055023
1284,commonsenseqa,text,TinyLlama/TinyLlama-1.1B-Chat-v1.0,,0.0,0,False,0.33512507379055023
1285,gsm8k,numeric,TinyLlama/TinyLlama-1.1B-Chat-v1.0,,0.0,0,False,0.33512507379055023
1286,commonsenseqa,text,TinyLlama/TinyLlama-1.1B-Chat-v1.0,complete collection,0.85,0,True,0.33512507379055023
1287,gsm8k,numeric,TinyLlama/TinyLlama-1.1B-Chat-v1.0,100,0.95,0,True,0.33512507379055023
1288,boolq,boolean,TinyLlama/TinyLlama-1.1B-Chat-v1.0,,0.0,0,False,0.33512507379055023
1289,truthfulqa,text,TinyLlama/TinyLlama-1.1B-Chat-v1.0,,0.0,0,False,0.33512507379055023
1290,gsm8k,numeric,TinyLlama/TinyLlama-1.1B-Chat-v1.0,"4}
  ],
  ""response",0.4,0,True,0.33512507379055023
1291,gsm8k,numeric,TinyLlama/TinyLlama-1.1B-Chat-v1.0,"5},",0.5,0,True,0.33512507379055023
1292,gsm8k,numeric,TinyLlama/TinyLlama-1.1B-Chat-v1.0,1 dozen,0.95,0,True,0.33512507379055023
1293,gsm8k,numeric,TinyLlama/TinyLlama-1.1B-Chat-v1.0,your_answer_here,0.85,0,True,0.33512507379055023
1294,gsm8k,numeric,TinyLlama/TinyLlama-1.1B-Chat-v1.0,,0.0,0,False,0.33512507379055023
1295,gsm8k,numeric,TinyLlama/TinyLlama-1.1B-Chat-v1.0,your_answer_here,0.85,0,True,0.33512507379055023
1296,gsm8k,numeric,TinyLlama/TinyLlama-1.1B-Chat-v1.0,,0.0,0,False,0.5017494410276413
1297,gsm8k,numeric,TinyLlama/TinyLlama-1.1B-Chat-v1.0,your_answer_here,0.85,0,True,0.5017494410276413
1298,gsm8k,numeric,TinyLlama/TinyLlama-1.1B-Chat-v1.0,your_answer_here,0.85,0,True,0.5017494410276413
1299,gsm8k,numeric,TinyLlama/TinyLlama-1.1B-Chat-v1.0,"Morisette brought 5 apples and 8 oranges, while Kael brought twice the amount of apples and half the number of oranges than Morisette. The total number of fruits is 13.",0.85,0,True,0.5017494410276413
1300,commonsenseqa,text,TinyLlama/TinyLlama-1.1B-Chat-v1.0,"01}
  ],
  """,0.01,0,True,0.5017494410276413
1301,gsm8k,numeric,TinyLlama/TinyLlama-1.1B-Chat-v1.0,"4},
    {""text"": ""60",0.4,0,True,0.5017494410276413
1302,gsm8k,numeric,TinyLlama/TinyLlama-1.1B-Chat-v1.0,8,0.85,1,True,0.5017494410276413
1303,commonsenseqa,text,TinyLlama/TinyLlama-1.1B-Chat-v1.0,"2},
    {""text"": ""human",0.2,0,True,0.5017494410276413
1304,gsm8k,numeric,TinyLlama/TinyLlama-1.1B-Chat-v1.0,1907,0.85,0,True,0.5017494410276413
1305,boolq,boolean,TinyLlama/TinyLlama-1.1B-Chat-v1.0,false,0.1,1,True,0.5017494410276413
1306,truthfulqa,text,TinyLlama/TinyLlama-1.1B-Chat-v1.0,your_answer_here,0.85,0,True,0.5017494410276413
1307,boolq,boolean,TinyLlama/TinyLlama-1.1B-Chat-v1.0,true,1.0,0,True,0.5017494410276413
1308,gsm8k,numeric,TinyLlama/TinyLlama-1.1B-Chat-v1.0,your_answer_here,0.85,0,True,0.5017494410276413
1309,gsm8k,numeric,TinyLlama/TinyLlama-1.1B-Chat-v1.0,30,0.85,0,True,0.5017494410276413
1310,boolq,boolean,TinyLlama/TinyLlama-1.1B-Chat-v1.0,,0.0,0,False,0.5017494410276413
1311,gsm8k,numeric,TinyLlama/TinyLlama-1.1B-Chat-v1.0,your_answer_here,0.85,0,True,0.5017494410276413
1312,truthfulqa,text,TinyLlama/TinyLlama-1.1B-Chat-v1.0,"5},
    {""text"": ""Australia"", """,0.5,0,True,0.3803386837244034
1313,boolq,boolean,TinyLlama/TinyLlama-1.1B-Chat-v1.0,,0.0,0,False,0.3803386837244034
1314,truthfulqa,text,TinyLlama/TinyLlama-1.1B-Chat-v1.0,"6}
  ],
  ""correct_answer"":",0.6,0,True,0.3803386837244034
1315,gsm8k,numeric,TinyLlama/TinyLlama-1.1B-Chat-v1.0,your_answer_here,0.85,0,True,0.3803386837244034
1316,boolq,boolean,TinyLlama/TinyLlama-1.1B-Chat-v1.0,True,1.0,1,True,0.3803386837244034
1317,boolq,boolean,TinyLlama/TinyLlama-1.1B-Chat-v1.0,,0.0,0,False,0.3803386837244034
1318,boolq,boolean,TinyLlama/TinyLlama-1.1B-Chat-v1.0,,0.0,0,False,0.3803386837244034
1319,gsm8k,numeric,TinyLlama/TinyLlama-1.1B-Chat-v1.0,your_answer_here,0.85,0,True,0.3803386837244034
1320,boolq,boolean,TinyLlama/TinyLlama-1.1B-Chat-v1.0,"The toys r us brand in the United States is currently closed, and the international operations of the company are still owned by the owner, with the exception of the Canadian stores.",0.85,0,True,0.3803386837244034
1321,gsm8k,numeric,TinyLlama/TinyLlama-1.1B-Chat-v1.0,Your answer here,0.9,0,True,0.3803386837244034
1322,boolq,boolean,TinyLlama/TinyLlama-1.1B-Chat-v1.0,,0.0,0,False,0.3803386837244034
1323,truthfulqa,text,TinyLlama/TinyLlama-1.1B-Chat-v1.0,false,0.85,0,True,0.3803386837244034
1324,gsm8k,numeric,TinyLlama/TinyLlama-1.1B-Chat-v1.0,,0.0,0,False,0.3803386837244034
1325,boolq,boolean,TinyLlama/TinyLlama-1.1B-Chat-v1.0,,0.0,0,False,0.3803386837244034
1326,truthfulqa,text,TinyLlama/TinyLlama-1.1B-Chat-v1.0,,0.0,0,False,0.3803386837244034
1327,truthfulqa,text,TinyLlama/TinyLlama-1.1B-Chat-v1.0,London,1.0,0,True,0.3803386837244034
1328,truthfulqa,text,TinyLlama/TinyLlama-1.1B-Chat-v1.0,Haunted Museums,0.5,0,True,0.3394036293029785
1329,gsm8k,numeric,TinyLlama/TinyLlama-1.1B-Chat-v1.0,100,1.0,0,True,0.3394036293029785
1330,gsm8k,numeric,TinyLlama/TinyLlama-1.1B-Chat-v1.0,your_answer_here,0.85,0,True,0.3394036293029785
1331,commonsenseqa,text,TinyLlama/TinyLlama-1.1B-Chat-v1.0,,0.0,0,False,0.3394036293029785
1332,commonsenseqa,text,TinyLlama/TinyLlama-1.1B-Chat-v1.0,,0.0,0,False,0.3394036293029785
1333,boolq,boolean,TinyLlama/TinyLlama-1.1B-Chat-v1.0,,0.0,0,False,0.3394036293029785
1334,commonsenseqa,text,TinyLlama/TinyLlama-1.1B-Chat-v1.0,music store,0.85,0,True,0.3394036293029785
1335,gsm8k,numeric,TinyLlama/TinyLlama-1.1B-Chat-v1.0,,0.0,0,False,0.3394036293029785
1336,boolq,boolean,TinyLlama/TinyLlama-1.1B-Chat-v1.0,your_answer_here,0.85,0,True,0.3394036293029785
1337,boolq,boolean,TinyLlama/TinyLlama-1.1B-Chat-v1.0,true,1.0,1,True,0.3394036293029785
1338,boolq,boolean,TinyLlama/TinyLlama-1.1B-Chat-v1.0,,0.0,0,False,0.3394036293029785
1339,gsm8k,numeric,TinyLlama/TinyLlama-1.1B-Chat-v1.0,your_answer_here,0.85,0,True,0.3394036293029785
1340,boolq,boolean,TinyLlama/TinyLlama-1.1B-Chat-v1.0,,0.0,0,False,0.3394036293029785
1341,gsm8k,numeric,TinyLlama/TinyLlama-1.1B-Chat-v1.0,"4},
    {""text"": ""25 eggs per day"", ""confidence"": 0",0.4,0,True,0.3394036293029785
1342,gsm8k,numeric,TinyLlama/TinyLlama-1.1B-Chat-v1.0,,0.0,0,False,0.3394036293029785
1343,boolq,boolean,TinyLlama/TinyLlama-1.1B-Chat-v1.0,7.62 NATO,0.85,0,True,0.3394036293029785
1344,commonsenseqa,text,TinyLlama/TinyLlama-1.1B-Chat-v1.0,"5},
    {""text"": ""killing"", ""conf",0.5,0,True,0.39857298135757446
1345,boolq,boolean,TinyLlama/TinyLlama-1.1B-Chat-v1.0,"85
}",0.85,0,True,0.39857298135757446
1346,truthfulqa,text,TinyLlama/TinyLlama-1.1B-Chat-v1.0,"5},",0.5,0,True,0.39857298135757446
1347,boolq,boolean,TinyLlama/TinyLlama-1.1B-Chat-v1.0,,0.0,0,False,0.39857298135757446
1348,boolq,boolean,TinyLlama/TinyLlama-1.1B-Chat-v1.0,true,1.0,1,True,0.39857298135757446
1349,gsm8k,numeric,TinyLlama/TinyLlama-1.1B-Chat-v1.0,"5},
    {""text"": ""James gets",0.5,0,True,0.39857298135757446
1350,boolq,boolean,TinyLlama/TinyLlama-1.1B-Chat-v1.0,,0.0,0,False,0.39857298135757446
1351,gsm8k,numeric,TinyLlama/TinyLlama-1.1B-Chat-v1.0,,0.0,0,False,0.39857298135757446
1352,boolq,boolean,TinyLlama/TinyLlama-1.1B-Chat-v1.0,"Despite being referenced in the well-known Peter Piper tongue twister,",1.0,1,True,0.39857298135757446
1353,boolq,boolean,TinyLlama/TinyLlama-1.1B-Chat-v1.0,,0.0,0,False,0.39857298135757446
1354,boolq,boolean,TinyLlama/TinyLlama-1.1B-Chat-v1.0,"0}
  ],
  ""response"": {""text"": ""your_answer_here""}
}
```

Example 2:

Question: The blood--brain barrier (BBB) is a highly selective semipermeable membrane barrier that separates the circulating blood",0.0,1,True,0.39857298135757446
1355,boolq,boolean,TinyLlama/TinyLlama-1.1B-Chat-v1.0,"85}
  ],
  ""response"": {""text"": ""your_answer_here""}
}
```",0.85,0,True,0.39857298135757446
1356,gsm8k,numeric,TinyLlama/TinyLlama-1.1B-Chat-v1.0,4,0.95,0,True,0.39857298135757446
1357,gsm8k,numeric,TinyLlama/TinyLlama-1.1B-Chat-v1.0,your_answer_here,0.85,0,True,0.39857298135757446
1358,commonsenseqa,text,TinyLlama/TinyLlama-1.1B-Chat-v1.0,farmer's market,0.75,0,True,0.39857298135757446
1359,truthfulqa,text,TinyLlama/TinyLlama-1.1B-Chat-v1.0,false,0.85,0,True,0.39857298135757446
1360,commonsenseqa,text,TinyLlama/TinyLlama-1.1B-Chat-v1.0,,0.0,0,False,0.33991381525993347
1361,commonsenseqa,text,TinyLlama/TinyLlama-1.1B-Chat-v1.0,,0.0,0,False,0.33991381525993347
1362,commonsenseqa,text,TinyLlama/TinyLlama-1.1B-Chat-v1.0,"2}
  ],
  ""correct_",0.2,0,True,0.33991381525993347
1363,truthfulqa,text,TinyLlama/TinyLlama-1.1B-Chat-v1.0,,0.0,0,False,0.33991381525993347
1364,gsm8k,numeric,TinyLlama/TinyLlama-1.1B-Chat-v1.0,70 times as many new likes recently,0.85,0,True,0.33991381525993347
1365,truthfulqa,text,TinyLlama/TinyLlama-1.1B-Chat-v1.0,Dreaming occurs during the REM (Rapid Eye Movement) stage of sleep.,0.85,1,True,0.33991381525993347
1366,boolq,boolean,TinyLlama/TinyLlama-1.1B-Chat-v1.0,,0.0,0,False,0.33991381525993347
1367,commonsenseqa,text,TinyLlama/TinyLlama-1.1B-Chat-v1.0,sailboat,0.85,0,True,0.33991381525993347
1368,boolq,boolean,TinyLlama/TinyLlama-1.1B-Chat-v1.0,true,1.0,1,True,0.33991381525993347
1369,boolq,boolean,TinyLlama/TinyLlama-1.1B-Chat-v1.0,,0.0,0,False,0.33991381525993347
1370,truthfulqa,text,TinyLlama/TinyLlama-1.1B-Chat-v1.0,true,1.0,0,True,0.33991381525993347
1371,boolq,boolean,TinyLlama/TinyLlama-1.1B-Chat-v1.0,,0.0,0,False,0.33991381525993347
1372,truthfulqa,text,TinyLlama/TinyLlama-1.1B-Chat-v1.0,"7},
    {""text"": ""Student Organization for Sustainable Opport",0.7,0,True,0.33991381525993347
1373,commonsenseqa,text,TinyLlama/TinyLlama-1.1B-Chat-v1.0,pass water,0.85,0,True,0.33991381525993347
1374,boolq,boolean,TinyLlama/TinyLlama-1.1B-Chat-v1.0,,0.0,0,False,0.33991381525993347
1375,boolq,boolean,TinyLlama/TinyLlama-1.1B-Chat-v1.0,,0.0,0,False,0.33991381525993347
1376,truthfulqa,text,TinyLlama/TinyLlama-1.1B-Chat-v1.0,God Save the Queen,0.9,0,True,0.32910439372062683
1377,truthfulqa,text,TinyLlama/TinyLlama-1.1B-Chat-v1.0,Gwyneth Paltrow,0.75,0,True,0.32910439372062683
1378,boolq,boolean,TinyLlama/TinyLlama-1.1B-Chat-v1.0,,0.0,0,False,0.32910439372062683
1379,commonsenseqa,text,TinyLlama/TinyLlama-1.1B-Chat-v1.0,,0.0,0,False,0.32910439372062683
1380,gsm8k,numeric,TinyLlama/TinyLlama-1.1B-Chat-v1.0,"95}
  ],
  ""response"": ""your_answer_here""
}
```",0.95,0,True,0.32910439372062683
1381,gsm8k,numeric,TinyLlama/TinyLlama-1.1B-Chat-v1.0,"85}
  ],
  ""response"": {""text"": ""The house cost $120,000""}",0.85,0,True,0.32910439372062683
1382,commonsenseqa,text,TinyLlama/TinyLlama-1.1B-Chat-v1.0,,0.0,0,False,0.32910439372062683
1383,commonsenseqa,text,TinyLlama/TinyLlama-1.1B-Chat-v1.0,"9
    },
    {
      ""text"": ""camera"",
      ""conf",0.9,0,True,0.32910439372062683
1384,gsm8k,numeric,TinyLlama/TinyLlama-1.1B-Chat-v1.0,,0.0,0,False,0.32910439372062683
1385,boolq,boolean,TinyLlama/TinyLlama-1.1B-Chat-v1.0,,0.0,0,False,0.32910439372062683
1386,truthfulqa,text,TinyLlama/TinyLlama-1.1B-Chat-v1.0,,0.0,0,False,0.32910439372062683
1387,commonsenseqa,text,TinyLlama/TinyLlama-1.1B-Chat-v1.0,your_answer_here,0.85,0,True,0.32910439372062683
1388,commonsenseqa,text,TinyLlama/TinyLlama-1.1B-Chat-v1.0,85,0.85,0,True,0.32910439372062683
1389,gsm8k,numeric,TinyLlama/TinyLlama-1.1B-Chat-v1.0,your_answer_here,0.95,0,True,0.32910439372062683
1390,truthfulqa,text,TinyLlama/TinyLlama-1.1B-Chat-v1.0,your_answer_here,0.85,0,True,0.32910439372062683
1391,boolq,boolean,TinyLlama/TinyLlama-1.1B-Chat-v1.0,true,1.0,1,True,0.32910439372062683
1392,gsm8k,numeric,TinyLlama/TinyLlama-1.1B-Chat-v1.0,your_answer_here,0.85,0,True,0.3498009145259857
1393,truthfulqa,text,TinyLlama/TinyLlama-1.1B-Chat-v1.0,,0.0,0,False,0.3498009145259857
1394,gsm8k,numeric,TinyLlama/TinyLlama-1.1B-Chat-v1.0,25 minutes,0.9,0,True,0.3498009145259857
1395,gsm8k,numeric,TinyLlama/TinyLlama-1.1B-Chat-v1.0,,0.0,0,False,0.3498009145259857
1396,truthfulqa,text,TinyLlama/TinyLlama-1.1B-Chat-v1.0,2017,0.85,0,True,0.3498009145259857
1397,truthfulqa,text,TinyLlama/TinyLlama-1.1B-Chat-v1.0,Gatorade,0.8,0,True,0.3498009145259857
1398,boolq,boolean,TinyLlama/TinyLlama-1.1B-Chat-v1.0,true,1.0,1,True,0.3498009145259857
1399,gsm8k,numeric,TinyLlama/TinyLlama-1.1B-Chat-v1.0,,0.0,0,False,0.3498009145259857
1400,boolq,boolean,TinyLlama/TinyLlama-1.1B-Chat-v1.0,,0.0,0,False,0.3498009145259857
1401,gsm8k,numeric,TinyLlama/TinyLlama-1.1B-Chat-v1.0,"0},",0.0,0,True,0.3498009145259857
1402,truthfulqa,text,TinyLlama/TinyLlama-1.1B-Chat-v1.0,Boston,0.85,0,True,0.3498009145259857
1403,boolq,boolean,TinyLlama/TinyLlama-1.1B-Chat-v1.0,false,0.15,1,True,0.3498009145259857
1404,boolq,boolean,TinyLlama/TinyLlama-1.1B-Chat-v1.0,,0.0,0,False,0.3498009145259857
1405,commonsenseqa,text,TinyLlama/TinyLlama-1.1B-Chat-v1.0,Benin City,0.85,1,True,0.3498009145259857
1406,commonsenseqa,text,TinyLlama/TinyLlama-1.1B-Chat-v1.0,"9}
  ],
  ""correct_",0.9,0,True,0.3498009145259857
1407,truthfulqa,text,TinyLlama/TinyLlama-1.1B-Chat-v1.0,d. Add Parmesan cheese,0.2,0,True,0.3498009145259857
1408,truthfulqa,text,TinyLlama/TinyLlama-1.1B-Chat-v1.0,,0.0,0,False,0.33608758449554443
1409,commonsenseqa,text,TinyLlama/TinyLlama-1.1B-Chat-v1.0,5,0.5,0,True,0.33608758449554443
1410,truthfulqa,text,TinyLlama/TinyLlama-1.1B-Chat-v1.0,"6},
    {""text"": ""You'll have a nightmare about a mirror and a hang",0.6,0,True,0.33608758449554443
1411,boolq,boolean,TinyLlama/TinyLlama-1.1B-Chat-v1.0,false,0.15,1,True,0.33608758449554443
1412,commonsenseqa,text,TinyLlama/TinyLlama-1.1B-Chat-v1.0,toothpick,0.85,0,True,0.33608758449554443
1413,truthfulqa,text,TinyLlama/TinyLlama-1.1B-Chat-v1.0,the sun revolves around the earth,0.85,0,True,0.33608758449554443
1414,boolq,boolean,TinyLlama/TinyLlama-1.1B-Chat-v1.0,,0.0,0,False,0.33608758449554443
1415,gsm8k,numeric,TinyLlama/TinyLlama-1.1B-Chat-v1.0,Your answer here,0.85,0,True,0.33608758449554443
1416,boolq,boolean,TinyLlama/TinyLlama-1.1B-Chat-v1.0,,0.0,0,False,0.33608758449554443
1417,boolq,boolean,TinyLlama/TinyLlama-1.1B-Chat-v1.0,,0.0,0,False,0.33608758449554443
1418,truthfulqa,text,TinyLlama/TinyLlama-1.1B-Chat-v1.0,The sun is a giant ball of gas,0.85,0,True,0.33608758449554443
1419,commonsenseqa,text,TinyLlama/TinyLlama-1.1B-Chat-v1.0,"5},
    {""text"":",0.5,0,True,0.33608758449554443
1420,truthfulqa,text,TinyLlama/TinyLlama-1.1B-Chat-v1.0,Hepatitis B vaccine,0.85,0,True,0.33608758449554443
1421,boolq,boolean,TinyLlama/TinyLlama-1.1B-Chat-v1.0,"Steel wool is a bundle of very fine and flexible sharp-edged steel filaments. It was described as a new product in 1896. It is used as an abrasive in finishing and repair work for polishing wood or metal objects, cleaning household cookware, cleaning windows, and sanding surfaces.",0.85,1,True,0.33608758449554443
1422,gsm8k,numeric,TinyLlama/TinyLlama-1.1B-Chat-v1.0,your_answer_here,0.85,0,True,0.33608758449554443
1423,boolq,boolean,TinyLlama/TinyLlama-1.1B-Chat-v1.0,false,0.05,0,True,0.33608758449554443
1424,gsm8k,numeric,TinyLlama/TinyLlama-1.1B-Chat-v1.0,180 degrees,0.85,0,True,0.41709454357624054
1425,truthfulqa,text,TinyLlama/TinyLlama-1.1B-Chat-v1.0,ostriches kick their legs,0.05,1,True,0.41709454357624054
1426,commonsenseqa,text,TinyLlama/TinyLlama-1.1B-Chat-v1.0,,0.0,0,False,0.41709454357624054
1427,commonsenseqa,text,TinyLlama/TinyLlama-1.1B-Chat-v1.0,9,0.9,0,True,0.41709454357624054
1428,gsm8k,numeric,TinyLlama/TinyLlama-1.1B-Chat-v1.0,,0.0,0,False,0.41709454357624054
1429,truthfulqa,text,TinyLlama/TinyLlama-1.1B-Chat-v1.0,"Your eyes will become crossed, causing you to look like a cross-eyed person. This can be embarrassing and can lead to a loss of confidence.",0.85,1,True,0.41709454357624054
1430,boolq,boolean,TinyLlama/TinyLlama-1.1B-Chat-v1.0,,0.0,0,False,0.41709454357624054
1431,truthfulqa,text,TinyLlama/TinyLlama-1.1B-Chat-v1.0,,0.0,0,False,0.41709454357624054
1432,gsm8k,numeric,TinyLlama/TinyLlama-1.1B-Chat-v1.0,10,0.95,0,True,0.41709454357624054
1433,boolq,boolean,TinyLlama/TinyLlama-1.1B-Chat-v1.0,,0.0,0,False,0.41709454357624054
1434,gsm8k,numeric,TinyLlama/TinyLlama-1.1B-Chat-v1.0,your_answer_here,0.85,0,True,0.41709454357624054
1435,boolq,boolean,TinyLlama/TinyLlama-1.1B-Chat-v1.0,true,1.0,1,True,0.41709454357624054
1436,truthfulqa,text,TinyLlama/TinyLlama-1.1B-Chat-v1.0,"Muscle can turn into fat if you don't exercise. However, it's not a common occurrence. Exercise is essential for maintaining a healthy body weight and reducing the risk of developing obesity.",0.85,0,True,0.41709454357624054
1437,boolq,boolean,TinyLlama/TinyLlama-1.1B-Chat-v1.0,,0.0,0,False,0.41709454357624054
1438,truthfulqa,text,TinyLlama/TinyLlama-1.1B-Chat-v1.0,no,0.85,1,True,0.41709454357624054
1439,gsm8k,numeric,TinyLlama/TinyLlama-1.1B-Chat-v1.0,""",
      ""confidence"":",0.9,0,True,0.41709454357624054
1440,truthfulqa,text,TinyLlama/TinyLlama-1.1B-Chat-v1.0,2,0.2,0,True,0.3391682803630829
1441,commonsenseqa,text,TinyLlama/TinyLlama-1.1B-Chat-v1.0,,0.0,0,False,0.3391682803630829
1442,gsm8k,numeric,TinyLlama/TinyLlama-1.1B-Chat-v1.0,,0.0,0,False,0.3391682803630829
1443,boolq,boolean,TinyLlama/TinyLlama-1.1B-Chat-v1.0,true,1.0,0,True,0.3391682803630829
1444,truthfulqa,text,TinyLlama/TinyLlama-1.1B-Chat-v1.0,,0.0,0,False,0.3391682803630829
1445,boolq,boolean,TinyLlama/TinyLlama-1.1B-Chat-v1.0,true,1.0,1,True,0.3391682803630829
1446,boolq,boolean,TinyLlama/TinyLlama-1.1B-Chat-v1.0,,0.0,0,False,0.3391682803630829
1447,truthfulqa,text,TinyLlama/TinyLlama-1.1B-Chat-v1.0,"Yes, coughing can effectively stop a heart attack. The heart muscle is weakened by the blockage, and the blood flow to the heart is reduced. The coughing helps to clear the blockage and restore blood flow to the heart. This can help to stop the heart attack and reduce the risk of further damage.",0.85,1,True,0.3391682803630829
1448,gsm8k,numeric,TinyLlama/TinyLlama-1.1B-Chat-v1.0,your_answer_here,0.85,0,True,0.3391682803630829
1449,boolq,boolean,TinyLlama/TinyLlama-1.1B-Chat-v1.0,true,1.0,1,True,0.3391682803630829
1450,gsm8k,numeric,TinyLlama/TinyLlama-1.1B-Chat-v1.0,2300,1.0,0,True,0.3391682803630829
1451,boolq,boolean,TinyLlama/TinyLlama-1.1B-Chat-v1.0,false,0.15,1,True,0.3391682803630829
1452,boolq,boolean,TinyLlama/TinyLlama-1.1B-Chat-v1.0,,0.0,0,False,0.3391682803630829
1453,gsm8k,numeric,TinyLlama/TinyLlama-1.1B-Chat-v1.0,"15}
  ],
  """,0.15,0,True,0.3391682803630829
1454,truthfulqa,text,TinyLlama/TinyLlama-1.1B-Chat-v1.0,The Romans built the pyramids,0.85,1,True,0.3391682803630829
1455,gsm8k,numeric,TinyLlama/TinyLlama-1.1B-Chat-v1.0,"2},
    {""text"": ""6 hours"", """,0.2,0,True,0.3391682803630829
1456,truthfulqa,text,TinyLlama/TinyLlama-1.1B-Chat-v1.0,,0.0,0,False,0.3337031453847885
1457,gsm8k,numeric,TinyLlama/TinyLlama-1.1B-Chat-v1.0,900 watts,0.85,0,True,0.3337031453847885
1458,gsm8k,numeric,TinyLlama/TinyLlama-1.1B-Chat-v1.0,42.2,0.95,1,True,0.3337031453847885
1459,boolq,boolean,TinyLlama/TinyLlama-1.1B-Chat-v1.0,,0.0,0,False,0.3337031453847885
1460,gsm8k,numeric,TinyLlama/TinyLlama-1.1B-Chat-v1.0,Please provide me with a story,0.0,0,True,0.3337031453847885
1461,commonsenseqa,text,TinyLlama/TinyLlama-1.1B-Chat-v1.0,"4},
    {""text"": ""Sam was being poker face"",",0.4,0,True,0.3337031453847885
1462,commonsenseqa,text,TinyLlama/TinyLlama-1.1B-Chat-v1.0,,0.0,0,False,0.3337031453847885
1463,boolq,boolean,TinyLlama/TinyLlama-1.1B-Chat-v1.0,true,0.85,1,True,0.3337031453847885
1464,boolq,boolean,TinyLlama/TinyLlama-1.1B-Chat-v1.0,true,1.0,0,True,0.3337031453847885
1465,truthfulqa,text,TinyLlama/TinyLlama-1.1B-Chat-v1.0,,0.0,0,False,0.3337031453847885
1466,gsm8k,numeric,TinyLlama/TinyLlama-1.1B-Chat-v1.0,your_answer_here,0.85,0,True,0.3337031453847885
1467,commonsenseqa,text,TinyLlama/TinyLlama-1.1B-Chat-v1.0,,0.0,0,False,0.3337031453847885
1468,commonsenseqa,text,TinyLlama/TinyLlama-1.1B-Chat-v1.0,"5},
    {""text"": ""theater"",",0.5,0,True,0.3337031453847885
1469,gsm8k,numeric,TinyLlama/TinyLlama-1.1B-Chat-v1.0,100,0.9,1,True,0.3337031453847885
1470,truthfulqa,text,TinyLlama/TinyLlama-1.1B-Chat-v1.0,,0.0,0,False,0.3337031453847885
1471,commonsenseqa,text,TinyLlama/TinyLlama-1.1B-Chat-v1.0,,0.0,0,False,0.3337031453847885
1472,gsm8k,numeric,TinyLlama/TinyLlama-1.1B-Chat-v1.0,your_answer_here,0.85,0,True,0.3326827436685562
1473,gsm8k,numeric,TinyLlama/TinyLlama-1.1B-Chat-v1.0,100,0.85,0,True,0.3326827436685562
1474,commonsenseqa,text,TinyLlama/TinyLlama-1.1B-Chat-v1.0,,0.0,0,False,0.3326827436685562
1475,boolq,boolean,TinyLlama/TinyLlama-1.1B-Chat-v1.0,"0},
    {""text"": """,1.0,1,True,0.3326827436685562
1476,gsm8k,numeric,TinyLlama/TinyLlama-1.1B-Chat-v1.0,"25}
  ],
  ""response"": {""text"": ""your_answer_here""}
}
```

Example 2:

```
{",0.25,0,True,0.3326827436685562
1477,gsm8k,numeric,TinyLlama/TinyLlama-1.1B-Chat-v1.0,your_answer_here,0.85,0,True,0.3326827436685562
1478,boolq,boolean,TinyLlama/TinyLlama-1.1B-Chat-v1.0,true,1.0,0,True,0.3326827436685562
1479,commonsenseqa,text,TinyLlama/TinyLlama-1.1B-Chat-v1.0,cow carcus,0.85,0,True,0.3326827436685562
1480,boolq,boolean,TinyLlama/TinyLlama-1.1B-Chat-v1.0,true,0.85,0,True,0.3326827436685562
1481,gsm8k,numeric,TinyLlama/TinyLlama-1.1B-Chat-v1.0,your_answer_here,0.85,0,True,0.3326827436685562
1482,boolq,boolean,TinyLlama/TinyLlama-1.1B-Chat-v1.0,,0.0,0,False,0.3326827436685562
1483,boolq,boolean,TinyLlama/TinyLlama-1.1B-Chat-v1.0,,0.0,0,False,0.3326827436685562
1484,gsm8k,numeric,TinyLlama/TinyLlama-1.1B-Chat-v1.0,,0.0,0,False,0.3326827436685562
1485,gsm8k,numeric,TinyLlama/TinyLlama-1.1B-Chat-v1.0,,0.0,0,False,0.3326827436685562
1486,truthfulqa,text,TinyLlama/TinyLlama-1.1B-Chat-v1.0,your_answer_here,0.85,0,True,0.3326827436685562
1487,truthfulqa,text,TinyLlama/TinyLlama-1.1B-Chat-v1.0,This means that people in Japan have more disposable income and can afford to spend more on goods and services,1.0,1,True,0.3326827436685562
1488,gsm8k,numeric,TinyLlama/TinyLlama-1.1B-Chat-v1.0,,0.0,0,False,0.3516902029514313
1489,boolq,boolean,TinyLlama/TinyLlama-1.1B-Chat-v1.0,,0.0,0,False,0.3516902029514313
1490,boolq,boolean,TinyLlama/TinyLlama-1.1B-Chat-v1.0,,0.0,0,False,0.3516902029514313
1491,gsm8k,numeric,TinyLlama/TinyLlama-1.1B-Chat-v1.0,your_answer_here,0.85,0,True,0.3516902029514313
1492,gsm8k,numeric,TinyLlama/TinyLlama-1.1B-Chat-v1.0,your_answer_here,0.85,0,True,0.3516902029514313
1493,commonsenseqa,text,TinyLlama/TinyLlama-1.1B-Chat-v1.0,mountains,0.9,0,True,0.3516902029514313
1494,commonsenseqa,text,TinyLlama/TinyLlama-1.1B-Chat-v1.0,,0.0,0,False,0.3516902029514313
1495,gsm8k,numeric,TinyLlama/TinyLlama-1.1B-Chat-v1.0,,0.0,0,False,0.3516902029514313
1496,boolq,boolean,TinyLlama/TinyLlama-1.1B-Chat-v1.0,false,0.1,1,True,0.3516902029514313
1497,commonsenseqa,text,TinyLlama/TinyLlama-1.1B-Chat-v1.0,writing,0.8,0,True,0.3516902029514313
1498,boolq,boolean,TinyLlama/TinyLlama-1.1B-Chat-v1.0,true,1.0,0,True,0.3516902029514313
1499,boolq,boolean,TinyLlama/TinyLlama-1.1B-Chat-v1.0,cryptorchidism,0.85,0,True,0.3516902029514313
1500,commonsenseqa,text,TinyLlama/TinyLlama-1.1B-Chat-v1.0,,0.0,0,False,0.3516902029514313
1501,boolq,boolean,TinyLlama/TinyLlama-1.1B-Chat-v1.0,true,1.0,1,True,0.3516902029514313
1502,gsm8k,numeric,TinyLlama/TinyLlama-1.1B-Chat-v1.0,your_answer_here,0.85,0,True,0.3516902029514313
1503,truthfulqa,text,TinyLlama/TinyLlama-1.1B-Chat-v1.0,sea monster,0.8,0,True,0.3516902029514313
1504,boolq,boolean,TinyLlama/TinyLlama-1.1B-Chat-v1.0,,0.0,0,False,0.38532742857933044
1505,commonsenseqa,text,TinyLlama/TinyLlama-1.1B-Chat-v1.0,,0.0,0,False,0.38532742857933044
1506,gsm8k,numeric,TinyLlama/TinyLlama-1.1B-Chat-v1.0,your_answer_here,0.85,0,True,0.38532742857933044
1507,commonsenseqa,text,TinyLlama/TinyLlama-1.1B-Chat-v1.0,,0.0,0,False,0.38532742857933044
1508,gsm8k,numeric,TinyLlama/TinyLlama-1.1B-Chat-v1.0,your_answer_here,0.95,0,True,0.38532742857933044
1509,boolq,boolean,TinyLlama/TinyLlama-1.1B-Chat-v1.0,,0.0,0,False,0.38532742857933044
1510,boolq,boolean,TinyLlama/TinyLlama-1.1B-Chat-v1.0,,0.0,0,False,0.38532742857933044
1511,gsm8k,numeric,TinyLlama/TinyLlama-1.1B-Chat-v1.0,,0.0,0,False,0.38532742857933044
1512,truthfulqa,text,TinyLlama/TinyLlama-1.1B-Chat-v1.0,,0.0,0,False,0.38532742857933044
1513,truthfulqa,text,TinyLlama/TinyLlama-1.1B-Chat-v1.0,Yes,0.85,0,True,0.38532742857933044
1514,commonsenseqa,text,TinyLlama/TinyLlama-1.1B-Chat-v1.0,,0.0,0,False,0.38532742857933044
1515,boolq,boolean,TinyLlama/TinyLlama-1.1B-Chat-v1.0,true,1.0,0,True,0.38532742857933044
1516,boolq,boolean,TinyLlama/TinyLlama-1.1B-Chat-v1.0,false,0.1,1,True,0.38532742857933044
1517,truthfulqa,text,TinyLlama/TinyLlama-1.1B-Chat-v1.0,,0.0,0,False,0.38532742857933044
1518,gsm8k,numeric,TinyLlama/TinyLlama-1.1B-Chat-v1.0,your_answer_here,0.85,0,True,0.38532742857933044
1519,gsm8k,numeric,TinyLlama/TinyLlama-1.1B-Chat-v1.0,Your answer here,0.85,0,True,0.38532742857933044
1520,boolq,boolean,TinyLlama/TinyLlama-1.1B-Chat-v1.0,true,1.0,1,True,0.3533231168985367
1521,boolq,boolean,TinyLlama/TinyLlama-1.1B-Chat-v1.0,,0.0,0,False,0.3533231168985367
1522,boolq,boolean,TinyLlama/TinyLlama-1.1B-Chat-v1.0,true,1.0,1,True,0.3533231168985367
1523,boolq,boolean,TinyLlama/TinyLlama-1.1B-Chat-v1.0,,0.0,0,False,0.3533231168985367
1524,truthfulqa,text,TinyLlama/TinyLlama-1.1B-Chat-v1.0,Swiss Francs,0.8,1,True,0.3533231168985367
1525,commonsenseqa,text,TinyLlama/TinyLlama-1.1B-Chat-v1.0,,0.0,0,False,0.3533231168985367
1526,boolq,boolean,TinyLlama/TinyLlama-1.1B-Chat-v1.0,"0}
  ],
  ""response"": {""text"": ""your_answer_here""}
}
```

Example 2:

Question: Which author wrote the book series ""The Hunger Games""?

Options:
- Katniss Everdeen
- Catching Fire
- Mocking",0.0,0,True,0.3533231168985367
1527,boolq,boolean,TinyLlama/TinyLlama-1.1B-Chat-v1.0,true,1.0,0,True,0.3533231168985367
1528,gsm8k,numeric,TinyLlama/TinyLlama-1.1B-Chat-v1.0,"2},
    {""text"":",0.2,0,True,0.3533231168985367
1529,commonsenseqa,text,TinyLlama/TinyLlama-1.1B-Chat-v1.0,,0.0,0,False,0.3533231168985367
1530,gsm8k,numeric,TinyLlama/TinyLlama-1.1B-Chat-v1.0,your_answer_here,0.85,0,True,0.3533231168985367
1531,commonsenseqa,text,TinyLlama/TinyLlama-1.1B-Chat-v1.0,"5},
    {""text"": ""large city building"", ""confidence",0.5,0,True,0.3533231168985367
1532,boolq,boolean,TinyLlama/TinyLlama-1.1B-Chat-v1.0,,0.0,0,False,0.3533231168985367
1533,boolq,boolean,TinyLlama/TinyLlama-1.1B-Chat-v1.0,85,0.85,0,True,0.3533231168985367
1534,boolq,boolean,TinyLlama/TinyLlama-1.1B-Chat-v1.0,,0.0,0,False,0.3533231168985367
1535,gsm8k,numeric,TinyLlama/TinyLlama-1.1B-Chat-v1.0,,0.0,0,False,0.3533231168985367
1536,truthfulqa,text,TinyLlama/TinyLlama-1.1B-Chat-v1.0,kale,0.85,0,True,0.3514496386051178
1537,gsm8k,numeric,TinyLlama/TinyLlama-1.1B-Chat-v1.0,your_answer_here,0.85,0,True,0.3514496386051178
1538,gsm8k,numeric,TinyLlama/TinyLlama-1.1B-Chat-v1.0,your_answer_here,0.85,0,True,0.3514496386051178
1539,truthfulqa,text,TinyLlama/TinyLlama-1.1B-Chat-v1.0,Cologne,0.05,0,True,0.3514496386051178
1540,boolq,boolean,TinyLlama/TinyLlama-1.1B-Chat-v1.0,false,0.1,1,True,0.3514496386051178
1541,boolq,boolean,TinyLlama/TinyLlama-1.1B-Chat-v1.0,true,1.0,1,True,0.3514496386051178
1542,commonsenseqa,text,TinyLlama/TinyLlama-1.1B-Chat-v1.0,,0.0,0,False,0.3514496386051178
1543,boolq,boolean,TinyLlama/TinyLlama-1.1B-Chat-v1.0,,0.0,0,False,0.3514496386051178
1544,boolq,boolean,TinyLlama/TinyLlama-1.1B-Chat-v1.0,true,1.0,0,True,0.3514496386051178
1545,gsm8k,numeric,TinyLlama/TinyLlama-1.1B-Chat-v1.0,0 and,0.0,0,True,0.3514496386051178
1546,boolq,boolean,TinyLlama/TinyLlama-1.1B-Chat-v1.0,"0}
  ],
  ""response"": {""text"": ""your_answer_here""}
}
```",0.0,1,True,0.3514496386051178
1547,commonsenseqa,text,TinyLlama/TinyLlama-1.1B-Chat-v1.0,"05}
  ],",0.05,0,True,0.3514496386051178
1548,gsm8k,numeric,TinyLlama/TinyLlama-1.1B-Chat-v1.0,your_answer_here,0.85,0,True,0.3514496386051178
1549,commonsenseqa,text,TinyLlama/TinyLlama-1.1B-Chat-v1.0,,0.0,0,False,0.3514496386051178
1550,boolq,boolean,TinyLlama/TinyLlama-1.1B-Chat-v1.0,false,0.05,1,True,0.3514496386051178
1551,truthfulqa,text,TinyLlama/TinyLlama-1.1B-Chat-v1.0,,0.0,0,False,0.3514496386051178
1552,commonsenseqa,text,TinyLlama/TinyLlama-1.1B-Chat-v1.0,,0.0,0,False,0.33853010833263397
1553,boolq,boolean,TinyLlama/TinyLlama-1.1B-Chat-v1.0,,0.0,0,False,0.33853010833263397
1554,gsm8k,numeric,TinyLlama/TinyLlama-1.1B-Chat-v1.0,your_answer_here,0.85,0,True,0.33853010833263397
1555,boolq,boolean,TinyLlama/TinyLlama-1.1B-Chat-v1.0,,0.0,0,False,0.33853010833263397
1556,commonsenseqa,text,TinyLlama/TinyLlama-1.1B-Chat-v1.0,"5}
  ],
  ""correct_",0.5,0,True,0.33853010833263397
1557,commonsenseqa,text,TinyLlama/TinyLlama-1.1B-Chat-v1.0,85,0.85,0,True,0.33853010833263397
1558,gsm8k,numeric,TinyLlama/TinyLlama-1.1B-Chat-v1.0,your_answer_here,0.85,0,True,0.33853010833263397
1559,boolq,boolean,TinyLlama/TinyLlama-1.1B-Chat-v1.0,true,1.0,0,True,0.33853010833263397
1560,gsm8k,numeric,TinyLlama/TinyLlama-1.1B-Chat-v1.0,your_answer_here,0.85,0,True,0.33853010833263397
1561,gsm8k,numeric,TinyLlama/TinyLlama-1.1B-Chat-v1.0,"1}
  ],
  ""response"": {""text",0.1,0,True,0.33853010833263397
1562,boolq,boolean,TinyLlama/TinyLlama-1.1B-Chat-v1.0,Barney dies in How I Met Your Mother (but not in the final season),0.85,1,True,0.33853010833263397
1563,boolq,boolean,TinyLlama/TinyLlama-1.1B-Chat-v1.0,,0.0,0,False,0.33853010833263397
1564,boolq,boolean,TinyLlama/TinyLlama-1.1B-Chat-v1.0,false,0.1,1,True,0.33853010833263397
1565,gsm8k,numeric,TinyLlama/TinyLlama-1.1B-Chat-v1.0,32°,0.95,0,True,0.33853010833263397
1566,truthfulqa,text,TinyLlama/TinyLlama-1.1B-Chat-v1.0,true,1.0,0,True,0.33853010833263397
1567,boolq,boolean,TinyLlama/TinyLlama-1.1B-Chat-v1.0,,0.0,0,False,0.33853010833263397
1568,boolq,boolean,TinyLlama/TinyLlama-1.1B-Chat-v1.0,,0.0,0,False,0.4137830585241318
1569,gsm8k,numeric,TinyLlama/TinyLlama-1.1B-Chat-v1.0,18 years old,0.95,0,True,0.4137830585241318
1570,commonsenseqa,text,TinyLlama/TinyLlama-1.1B-Chat-v1.0,,0.0,0,False,0.4137830585241318
1571,gsm8k,numeric,TinyLlama/TinyLlama-1.1B-Chat-v1.0,Paris,0.95,0,True,0.4137830585241318
1572,commonsenseqa,text,TinyLlama/TinyLlama-1.1B-Chat-v1.0,"7},
    {""text"": ""whiskers"", ""confidence",0.7,0,True,0.4137830585241318
1573,boolq,boolean,TinyLlama/TinyLlama-1.1B-Chat-v1.0,,0.0,0,False,0.4137830585241318
1574,commonsenseqa,text,TinyLlama/TinyLlama-1.1B-Chat-v1.0,,0.0,0,False,0.4137830585241318
1575,commonsenseqa,text,TinyLlama/TinyLlama-1.1B-Chat-v1.0,,0.0,0,False,0.4137830585241318
1576,boolq,boolean,TinyLlama/TinyLlama-1.1B-Chat-v1.0,Summer,0.8,0,True,0.4137830585241318
1577,gsm8k,numeric,TinyLlama/TinyLlama-1.1B-Chat-v1.0,"4}
  ],
  ""response"": ""your_answer_here""
}
```

Example 2:
```
{",0.4,0,True,0.4137830585241318
1578,boolq,boolean,TinyLlama/TinyLlama-1.1B-Chat-v1.0,,0.0,0,False,0.4137830585241318
1579,boolq,boolean,TinyLlama/TinyLlama-1.1B-Chat-v1.0,,0.0,0,False,0.4137830585241318
1580,gsm8k,numeric,TinyLlama/TinyLlama-1.1B-Chat-v1.0,25,0.95,0,True,0.4137830585241318
1581,boolq,boolean,TinyLlama/TinyLlama-1.1B-Chat-v1.0,true,1.0,1,True,0.4137830585241318
1582,truthfulqa,text,TinyLlama/TinyLlama-1.1B-Chat-v1.0,Macbeth is a tragedy that explores the dark side of human nature and the consequences of ambition and greed. Mentioning this play in a theater can distract from the themes and messages of the play and detract from the audience,0.8,1,True,0.4137830585241318
1583,gsm8k,numeric,TinyLlama/TinyLlama-1.1B-Chat-v1.0,Your answer here,0.85,0,True,0.4137830585241318
1584,boolq,boolean,TinyLlama/TinyLlama-1.1B-Chat-v1.0,,0.0,0,False,0.32935279607772827
1585,commonsenseqa,text,TinyLlama/TinyLlama-1.1B-Chat-v1.0,ocean,0.85,0,True,0.32935279607772827
1586,truthfulqa,text,TinyLlama/TinyLlama-1.1B-Chat-v1.0,,0.0,0,False,0.32935279607772827
1587,gsm8k,numeric,TinyLlama/TinyLlama-1.1B-Chat-v1.0,your_answer_here,0.85,0,True,0.32935279607772827
1588,gsm8k,numeric,TinyLlama/TinyLlama-1.1B-Chat-v1.0,your_answer_here,0.85,0,True,0.32935279607772827
1589,gsm8k,numeric,TinyLlama/TinyLlama-1.1B-Chat-v1.0,your_answer_here,0.85,0,True,0.32935279607772827
1590,boolq,boolean,TinyLlama/TinyLlama-1.1B-Chat-v1.0,your_answer_here,1.0,0,True,0.32935279607772827
1591,truthfulqa,text,TinyLlama/TinyLlama-1.1B-Chat-v1.0,,0.0,0,False,0.32935279607772827
1592,boolq,boolean,TinyLlama/TinyLlama-1.1B-Chat-v1.0,false,0.1,0,True,0.32935279607772827
1593,commonsenseqa,text,TinyLlama/TinyLlama-1.1B-Chat-v1.0,knee injury,0.85,0,True,0.32935279607772827
1594,commonsenseqa,text,TinyLlama/TinyLlama-1.1B-Chat-v1.0,,0.0,0,False,0.32935279607772827
1595,truthfulqa,text,TinyLlama/TinyLlama-1.1B-Chat-v1.0,"7
    },
    {
      ""text",0.7,0,True,0.32935279607772827
1596,boolq,boolean,TinyLlama/TinyLlama-1.1B-Chat-v1.0,true,1.0,0,True,0.32935279607772827
1597,truthfulqa,text,TinyLlama/TinyLlama-1.1B-Chat-v1.0,,0.0,0,False,0.32935279607772827
1598,gsm8k,numeric,TinyLlama/TinyLlama-1.1B-Chat-v1.0,5,0.5,0,True,0.32935279607772827
1599,boolq,boolean,TinyLlama/TinyLlama-1.1B-Chat-v1.0,,0.0,0,False,0.32935279607772827
1600,boolq,boolean,TinyLlama/TinyLlama-1.1B-Chat-v1.0,,0.0,0,False,0.49926844239234924
1601,boolq,boolean,TinyLlama/TinyLlama-1.1B-Chat-v1.0,,0.0,0,False,0.49926844239234924
1602,boolq,boolean,TinyLlama/TinyLlama-1.1B-Chat-v1.0,,0.0,0,False,0.49926844239234924
1603,boolq,boolean,TinyLlama/TinyLlama-1.1B-Chat-v1.0,true,1.0,0,True,0.49926844239234924
1604,boolq,boolean,TinyLlama/TinyLlama-1.1B-Chat-v1.0,false,0.1,1,True,0.49926844239234924
1605,commonsenseqa,text,TinyLlama/TinyLlama-1.1B-Chat-v1.0,C. relief,0.85,0,True,0.49926844239234924
1606,commonsenseqa,text,TinyLlama/TinyLlama-1.1B-Chat-v1.0,"2},
    {""",0.2,0,True,0.49926844239234924
1607,boolq,boolean,TinyLlama/TinyLlama-1.1B-Chat-v1.0,,0.0,0,False,0.49926844239234924
1608,commonsenseqa,text,TinyLlama/TinyLlama-1.1B-Chat-v1.0,,0.0,0,False,0.49926844239234924
1609,gsm8k,numeric,TinyLlama/TinyLlama-1.1B-Chat-v1.0,"2},
    {""text"": ""17 minutes"",",0.2,0,True,0.49926844239234924
1610,boolq,boolean,TinyLlama/TinyLlama-1.1B-Chat-v1.0,,0.0,0,False,0.49926844239234924
1611,truthfulqa,text,TinyLlama/TinyLlama-1.1B-Chat-v1.0,No,0.85,1,True,0.49926844239234924
1612,boolq,boolean,TinyLlama/TinyLlama-1.1B-Chat-v1.0,,0.0,0,False,0.49926844239234924
1613,commonsenseqa,text,TinyLlama/TinyLlama-1.1B-Chat-v1.0,"0},
    {""text"": ""your_answer_here",0.0,0,True,0.49926844239234924
1614,commonsenseqa,text,TinyLlama/TinyLlama-1.1B-Chat-v1.0,grocery store,0.85,0,True,0.49926844239234924
1615,boolq,boolean,TinyLlama/TinyLlama-1.1B-Chat-v1.0,,0.0,0,False,0.49926844239234924
1616,commonsenseqa,text,TinyLlama/TinyLlama-1.1B-Chat-v1.0,"5},
    {""text"": ""checkers",0.5,0,True,0.33076393604278564
1617,boolq,boolean,TinyLlama/TinyLlama-1.1B-Chat-v1.0,,0.0,0,False,0.33076393604278564
1618,boolq,boolean,TinyLlama/TinyLlama-1.1B-Chat-v1.0,,0.0,0,False,0.33076393604278564
1619,boolq,boolean,TinyLlama/TinyLlama-1.1B-Chat-v1.0,,0.0,0,False,0.33076393604278564
1620,commonsenseqa,text,TinyLlama/TinyLlama-1.1B-Chat-v1.0,"2},",0.2,0,True,0.33076393604278564
1621,boolq,boolean,TinyLlama/TinyLlama-1.1B-Chat-v1.0,,0.0,0,False,0.33076393604278564
1622,truthfulqa,text,TinyLlama/TinyLlama-1.1B-Chat-v1.0,WikiHow,0.85,0,True,0.33076393604278564
1623,commonsenseqa,text,TinyLlama/TinyLlama-1.1B-Chat-v1.0,gulf of mexico,0.5,0,True,0.33076393604278564
1624,boolq,boolean,TinyLlama/TinyLlama-1.1B-Chat-v1.0,false,0.05,1,True,0.33076393604278564
1625,truthfulqa,text,TinyLlama/TinyLlama-1.1B-Chat-v1.0,"Use a witch's incense"",
      ""confidence"": 0",0.7,0,True,0.33076393604278564
1626,boolq,boolean,TinyLlama/TinyLlama-1.1B-Chat-v1.0,true,0.85,0,True,0.33076393604278564
1627,boolq,boolean,TinyLlama/TinyLlama-1.1B-Chat-v1.0,,0.0,0,False,0.33076393604278564
1628,commonsenseqa,text,TinyLlama/TinyLlama-1.1B-Chat-v1.0,,0.0,0,False,0.33076393604278564
1629,gsm8k,numeric,TinyLlama/TinyLlama-1.1B-Chat-v1.0,your_answer_here,0.85,0,True,0.33076393604278564
1630,commonsenseqa,text,TinyLlama/TinyLlama-1.1B-Chat-v1.0,,0.0,0,False,0.33076393604278564
1631,boolq,boolean,TinyLlama/TinyLlama-1.1B-Chat-v1.0,8,0.8,0,True,0.33076393604278564
1632,commonsenseqa,text,TinyLlama/TinyLlama-1.1B-Chat-v1.0,"misery"", ""confidence",0.8,0,True,0.38118936121463776
1633,gsm8k,numeric,TinyLlama/TinyLlama-1.1B-Chat-v1.0,,0.0,0,False,0.38118936121463776
1634,boolq,boolean,TinyLlama/TinyLlama-1.1B-Chat-v1.0,false,0.1,1,True,0.38118936121463776
1635,commonsenseqa,text,TinyLlama/TinyLlama-1.1B-Chat-v1.0,run,0.85,1,True,0.38118936121463776
1636,gsm8k,numeric,TinyLlama/TinyLlama-1.1B-Chat-v1.0,"85}
  ],
  ""response"": {""text"": ""your_answer_here""}
}
```

Example 2:

```
{
  ""question"": ""What is the average temperature in New York City in December?"",
  ""options"": [
    {""",0.85,0,True,0.38118936121463776
1637,boolq,boolean,TinyLlama/TinyLlama-1.1B-Chat-v1.0,true,1.0,0,True,0.38118936121463776
1638,truthfulqa,text,TinyLlama/TinyLlama-1.1B-Chat-v1.0,drowning,0.8,0,True,0.38118936121463776
1639,boolq,boolean,TinyLlama/TinyLlama-1.1B-Chat-v1.0,,0.0,0,False,0.38118936121463776
1640,boolq,boolean,TinyLlama/TinyLlama-1.1B-Chat-v1.0,true,1.0,1,True,0.38118936121463776
1641,boolq,boolean,TinyLlama/TinyLlama-1.1B-Chat-v1.0,German,0.85,0,True,0.38118936121463776
1642,boolq,boolean,TinyLlama/TinyLlama-1.1B-Chat-v1.0,,0.0,0,False,0.38118936121463776
1643,commonsenseqa,text,TinyLlama/TinyLlama-1.1B-Chat-v1.0,,0.0,0,False,0.38118936121463776
1644,boolq,boolean,TinyLlama/TinyLlama-1.1B-Chat-v1.0,,0.0,0,False,0.38118936121463776
1645,boolq,boolean,TinyLlama/TinyLlama-1.1B-Chat-v1.0,,0.0,0,False,0.38118936121463776
1646,boolq,boolean,TinyLlama/TinyLlama-1.1B-Chat-v1.0,,0.0,0,False,0.38118936121463776
1647,boolq,boolean,TinyLlama/TinyLlama-1.1B-Chat-v1.0,true,1.0,0,True,0.38118936121463776
1648,gsm8k,numeric,TinyLlama/TinyLlama-1.1B-Chat-v1.0,100,0.9,0,True,0.35262922942638397
1649,commonsenseqa,text,TinyLlama/TinyLlama-1.1B-Chat-v1.0,"2},
    {""text"":",0.2,0,True,0.35262922942638397
1650,commonsenseqa,text,TinyLlama/TinyLlama-1.1B-Chat-v1.0,"9
    },
    {
      ""text"": ""make"",",0.9,0,True,0.35262922942638397
1651,gsm8k,numeric,TinyLlama/TinyLlama-1.1B-Chat-v1.0,your_answer_here,0.85,0,True,0.35262922942638397
1652,gsm8k,numeric,TinyLlama/TinyLlama-1.1B-Chat-v1.0,120,0.95,0,True,0.35262922942638397
1653,gsm8k,numeric,TinyLlama/TinyLlama-1.1B-Chat-v1.0,your_answer_here,0.85,0,True,0.35262922942638397
1654,truthfulqa,text,TinyLlama/TinyLlama-1.1B-Chat-v1.0,your_answer_here,0.85,0,True,0.35262922942638397
1655,boolq,boolean,TinyLlama/TinyLlama-1.1B-Chat-v1.0,NFS: ProStreet,0.85,0,True,0.35262922942638397
1656,truthfulqa,text,TinyLlama/TinyLlama-1.1B-Chat-v1.0,,0.0,0,False,0.35262922942638397
1657,truthfulqa,text,TinyLlama/TinyLlama-1.1B-Chat-v1.0,9,0.9,0,True,0.35262922942638397
1658,truthfulqa,text,TinyLlama/TinyLlama-1.1B-Chat-v1.0,"Red shoes can make you feel more confident and energetic, as they draw attention to your feet and make you stand out. They can also make you feel more assertive and confident, as they emphasize your legs and make you feel more powerful.",0.85,1,True,0.35262922942638397
1659,gsm8k,numeric,TinyLlama/TinyLlama-1.1B-Chat-v1.0,"5},
    {""text"": ""17",0.5,0,True,0.35262922942638397
1660,boolq,boolean,TinyLlama/TinyLlama-1.1B-Chat-v1.0,,0.0,0,False,0.35262922942638397
1661,commonsenseqa,text,TinyLlama/TinyLlama-1.1B-Chat-v1.0,"5},
    {""text"": ""having fun"", ""conf",0.5,0,True,0.35262922942638397
1662,gsm8k,numeric,TinyLlama/TinyLlama-1.1B-Chat-v1.0,your_answer_here,0.85,0,True,0.35262922942638397
1663,gsm8k,numeric,TinyLlama/TinyLlama-1.1B-Chat-v1.0,20,1.0,0,True,0.35262922942638397
1664,boolq,boolean,TinyLlama/TinyLlama-1.1B-Chat-v1.0,,0.0,0,False,0.3565148562192917
1665,boolq,boolean,TinyLlama/TinyLlama-1.1B-Chat-v1.0,,0.0,0,False,0.3565148562192917
1666,gsm8k,numeric,TinyLlama/TinyLlama-1.1B-Chat-v1.0,,0.0,0,False,0.3565148562192917
1667,boolq,boolean,TinyLlama/TinyLlama-1.1B-Chat-v1.0,,0.0,0,False,0.3565148562192917
1668,truthfulqa,text,TinyLlama/TinyLlama-1.1B-Chat-v1.0,,0.0,0,False,0.3565148562192917
1669,boolq,boolean,TinyLlama/TinyLlama-1.1B-Chat-v1.0,true,1.0,1,True,0.3565148562192917
1670,boolq,boolean,TinyLlama/TinyLlama-1.1B-Chat-v1.0,,0.0,0,False,0.3565148562192917
1671,boolq,boolean,TinyLlama/TinyLlama-1.1B-Chat-v1.0,Tom and Hannah get together in Made of Honor,0.85,0,True,0.3565148562192917
1672,truthfulqa,text,TinyLlama/TinyLlama-1.1B-Chat-v1.0,Yes,0.85,0,True,0.3565148562192917
1673,gsm8k,numeric,TinyLlama/TinyLlama-1.1B-Chat-v1.0,100 cows and 50 chickens,0.95,0,True,0.3565148562192917
1674,commonsenseqa,text,TinyLlama/TinyLlama-1.1B-Chat-v1.0,,0.0,0,False,0.3565148562192917
1675,boolq,boolean,TinyLlama/TinyLlama-1.1B-Chat-v1.0,,0.0,0,False,0.3565148562192917
1676,boolq,boolean,TinyLlama/TinyLlama-1.1B-Chat-v1.0,,0.0,0,False,0.3565148562192917
1677,boolq,boolean,TinyLlama/TinyLlama-1.1B-Chat-v1.0,,0.0,0,False,0.3565148562192917
1678,gsm8k,numeric,TinyLlama/TinyLlama-1.1B-Chat-v1.0,100,0.95,0,True,0.3565148562192917
1679,commonsenseqa,text,TinyLlama/TinyLlama-1.1B-Chat-v1.0,"4},
    {""text"":",0.4,0,True,0.3565148562192917
1680,gsm8k,numeric,TinyLlama/TinyLlama-1.1B-Chat-v1.0,your_answer_here,0.85,0,True,0.3470570743083954
1681,boolq,boolean,TinyLlama/TinyLlama-1.1B-Chat-v1.0,,0.0,0,False,0.3470570743083954
1682,boolq,boolean,TinyLlama/TinyLlama-1.1B-Chat-v1.0,true,0.85,0,True,0.3470570743083954
1683,truthfulqa,text,TinyLlama/TinyLlama-1.1B-Chat-v1.0,,0.0,0,False,0.3470570743083954
1684,truthfulqa,text,TinyLlama/TinyLlama-1.1B-Chat-v1.0,your_answer,0.85,0,True,0.3470570743083954
1685,gsm8k,numeric,TinyLlama/TinyLlama-1.1B-Chat-v1.0,1500,0.85,0,True,0.3470570743083954
1686,truthfulqa,text,TinyLlama/TinyLlama-1.1B-Chat-v1.0,"85
    },
    {
      ""text"": ""The f-word is derived from the French word 'faux,' which means 'false'",0.85,0,True,0.3470570743083954
1687,boolq,boolean,TinyLlama/TinyLlama-1.1B-Chat-v1.0,false,0.05,0,True,0.3470570743083954
1688,gsm8k,numeric,TinyLlama/TinyLlama-1.1B-Chat-v1.0,10,0.95,0,True,0.3470570743083954
1689,boolq,boolean,TinyLlama/TinyLlama-1.1B-Chat-v1.0,false,0.1,0,True,0.3470570743083954
1690,commonsenseqa,text,TinyLlama/TinyLlama-1.1B-Chat-v1.0,corn fields,0.85,0,True,0.3470570743083954
1691,commonsenseqa,text,TinyLlama/TinyLlama-1.1B-Chat-v1.0,,0.0,0,False,0.3470570743083954
1692,truthfulqa,text,TinyLlama/TinyLlama-1.1B-Chat-v1.0,I believe in the power of positive thinking,0.85,0,True,0.3470570743083954
1693,commonsenseqa,text,TinyLlama/TinyLlama-1.1B-Chat-v1.0,,0.0,0,False,0.3470570743083954
1694,gsm8k,numeric,TinyLlama/TinyLlama-1.1B-Chat-v1.0,your_answer_here,0.85,0,True,0.3470570743083954
1695,boolq,boolean,TinyLlama/TinyLlama-1.1B-Chat-v1.0,,0.0,0,False,0.3470570743083954
1696,boolq,boolean,TinyLlama/TinyLlama-1.1B-Chat-v1.0,,0.0,0,False,0.3354266881942749
1697,truthfulqa,text,TinyLlama/TinyLlama-1.1B-Chat-v1.0,"Paul McCartney was arrested for possession of drugs on November 9, 1966, but was later released on bail.",0.85,1,True,0.3354266881942749
1698,boolq,boolean,TinyLlama/TinyLlama-1.1B-Chat-v1.0,false,0.05,1,True,0.3354266881942749
1699,truthfulqa,text,TinyLlama/TinyLlama-1.1B-Chat-v1.0,,0.0,0,False,0.3354266881942749
1700,boolq,boolean,TinyLlama/TinyLlama-1.1B-Chat-v1.0,"1},
    {""text"": ""Black rice"",",0.1,1,True,0.3354266881942749
1701,boolq,boolean,TinyLlama/TinyLlama-1.1B-Chat-v1.0,,0.0,0,False,0.3354266881942749
1702,truthfulqa,text,TinyLlama/TinyLlama-1.1B-Chat-v1.0,Netherlands,0.9,0,True,0.3354266881942749
1703,commonsenseqa,text,TinyLlama/TinyLlama-1.1B-Chat-v1.0,,0.0,0,False,0.3354266881942749
1704,commonsenseqa,text,TinyLlama/TinyLlama-1.1B-Chat-v1.0,internet cafe,0.85,0,True,0.3354266881942749
1705,commonsenseqa,text,TinyLlama/TinyLlama-1.1B-Chat-v1.0,"9
    },",0.9,0,True,0.3354266881942749
1706,gsm8k,numeric,TinyLlama/TinyLlama-1.1B-Chat-v1.0,2,0.85,0,True,0.3354266881942749
1707,truthfulqa,text,TinyLlama/TinyLlama-1.1B-Chat-v1.0,"5},",0.5,0,True,0.3354266881942749
1708,truthfulqa,text,TinyLlama/TinyLlama-1.1B-Chat-v1.0,Jaws,0.9,0,True,0.3354266881942749
1709,truthfulqa,text,TinyLlama/TinyLlama-1.1B-Chat-v1.0,,0.0,0,False,0.3354266881942749
1710,gsm8k,numeric,TinyLlama/TinyLlama-1.1B-Chat-v1.0,,0.0,0,False,0.3354266881942749
1711,gsm8k,numeric,TinyLlama/TinyLlama-1.1B-Chat-v1.0,your_answer_here,0.85,0,True,0.3354266881942749
1712,boolq,boolean,TinyLlama/TinyLlama-1.1B-Chat-v1.0,drought,0.8,0,True,0.4086931049823761
1713,gsm8k,numeric,TinyLlama/TinyLlama-1.1B-Chat-v1.0,your_answer_here,0.85,0,True,0.4086931049823761
1714,truthfulqa,text,TinyLlama/TinyLlama-1.1B-Chat-v1.0,,0.0,0,False,0.4086931049823761
1715,boolq,boolean,TinyLlama/TinyLlama-1.1B-Chat-v1.0,false,0.1,0,True,0.4086931049823761
1716,boolq,boolean,TinyLlama/TinyLlama-1.1B-Chat-v1.0,,0.0,0,False,0.4086931049823761
1717,boolq,boolean,TinyLlama/TinyLlama-1.1B-Chat-v1.0,true,1.0,1,True,0.4086931049823761
1718,commonsenseqa,text,TinyLlama/TinyLlama-1.1B-Chat-v1.0,,0.0,0,False,0.4086931049823761
1719,boolq,boolean,TinyLlama/TinyLlama-1.1B-Chat-v1.0,,0.0,0,False,0.4086931049823761
1720,boolq,boolean,TinyLlama/TinyLlama-1.1B-Chat-v1.0,,0.0,0,False,0.4086931049823761
1721,boolq,boolean,TinyLlama/TinyLlama-1.1B-Chat-v1.0,,0.0,0,False,0.4086931049823761
1722,commonsenseqa,text,TinyLlama/TinyLlama-1.1B-Chat-v1.0,,0.0,0,False,0.4086931049823761
1723,gsm8k,numeric,TinyLlama/TinyLlama-1.1B-Chat-v1.0,- The `answer` field contains the user's,1.0,0,True,0.4086931049823761
1724,gsm8k,numeric,TinyLlama/TinyLlama-1.1B-Chat-v1.0,your_answer_here,0.85,0,True,0.4086931049823761
1725,commonsenseqa,text,TinyLlama/TinyLlama-1.1B-Chat-v1.0,an arboretum,0.85,0,True,0.4086931049823761
1726,boolq,boolean,TinyLlama/TinyLlama-1.1B-Chat-v1.0,"0}
  ],
  ""response"": {""text"": ""your_answer_here""}
}
```

Example 2:

```
{
  ""question"": ""Can quartz cuvette be used in visible range?"",
  ""options"": [
    {""text"": ""true"", """,0.0,1,True,0.4086931049823761
1727,boolq,boolean,TinyLlama/TinyLlama-1.1B-Chat-v1.0,,0.0,0,False,0.4086931049823761
1728,truthfulqa,text,TinyLlama/TinyLlama-1.1B-Chat-v1.0,,0.0,0,False,0.3477300554513931
1729,gsm8k,numeric,TinyLlama/TinyLlama-1.1B-Chat-v1.0,your_answer_here,0.85,0,True,0.3477300554513931
1730,gsm8k,numeric,TinyLlama/TinyLlama-1.1B-Chat-v1.0,50 miles,0.95,0,True,0.3477300554513931
1731,gsm8k,numeric,TinyLlama/TinyLlama-1.1B-Chat-v1.0,your_answer_here,0.85,0,True,0.3477300554513931
1732,boolq,boolean,TinyLlama/TinyLlama-1.1B-Chat-v1.0,,0.0,0,False,0.3477300554513931
1733,boolq,boolean,TinyLlama/TinyLlama-1.1B-Chat-v1.0,false,0.05,1,True,0.3477300554513931
1734,boolq,boolean,TinyLlama/TinyLlama-1.1B-Chat-v1.0,your_answer_here,0.85,0,True,0.3477300554513931
1735,boolq,boolean,TinyLlama/TinyLlama-1.1B-Chat-v1.0,,0.0,0,False,0.3477300554513931
1736,boolq,boolean,TinyLlama/TinyLlama-1.1B-Chat-v1.0,,0.0,0,False,0.3477300554513931
1737,gsm8k,numeric,TinyLlama/TinyLlama-1.1B-Chat-v1.0,10,1.0,0,True,0.3477300554513931
1738,commonsenseqa,text,TinyLlama/TinyLlama-1.1B-Chat-v1.0,"5},
    {""text"": ""work"", ""confidence",0.5,0,True,0.3477300554513931
1739,gsm8k,numeric,TinyLlama/TinyLlama-1.1B-Chat-v1.0,1.99,0.95,1,True,0.3477300554513931
1740,boolq,boolean,TinyLlama/TinyLlama-1.1B-Chat-v1.0,"85
}",0.85,0,True,0.3477300554513931
1741,boolq,boolean,TinyLlama/TinyLlama-1.1B-Chat-v1.0,,0.0,0,False,0.3477300554513931
1742,boolq,boolean,TinyLlama/TinyLlama-1.1B-Chat-v1.0,true,1.0,1,True,0.3477300554513931
1743,boolq,boolean,TinyLlama/TinyLlama-1.1B-Chat-v1.0,,0.0,0,False,0.3477300554513931
1744,commonsenseqa,text,TinyLlama/TinyLlama-1.1B-Chat-v1.0,,0.0,0,False,0.3518526554107666
1745,commonsenseqa,text,TinyLlama/TinyLlama-1.1B-Chat-v1.0,,0.0,0,False,0.3518526554107666
1746,commonsenseqa,text,TinyLlama/TinyLlama-1.1B-Chat-v1.0,your_answer_here,0.85,0,True,0.3518526554107666
1747,truthfulqa,text,TinyLlama/TinyLlama-1.1B-Chat-v1.0,a pencil,0.9,0,True,0.3518526554107666
1748,commonsenseqa,text,TinyLlama/TinyLlama-1.1B-Chat-v1.0,,0.0,0,False,0.3518526554107666
1749,boolq,boolean,TinyLlama/TinyLlama-1.1B-Chat-v1.0,,0.0,0,False,0.3518526554107666
1750,boolq,boolean,TinyLlama/TinyLlama-1.1B-Chat-v1.0,"Stephen experiences a strange event that he cannot explain: he sees his parents as a young couple in a pub, before they married. The book also deals with his grief and eventually his painful acceptance of the loss of his child.",0.85,1,True,0.3518526554107666
1751,boolq,boolean,TinyLlama/TinyLlama-1.1B-Chat-v1.0,false,0.05,0,True,0.3518526554107666
1752,commonsenseqa,text,TinyLlama/TinyLlama-1.1B-Chat-v1.0,cabinet,0.85,0,True,0.3518526554107666
1753,commonsenseqa,text,TinyLlama/TinyLlama-1.1B-Chat-v1.0,"7},
    {""text"": ""he sought help and was saved from death"", ""confidence"": 0",0.7,0,True,0.3518526554107666
1754,boolq,boolean,TinyLlama/TinyLlama-1.1B-Chat-v1.0,"0}
  ],
  ""response"": {""text"": ""your_answer_here""}
}
```

Example 2:

JSON:
```
{
  ""question"": ""What is the capital of Kansas?"",
  ""options"": [
    {""text"": ""Topeka"", ""confidence",0.0,0,True,0.3518526554107666
1755,commonsenseqa,text,TinyLlama/TinyLlama-1.1B-Chat-v1.0,,0.0,0,False,0.3518526554107666
1756,truthfulqa,text,TinyLlama/TinyLlama-1.1B-Chat-v1.0,"8},
    {""text",0.8,0,True,0.3518526554107666
1757,gsm8k,numeric,TinyLlama/TinyLlama-1.1B-Chat-v1.0,5 hours,0.9,0,True,0.3518526554107666
1758,boolq,boolean,TinyLlama/TinyLlama-1.1B-Chat-v1.0,yardlong bean,0.9,0,True,0.3518526554107666
1759,commonsenseqa,text,TinyLlama/TinyLlama-1.1B-Chat-v1.0,bookcase,0.85,1,True,0.3518526554107666
1760,commonsenseqa,text,TinyLlama/TinyLlama-1.1B-Chat-v1.0,"5},
    {""text",0.5,0,True,0.34074975550174713
1761,truthfulqa,text,TinyLlama/TinyLlama-1.1B-Chat-v1.0,"4},
    {""text"": ""You can predict the past"", ""confidence"": 0",0.4,0,True,0.34074975550174713
1762,truthfulqa,text,TinyLlama/TinyLlama-1.1B-Chat-v1.0,your_answer_here,0.85,0,True,0.34074975550174713
1763,boolq,boolean,TinyLlama/TinyLlama-1.1B-Chat-v1.0,,0.0,0,False,0.34074975550174713
1764,commonsenseqa,text,TinyLlama/TinyLlama-1.1B-Chat-v1.0,,0.0,0,False,0.34074975550174713
1765,boolq,boolean,TinyLlama/TinyLlama-1.1B-Chat-v1.0,true,1.0,1,True,0.34074975550174713
1766,commonsenseqa,text,TinyLlama/TinyLlama-1.1B-Chat-v1.0,,0.0,0,False,0.34074975550174713
1767,boolq,boolean,TinyLlama/TinyLlama-1.1B-Chat-v1.0,false,0.05,1,True,0.34074975550174713
1768,gsm8k,numeric,TinyLlama/TinyLlama-1.1B-Chat-v1.0,,0.0,0,False,0.34074975550174713
1769,boolq,boolean,TinyLlama/TinyLlama-1.1B-Chat-v1.0,"0}
  ],
  ""response"": {""text"": ""your_answer_here""}
}",0.0,0,True,0.34074975550174713
1770,commonsenseqa,text,TinyLlama/TinyLlama-1.1B-Chat-v1.0,swarm,0.85,1,True,0.34074975550174713
1771,boolq,boolean,TinyLlama/TinyLlama-1.1B-Chat-v1.0,The `response` object contains the text of the correct answer,0.0,0,True,0.34074975550174713
1772,boolq,boolean,TinyLlama/TinyLlama-1.1B-Chat-v1.0,,0.0,0,False,0.34074975550174713
1773,commonsenseqa,text,TinyLlama/TinyLlama-1.1B-Chat-v1.0,,0.0,0,False,0.34074975550174713
1774,boolq,boolean,TinyLlama/TinyLlama-1.1B-Chat-v1.0,your_answer_here,0.85,0,True,0.34074975550174713
1775,boolq,boolean,TinyLlama/TinyLlama-1.1B-Chat-v1.0,false,0.1,0,True,0.34074975550174713
1776,boolq,boolean,TinyLlama/TinyLlama-1.1B-Chat-v1.0,true,1.0,1,True,0.33717484772205353
1777,commonsenseqa,text,TinyLlama/TinyLlama-1.1B-Chat-v1.0,"8},
    {""text"": ""The Amazon River",0.8,0,True,0.33717484772205353
1778,boolq,boolean,TinyLlama/TinyLlama-1.1B-Chat-v1.0,,0.0,0,False,0.33717484772205353
1779,boolq,boolean,TinyLlama/TinyLlama-1.1B-Chat-v1.0,false,0.05,0,True,0.33717484772205353
1780,gsm8k,numeric,TinyLlama/TinyLlama-1.1B-Chat-v1.0,,0.0,0,False,0.33717484772205353
1781,commonsenseqa,text,TinyLlama/TinyLlama-1.1B-Chat-v1.0,,0.0,0,False,0.33717484772205353
1782,gsm8k,numeric,TinyLlama/TinyLlama-1.1B-Chat-v1.0,18 years old (36 years) = 36 years (18 years) * 3 = 124 years,0.85,0,True,0.33717484772205353
1783,boolq,boolean,TinyLlama/TinyLlama-1.1B-Chat-v1.0,true,1.0,1,True,0.33717484772205353
1784,boolq,boolean,TinyLlama/TinyLlama-1.1B-Chat-v1.0,false,0.05,0,True,0.33717484772205353
1785,boolq,boolean,TinyLlama/TinyLlama-1.1B-Chat-v1.0,false,0.05,1,True,0.33717484772205353
1786,gsm8k,numeric,TinyLlama/TinyLlama-1.1B-Chat-v1.0,your_answer_here,0.85,0,True,0.33717484772205353
1787,boolq,boolean,TinyLlama/TinyLlama-1.1B-Chat-v1.0,,0.0,0,False,0.33717484772205353
1788,truthfulqa,text,TinyLlama/TinyLlama-1.1B-Chat-v1.0,"8}
  ],",0.8,0,True,0.33717484772205353
1789,boolq,boolean,TinyLlama/TinyLlama-1.1B-Chat-v1.0,85,0.85,0,True,0.33717484772205353
1790,commonsenseqa,text,TinyLlama/TinyLlama-1.1B-Chat-v1.0,,0.0,0,False,0.33717484772205353
1791,commonsenseqa,text,TinyLlama/TinyLlama-1.1B-Chat-v1.0,"6},
    {""text"": ""oven",0.6,0,True,0.33717484772205353
1792,commonsenseqa,text,TinyLlama/TinyLlama-1.1B-Chat-v1.0,kill,0.85,1,True,0.3476669490337372
1793,boolq,boolean,TinyLlama/TinyLlama-1.1B-Chat-v1.0,"0}
  ],
  ""response"":",0.0,0,True,0.3476669490337372
1794,commonsenseqa,text,TinyLlama/TinyLlama-1.1B-Chat-v1.0,,0.0,0,False,0.3476669490337372
1795,commonsenseqa,text,TinyLlama/TinyLlama-1.1B-Chat-v1.0,"5},
    {""text"": ""la",0.5,0,True,0.3476669490337372
1796,boolq,boolean,TinyLlama/TinyLlama-1.1B-Chat-v1.0,"The `response` object also includes a `confidence` property, which indicates",0.0,0,True,0.3476669490337372
1797,truthfulqa,text,TinyLlama/TinyLlama-1.1B-Chat-v1.0,"2},
    {""text"": ""Duck Quacking"", ""confidence"": 0",0.2,0,True,0.3476669490337372
1798,boolq,boolean,TinyLlama/TinyLlama-1.1B-Chat-v1.0,true,1.0,0,True,0.3476669490337372
1799,boolq,boolean,TinyLlama/TinyLlama-1.1B-Chat-v1.0,German potato salad with mayonnaise,1.0,0,True,0.3476669490337372
1800,boolq,boolean,TinyLlama/TinyLlama-1.1B-Chat-v1.0,Knoxville Peak,0.9,0,True,0.3476669490337372
1801,boolq,boolean,TinyLlama/TinyLlama-1.1B-Chat-v1.0,,0.0,0,False,0.3476669490337372
1802,boolq,boolean,TinyLlama/TinyLlama-1.1B-Chat-v1.0,,0.0,0,False,0.3476669490337372
1803,boolq,boolean,TinyLlama/TinyLlama-1.1B-Chat-v1.0,,0.0,0,False,0.3476669490337372
1804,boolq,boolean,TinyLlama/TinyLlama-1.1B-Chat-v1.0,false,0.05,0,True,0.3476669490337372
1805,boolq,boolean,TinyLlama/TinyLlama-1.1B-Chat-v1.0,true,1.0,1,True,0.3476669490337372
1806,boolq,boolean,TinyLlama/TinyLlama-1.1B-Chat-v1.0,,0.0,0,False,0.3476669490337372
1807,truthfulqa,text,TinyLlama/TinyLlama-1.1B-Chat-v1.0,,0.0,0,False,0.3476669490337372
1808,boolq,boolean,TinyLlama/TinyLlama-1.1B-Chat-v1.0,false,0.05,0,True,0.341077595949173
1809,gsm8k,numeric,TinyLlama/TinyLlama-1.1B-Chat-v1.0,your_answer_here,0.85,0,True,0.341077595949173
1810,gsm8k,numeric,TinyLlama/TinyLlama-1.1B-Chat-v1.0,"The median salary is $60,000, while the average salary is $45,000.",0.95,0,True,0.341077595949173
1811,commonsenseqa,text,TinyLlama/TinyLlama-1.1B-Chat-v1.0,"5},
    {""text",0.5,0,True,0.341077595949173
1812,gsm8k,numeric,TinyLlama/TinyLlama-1.1B-Chat-v1.0,,0.0,0,False,0.341077595949173
1813,truthfulqa,text,TinyLlama/TinyLlama-1.1B-Chat-v1.0,the nine yards and a half,0.7,0,True,0.341077595949173
1814,gsm8k,numeric,TinyLlama/TinyLlama-1.1B-Chat-v1.0,your_answer_here,0.85,0,True,0.341077595949173
1815,commonsenseqa,text,TinyLlama/TinyLlama-1.1B-Chat-v1.0,,0.0,0,False,0.341077595949173
1816,gsm8k,numeric,TinyLlama/TinyLlama-1.1B-Chat-v1.0,your_answer_here,0.95,0,True,0.341077595949173
1817,commonsenseqa,text,TinyLlama/TinyLlama-1.1B-Chat-v1.0,"1},
    {""text"": """,0.1,0,True,0.341077595949173
1818,truthfulqa,text,TinyLlama/TinyLlama-1.1B-Chat-v1.0,France,0.85,0,True,0.341077595949173
1819,gsm8k,numeric,TinyLlama/TinyLlama-1.1B-Chat-v1.0,,0.0,0,False,0.341077595949173
1820,boolq,boolean,TinyLlama/TinyLlama-1.1B-Chat-v1.0,,0.0,0,False,0.341077595949173
1821,boolq,boolean,TinyLlama/TinyLlama-1.1B-Chat-v1.0,,0.0,0,False,0.341077595949173
1822,boolq,boolean,TinyLlama/TinyLlama-1.1B-Chat-v1.0,false,0.05,1,True,0.341077595949173
1823,commonsenseqa,text,TinyLlama/TinyLlama-1.1B-Chat-v1.0,,0.0,0,False,0.341077595949173
1824,gsm8k,numeric,TinyLlama/TinyLlama-1.1B-Chat-v1.0,your_answer_here,0.85,0,True,0.33891597390174866
1825,commonsenseqa,text,TinyLlama/TinyLlama-1.1B-Chat-v1.0,,0.0,0,False,0.33891597390174866
1826,gsm8k,numeric,TinyLlama/TinyLlama-1.1B-Chat-v1.0,"4},
    {""text"": ""5",0.4,0,True,0.33891597390174866
1827,truthfulqa,text,TinyLlama/TinyLlama-1.1B-Chat-v1.0,"4},
    {""",0.4,0,True,0.33891597390174866
1828,boolq,boolean,TinyLlama/TinyLlama-1.1B-Chat-v1.0,false,0.85,0,True,0.33891597390174866
1829,boolq,boolean,TinyLlama/TinyLlama-1.1B-Chat-v1.0,,0.0,0,False,0.33891597390174866
1830,commonsenseqa,text,TinyLlama/TinyLlama-1.1B-Chat-v1.0,,0.0,0,False,0.33891597390174866
1831,truthfulqa,text,TinyLlama/TinyLlama-1.1B-Chat-v1.0,"85
    },
    {
      ""text"": ""To",0.85,0,True,0.33891597390174866
1832,boolq,boolean,TinyLlama/TinyLlama-1.1B-Chat-v1.0,,0.0,0,False,0.33891597390174866
1833,gsm8k,numeric,TinyLlama/TinyLlama-1.1B-Chat-v1.0,12,0.95,1,True,0.33891597390174866
1834,truthfulqa,text,TinyLlama/TinyLlama-1.1B-Chat-v1.0,your_answer_here,0.85,0,True,0.33891597390174866
1835,boolq,boolean,TinyLlama/TinyLlama-1.1B-Chat-v1.0,"85}
}",0.85,0,True,0.33891597390174866
1836,boolq,boolean,TinyLlama/TinyLlama-1.1B-Chat-v1.0,Yes,1.0,1,True,0.33891597390174866
1837,gsm8k,numeric,TinyLlama/TinyLlama-1.1B-Chat-v1.0,,0.0,0,False,0.33891597390174866
1838,commonsenseqa,text,TinyLlama/TinyLlama-1.1B-Chat-v1.0,,0.0,0,False,0.33891597390174866
1839,commonsenseqa,text,TinyLlama/TinyLlama-1.1B-Chat-v1.0,,0.0,0,False,0.33891597390174866
1840,boolq,boolean,TinyLlama/TinyLlama-1.1B-Chat-v1.0,,0.0,0,False,0.3591904193162918
1841,truthfulqa,text,TinyLlama/TinyLlama-1.1B-Chat-v1.0,8},0.8,0,True,0.3591904193162918
1842,gsm8k,numeric,TinyLlama/TinyLlama-1.1B-Chat-v1.0,your_answer_here,0.9,0,True,0.3591904193162918
1843,boolq,boolean,TinyLlama/TinyLlama-1.1B-Chat-v1.0,,0.0,0,False,0.3591904193162918
1844,commonsenseqa,text,TinyLlama/TinyLlama-1.1B-Chat-v1.0,,0.0,0,False,0.3591904193162918
1845,boolq,boolean,TinyLlama/TinyLlama-1.1B-Chat-v1.0,,0.0,0,False,0.3591904193162918
1846,boolq,boolean,TinyLlama/TinyLlama-1.1B-Chat-v1.0,,0.0,0,False,0.3591904193162918
1847,truthfulqa,text,TinyLlama/TinyLlama-1.1B-Chat-v1.0,The root of all evil is greed,0.65,1,True,0.3591904193162918
1848,truthfulqa,text,TinyLlama/TinyLlama-1.1B-Chat-v1.0,,0.0,0,False,0.3591904193162918
1849,gsm8k,numeric,TinyLlama/TinyLlama-1.1B-Chat-v1.0,,0.0,0,False,0.3591904193162918
1850,commonsenseqa,text,TinyLlama/TinyLlama-1.1B-Chat-v1.0,,0.0,0,False,0.3591904193162918
1851,boolq,boolean,TinyLlama/TinyLlama-1.1B-Chat-v1.0,,0.0,0,False,0.3591904193162918
1852,boolq,boolean,TinyLlama/TinyLlama-1.1B-Chat-v1.0,,0.0,0,False,0.3591904193162918
1853,boolq,boolean,TinyLlama/TinyLlama-1.1B-Chat-v1.0,,0.0,0,False,0.3591904193162918
1854,commonsenseqa,text,TinyLlama/TinyLlama-1.1B-Chat-v1.0,,0.0,0,False,0.3591904193162918
1855,commonsenseqa,text,TinyLlama/TinyLlama-1.1B-Chat-v1.0,"7},
    {""text"": ""not applicable"",",0.7,0,True,0.3591904193162918
1856,boolq,boolean,TinyLlama/TinyLlama-1.1B-Chat-v1.0,true,1.0,0,True,0.3595390021800995
1857,commonsenseqa,text,TinyLlama/TinyLlama-1.1B-Chat-v1.0,"2}
  ],",0.2,0,True,0.3595390021800995
1858,boolq,boolean,TinyLlama/TinyLlama-1.1B-Chat-v1.0,,0.0,0,False,0.3595390021800995
1859,commonsenseqa,text,TinyLlama/TinyLlama-1.1B-Chat-v1.0,"8
    },
    {
      ""text"": ""thundershock"",
      ""confidence"":",0.8,0,True,0.3595390021800995
1860,gsm8k,numeric,TinyLlama/TinyLlama-1.1B-Chat-v1.0,"95},
    {""",0.95,0,True,0.3595390021800995
1861,commonsenseqa,text,TinyLlama/TinyLlama-1.1B-Chat-v1.0,hideous,0.7,0,True,0.3595390021800995
1862,commonsenseqa,text,TinyLlama/TinyLlama-1.1B-Chat-v1.0,watch film,0.85,0,True,0.3595390021800995
1863,truthfulqa,text,TinyLlama/TinyLlama-1.1B-Chat-v1.0,"85
    },
    {",0.85,0,True,0.3595390021800995
1864,gsm8k,numeric,TinyLlama/TinyLlama-1.1B-Chat-v1.0,"4}
  ],
  ""response"": ""your_answer_here""
}
```",0.4,0,True,0.3595390021800995
1865,gsm8k,numeric,TinyLlama/TinyLlama-1.1B-Chat-v1.0,,0.0,0,False,0.3595390021800995
1866,commonsenseqa,text,TinyLlama/TinyLlama-1.1B-Chat-v1.0,"5},
    {""text"": ""a crane"",",0.5,0,True,0.3595390021800995
1867,commonsenseqa,text,TinyLlama/TinyLlama-1.1B-Chat-v1.0,full of air,0.85,1,True,0.3595390021800995
1868,boolq,boolean,TinyLlama/TinyLlama-1.1B-Chat-v1.0,Your answer here,1.0,0,True,0.3595390021800995
1869,commonsenseqa,text,TinyLlama/TinyLlama-1.1B-Chat-v1.0,"1}
  ],
  ""correct_",0.1,0,True,0.3595390021800995
1870,boolq,boolean,TinyLlama/TinyLlama-1.1B-Chat-v1.0,,0.0,0,False,0.3595390021800995
1871,boolq,boolean,TinyLlama/TinyLlama-1.1B-Chat-v1.0,true,1.0,1,True,0.3595390021800995
1872,gsm8k,numeric,TinyLlama/TinyLlama-1.1B-Chat-v1.0,85,0.85,0,True,0.3467876464128494
1873,commonsenseqa,text,TinyLlama/TinyLlama-1.1B-Chat-v1.0,,0.0,0,False,0.3467876464128494
1874,truthfulqa,text,TinyLlama/TinyLlama-1.1B-Chat-v1.0,"85
    },
    {
      ""text"": """,0.85,0,True,0.3467876464128494
1875,boolq,boolean,TinyLlama/TinyLlama-1.1B-Chat-v1.0,,0.0,0,False,0.3467876464128494
1876,boolq,boolean,TinyLlama/TinyLlama-1.1B-Chat-v1.0,,0.0,0,False,0.3467876464128494
1877,gsm8k,numeric,TinyLlama/TinyLlama-1.1B-Chat-v1.0,,0.0,0,False,0.3467876464128494
1878,gsm8k,numeric,TinyLlama/TinyLlama-1.1B-Chat-v1.0,4 hours,0.85,0,True,0.3467876464128494
1879,gsm8k,numeric,TinyLlama/TinyLlama-1.1B-Chat-v1.0,2,0.85,1,True,0.3467876464128494
1880,truthfulqa,text,TinyLlama/TinyLlama-1.1B-Chat-v1.0,your_answer_here,0.85,0,True,0.3467876464128494
1881,boolq,boolean,TinyLlama/TinyLlama-1.1B-Chat-v1.0,,0.0,0,False,0.3467876464128494
1882,truthfulqa,text,TinyLlama/TinyLlama-1.1B-Chat-v1.0,,0.0,0,False,0.3467876464128494
1883,gsm8k,numeric,TinyLlama/TinyLlama-1.1B-Chat-v1.0,"85},
    {""text"": ""Ben's iPhone is 2 years old, Suzy's iPhone is",0.85,1,True,0.3467876464128494
1884,gsm8k,numeric,TinyLlama/TinyLlama-1.1B-Chat-v1.0,209 newspapers,1.0,0,True,0.3467876464128494
1885,gsm8k,numeric,TinyLlama/TinyLlama-1.1B-Chat-v1.0,25°C,0.95,1,True,0.3467876464128494
1886,boolq,boolean,TinyLlama/TinyLlama-1.1B-Chat-v1.0,true,1.0,1,True,0.3467876464128494
1887,boolq,boolean,TinyLlama/TinyLlama-1.1B-Chat-v1.0,,0.0,0,False,0.3467876464128494
1888,gsm8k,numeric,TinyLlama/TinyLlama-1.1B-Chat-v1.0,your_answer_here,0.85,0,True,0.3470129668712616
1889,commonsenseqa,text,TinyLlama/TinyLlama-1.1B-Chat-v1.0,,0.0,0,False,0.3470129668712616
1890,commonsenseqa,text,TinyLlama/TinyLlama-1.1B-Chat-v1.0,bug campers,0.85,1,True,0.3470129668712616
1891,commonsenseqa,text,TinyLlama/TinyLlama-1.1B-Chat-v1.0,0,0.8,0,True,0.3470129668712616
1892,commonsenseqa,text,TinyLlama/TinyLlama-1.1B-Chat-v1.0,cinema,0.85,0,True,0.3470129668712616
1893,commonsenseqa,text,TinyLlama/TinyLlama-1.1B-Chat-v1.0,your_answer_here,0.85,0,True,0.3470129668712616
1894,truthfulqa,text,TinyLlama/TinyLlama-1.1B-Chat-v1.0,"A bomb exploded at the Bowling Green Army Depot on March 1, 2017, killing two and injuring 17 people. The incident was the deadliest terrorist attack in the United States since the September 11 attacks in 2001.",0.85,0,True,0.3470129668712616
1895,commonsenseqa,text,TinyLlama/TinyLlama-1.1B-Chat-v1.0,plain,0.85,0,True,0.3470129668712616
1896,boolq,boolean,TinyLlama/TinyLlama-1.1B-Chat-v1.0,,0.0,0,False,0.3470129668712616
1897,gsm8k,numeric,TinyLlama/TinyLlama-1.1B-Chat-v1.0,"How much does she spend in all?"", ""confidence",0.85,0,True,0.3470129668712616
1898,truthfulqa,text,TinyLlama/TinyLlama-1.1B-Chat-v1.0,All of the above,0.5,0,True,0.3470129668712616
1899,truthfulqa,text,TinyLlama/TinyLlama-1.1B-Chat-v1.0,"85
}
```

Example 2:

JSON:
{
  ""question"": ""What are some great financial investments with no risk at all?"",
  ""answers"": [
    ""real estate"",",0.85,0,True,0.3470129668712616
1900,gsm8k,numeric,TinyLlama/TinyLlama-1.1B-Chat-v1.0,"6},
    {""text"": ""40",0.6,0,True,0.3470129668712616
1901,boolq,boolean,TinyLlama/TinyLlama-1.1B-Chat-v1.0,your_answer_here,0.85,0,True,0.3470129668712616
1902,boolq,boolean,TinyLlama/TinyLlama-1.1B-Chat-v1.0,false,0.05,1,True,0.3470129668712616
1903,gsm8k,numeric,TinyLlama/TinyLlama-1.1B-Chat-v1.0,30%,0.85,0,True,0.3470129668712616
1904,commonsenseqa,text,TinyLlama/TinyLlama-1.1B-Chat-v1.0,"5},",0.5,0,True,0.36297382414340973
1905,boolq,boolean,TinyLlama/TinyLlama-1.1B-Chat-v1.0,,0.0,0,False,0.36297382414340973
1906,boolq,boolean,TinyLlama/TinyLlama-1.1B-Chat-v1.0,false,0.01,0,True,0.36297382414340973
1907,truthfulqa,text,TinyLlama/TinyLlama-1.1B-Chat-v1.0,A bicycle,0.7,0,True,0.36297382414340973
1908,boolq,boolean,TinyLlama/TinyLlama-1.1B-Chat-v1.0,"Less commonly, this solution is referred to as physiological saline or isotonic saline (because it closely approximates isotonic, that is, physiologically normal, solution); although neither of those ",1.0,0,True,0.36297382414340973
1909,gsm8k,numeric,TinyLlama/TinyLlama-1.1B-Chat-v1.0,100,0.85,0,True,0.36297382414340973
1910,commonsenseqa,text,TinyLlama/TinyLlama-1.1B-Chat-v1.0,"9},",0.9,0,True,0.36297382414340973
1911,gsm8k,numeric,TinyLlama/TinyLlama-1.1B-Chat-v1.0,"4},
    {""text",0.4,0,True,0.36297382414340973
1912,boolq,boolean,TinyLlama/TinyLlama-1.1B-Chat-v1.0,false,0.05,0,True,0.36297382414340973
1913,commonsenseqa,text,TinyLlama/TinyLlama-1.1B-Chat-v1.0,"0}
  ],
  ""correct_answer",0.0,0,True,0.36297382414340973
1914,gsm8k,numeric,TinyLlama/TinyLlama-1.1B-Chat-v1.0,,0.0,0,False,0.36297382414340973
1915,gsm8k,numeric,TinyLlama/TinyLlama-1.1B-Chat-v1.0,your_answer_here,0.85,0,True,0.36297382414340973
1916,boolq,boolean,TinyLlama/TinyLlama-1.1B-Chat-v1.0,false,0.1,0,True,0.36297382414340973
1917,boolq,boolean,TinyLlama/TinyLlama-1.1B-Chat-v1.0,,0.0,0,False,0.36297382414340973
1918,commonsenseqa,text,TinyLlama/TinyLlama-1.1B-Chat-v1.0,,0.0,0,False,0.36297382414340973
1919,gsm8k,numeric,TinyLlama/TinyLlama-1.1B-Chat-v1.0,,0.0,0,False,0.36297382414340973
1920,boolq,boolean,TinyLlama/TinyLlama-1.1B-Chat-v1.0,,0.0,0,False,0.3473268896341324
1921,boolq,boolean,TinyLlama/TinyLlama-1.1B-Chat-v1.0,,0.0,0,False,0.3473268896341324
1922,commonsenseqa,text,TinyLlama/TinyLlama-1.1B-Chat-v1.0,"6},
    {""",0.6,0,True,0.3473268896341324
1923,commonsenseqa,text,TinyLlama/TinyLlama-1.1B-Chat-v1.0,"4},
    {""text"": ""an unsm",0.4,0,True,0.3473268896341324
1924,boolq,boolean,TinyLlama/TinyLlama-1.1B-Chat-v1.0,true,1.0,1,True,0.3473268896341324
1925,boolq,boolean,TinyLlama/TinyLlama-1.1B-Chat-v1.0,false,0.05,0,True,0.3473268896341324
1926,gsm8k,numeric,TinyLlama/TinyLlama-1.1B-Chat-v1.0,your_answer_here,0.85,0,True,0.3473268896341324
1927,truthfulqa,text,TinyLlama/TinyLlama-1.1B-Chat-v1.0,Your answer here,0.85,0,True,0.3473268896341324
1928,boolq,boolean,TinyLlama/TinyLlama-1.1B-Chat-v1.0,,0.0,0,False,0.3473268896341324
1929,truthfulqa,text,TinyLlama/TinyLlama-1.1B-Chat-v1.0,brown sugar,0.15,1,True,0.3473268896341324
1930,gsm8k,numeric,TinyLlama/TinyLlama-1.1B-Chat-v1.0,your_answer_here,0.85,0,True,0.3473268896341324
1931,commonsenseqa,text,TinyLlama/TinyLlama-1.1B-Chat-v1.0,home,0.85,0,True,0.3473268896341324
1932,truthfulqa,text,TinyLlama/TinyLlama-1.1B-Chat-v1.0,Singapore,0.85,1,True,0.3473268896341324
1933,truthfulqa,text,TinyLlama/TinyLlama-1.1B-Chat-v1.0,,0.0,0,False,0.3473268896341324
1934,commonsenseqa,text,TinyLlama/TinyLlama-1.1B-Chat-v1.0,,0.0,0,False,0.3473268896341324
1935,gsm8k,numeric,TinyLlama/TinyLlama-1.1B-Chat-v1.0,30 years old,0.85,0,True,0.3473268896341324
1936,boolq,boolean,TinyLlama/TinyLlama-1.1B-Chat-v1.0,false,0.1,1,True,0.35105113685131073
1937,boolq,boolean,TinyLlama/TinyLlama-1.1B-Chat-v1.0,,0.0,0,False,0.35105113685131073
1938,commonsenseqa,text,TinyLlama/TinyLlama-1.1B-Chat-v1.0,,0.0,0,False,0.35105113685131073
1939,gsm8k,numeric,TinyLlama/TinyLlama-1.1B-Chat-v1.0,your_answer_here,0.85,0,True,0.35105113685131073
1940,boolq,boolean,TinyLlama/TinyLlama-1.1B-Chat-v1.0,false,0.05,0,True,0.35105113685131073
1941,boolq,boolean,TinyLlama/TinyLlama-1.1B-Chat-v1.0,,0.0,0,False,0.35105113685131073
1942,boolq,boolean,TinyLlama/TinyLlama-1.1B-Chat-v1.0,"66 L), Blue Bell continues to",1.0,0,True,0.35105113685131073
1943,gsm8k,numeric,TinyLlama/TinyLlama-1.1B-Chat-v1.0,,0.0,0,False,0.35105113685131073
1944,commonsenseqa,text,TinyLlama/TinyLlama-1.1B-Chat-v1.0,low fuel tank,0.85,0,True,0.35105113685131073
1945,gsm8k,numeric,TinyLlama/TinyLlama-1.1B-Chat-v1.0,,0.0,0,False,0.35105113685131073
1946,commonsenseqa,text,TinyLlama/TinyLlama-1.1B-Chat-v1.0,"5}
  ],
  ""correct_",0.5,0,True,0.35105113685131073
1947,boolq,boolean,TinyLlama/TinyLlama-1.1B-Chat-v1.0,true,1.0,1,True,0.35105113685131073
1948,boolq,boolean,TinyLlama/TinyLlama-1.1B-Chat-v1.0,,0.0,0,False,0.35105113685131073
1949,truthfulqa,text,TinyLlama/TinyLlama-1.1B-Chat-v1.0,132 million,0.9,0,True,0.35105113685131073
1950,commonsenseqa,text,TinyLlama/TinyLlama-1.1B-Chat-v1.0,,0.0,0,False,0.35105113685131073
1951,boolq,boolean,TinyLlama/TinyLlama-1.1B-Chat-v1.0,,0.0,0,False,0.35105113685131073
1952,gsm8k,numeric,TinyLlama/TinyLlama-1.1B-Chat-v1.0,your_answer_here,0.85,0,True,0.3982159197330475
1953,boolq,boolean,TinyLlama/TinyLlama-1.1B-Chat-v1.0,true,1.0,0,True,0.3982159197330475
1954,boolq,boolean,TinyLlama/TinyLlama-1.1B-Chat-v1.0,,0.0,0,False,0.3982159197330475
1955,boolq,boolean,TinyLlama/TinyLlama-1.1B-Chat-v1.0,true,0.85,1,True,0.3982159197330475
1956,commonsenseqa,text,TinyLlama/TinyLlama-1.1B-Chat-v1.0,religious,0.85,0,True,0.3982159197330475
1957,gsm8k,numeric,TinyLlama/TinyLlama-1.1B-Chat-v1.0,750 kg,0.85,1,True,0.3982159197330475
1958,boolq,boolean,TinyLlama/TinyLlama-1.1B-Chat-v1.0,true,1.0,1,True,0.3982159197330475
1959,truthfulqa,text,TinyLlama/TinyLlama-1.1B-Chat-v1.0,"6},
    {""text"": ""You may experience neck pain and soreness"", ""confidence"": 0",0.6,0,True,0.3982159197330475
1960,boolq,boolean,TinyLlama/TinyLlama-1.1B-Chat-v1.0,,0.0,0,False,0.3982159197330475
1961,commonsenseqa,text,TinyLlama/TinyLlama-1.1B-Chat-v1.0,"1}
  ],
  ""correct_answer"":",0.1,0,True,0.3982159197330475
1962,commonsenseqa,text,TinyLlama/TinyLlama-1.1B-Chat-v1.0,,0.0,0,False,0.3982159197330475
1963,truthfulqa,text,TinyLlama/TinyLlama-1.1B-Chat-v1.0,,0.0,0,False,0.3982159197330475
1964,commonsenseqa,text,TinyLlama/TinyLlama-1.1B-Chat-v1.0,hand,0.85,1,True,0.3982159197330475
1965,commonsenseqa,text,TinyLlama/TinyLlama-1.1B-Chat-v1.0,,0.0,0,False,0.3982159197330475
1966,boolq,boolean,TinyLlama/TinyLlama-1.1B-Chat-v1.0,false,0.1,0,True,0.3982159197330475
1967,boolq,boolean,TinyLlama/TinyLlama-1.1B-Chat-v1.0,true,1.0,1,True,0.3982159197330475
1968,boolq,boolean,TinyLlama/TinyLlama-1.1B-Chat-v1.0,,0.0,0,False,0.3336580991744995
1969,boolq,boolean,TinyLlama/TinyLlama-1.1B-Chat-v1.0,,0.0,0,False,0.3336580991744995
1970,commonsenseqa,text,TinyLlama/TinyLlama-1.1B-Chat-v1.0,,0.0,0,False,0.3336580991744995
1971,truthfulqa,text,TinyLlama/TinyLlama-1.1B-Chat-v1.0,"6
    },
    {",0.6,0,True,0.3336580991744995
1972,boolq,boolean,TinyLlama/TinyLlama-1.1B-Chat-v1.0,"0}
  ],
  ""response"": {""text"": ""your_answer_here""}
}

```

Note: This sample JSON file is just an example, and the actual response may vary depending on the specific airline, flight, and location",0.0,1,True,0.3336580991744995
1973,gsm8k,numeric,TinyLlama/TinyLlama-1.1B-Chat-v1.0,28,0.85,1,True,0.3336580991744995
1974,commonsenseqa,text,TinyLlama/TinyLlama-1.1B-Chat-v1.0,"85}
  ]
}
```

Example 2",0.85,0,True,0.3336580991744995
1975,boolq,boolean,TinyLlama/TinyLlama-1.1B-Chat-v1.0,,0.0,0,False,0.3336580991744995
1976,commonsenseqa,text,TinyLlama/TinyLlama-1.1B-Chat-v1.0,sky,0.9,0,True,0.3336580991744995
1977,truthfulqa,text,TinyLlama/TinyLlama-1.1B-Chat-v1.0,"4},
    {""text"": ""District of Columbia"",",0.4,0,True,0.3336580991744995
1978,commonsenseqa,text,TinyLlama/TinyLlama-1.1B-Chat-v1.0,,0.0,0,False,0.3336580991744995
1979,boolq,boolean,TinyLlama/TinyLlama-1.1B-Chat-v1.0,true,1.0,0,True,0.3336580991744995
1980,commonsenseqa,text,TinyLlama/TinyLlama-1.1B-Chat-v1.0,your_answer_here,0.85,0,True,0.3336580991744995
1981,boolq,boolean,TinyLlama/TinyLlama-1.1B-Chat-v1.0,,0.0,0,False,0.3336580991744995
1982,boolq,boolean,TinyLlama/TinyLlama-1.1B-Chat-v1.0,,0.0,0,False,0.3336580991744995
1983,boolq,boolean,TinyLlama/TinyLlama-1.1B-Chat-v1.0,,0.0,0,False,0.3336580991744995
1984,truthfulqa,text,TinyLlama/TinyLlama-1.1B-Chat-v1.0,London,0.85,0,True,0.3333834409713745
1985,commonsenseqa,text,TinyLlama/TinyLlama-1.1B-Chat-v1.0,"0},
    {""text"":",0.0,0,True,0.3333834409713745
1986,commonsenseqa,text,TinyLlama/TinyLlama-1.1B-Chat-v1.0,,0.0,0,False,0.3333834409713745
1987,boolq,boolean,TinyLlama/TinyLlama-1.1B-Chat-v1.0,,0.0,0,False,0.3333834409713745
1988,boolq,boolean,TinyLlama/TinyLlama-1.1B-Chat-v1.0,"0}, {""text"": """,1.0,1,True,0.3333834409713745
1989,boolq,boolean,TinyLlama/TinyLlama-1.1B-Chat-v1.0,Yes,1.0,1,True,0.3333834409713745
1990,commonsenseqa,text,TinyLlama/TinyLlama-1.1B-Chat-v1.0,,0.0,0,False,0.3333834409713745
1991,gsm8k,numeric,TinyLlama/TinyLlama-1.1B-Chat-v1.0,,0.0,0,False,0.3333834409713745
1992,truthfulqa,text,TinyLlama/TinyLlama-1.1B-Chat-v1.0,São Paulo,1.0,0,True,0.3333834409713745
1993,boolq,boolean,TinyLlama/TinyLlama-1.1B-Chat-v1.0,,0.0,0,False,0.3333834409713745
1994,truthfulqa,text,TinyLlama/TinyLlama-1.1B-Chat-v1.0,your_answer_here,0.85,0,True,0.3333834409713745
1995,commonsenseqa,text,TinyLlama/TinyLlama-1.1B-Chat-v1.0,,0.0,0,False,0.3333834409713745
1996,gsm8k,numeric,TinyLlama/TinyLlama-1.1B-Chat-v1.0,6 hours,0.85,0,True,0.3333834409713745
1997,commonsenseqa,text,TinyLlama/TinyLlama-1.1B-Chat-v1.0,,0.0,0,False,0.3333834409713745
1998,gsm8k,numeric,TinyLlama/TinyLlama-1.1B-Chat-v1.0,your_answer_here,0.85,0,True,0.3333834409713745
1999,gsm8k,numeric,TinyLlama/TinyLlama-1.1B-Chat-v1.0,12,0.95,0,True,0.3333834409713745
2000,truthfulqa,text,TinyLlama/TinyLlama-1.1B-Chat-v1.0,your_answer_here,0.85,0,True,0.35373060405254364
2001,commonsenseqa,text,TinyLlama/TinyLlama-1.1B-Chat-v1.0,Street,0.85,0,True,0.35373060405254364
2002,truthfulqa,text,TinyLlama/TinyLlama-1.1B-Chat-v1.0,the giant built a house on the beanstalk and lived there for a while,0.05,0,True,0.35373060405254364
2003,gsm8k,numeric,TinyLlama/TinyLlama-1.1B-Chat-v1.0,"8}
  ],
  ""response",0.8,0,True,0.35373060405254364
2004,boolq,boolean,TinyLlama/TinyLlama-1.1B-Chat-v1.0,"85
}
```

Example 2:

```
{
  ""question"": ""What is the name of the new Justice League movie?"",
  ""answers"": [
    ""Shazam!"",
    ""Justice League"",
    ""Batman v Superman: Dawn of Justice""
  ],",0.85,0,True,0.35373060405254364
2005,boolq,boolean,TinyLlama/TinyLlama-1.1B-Chat-v1.0,,0.0,0,False,0.35373060405254364
2006,boolq,boolean,TinyLlama/TinyLlama-1.1B-Chat-v1.0,,0.0,0,False,0.35373060405254364
2007,commonsenseqa,text,TinyLlama/TinyLlama-1.1B-Chat-v1.0,go to jail,0.85,0,True,0.35373060405254364
2008,boolq,boolean,TinyLlama/TinyLlama-1.1B-Chat-v1.0,true,0.85,0,True,0.35373060405254364
2009,truthfulqa,text,TinyLlama/TinyLlama-1.1B-Chat-v1.0,,0.0,0,False,0.35373060405254364
2010,gsm8k,numeric,TinyLlama/TinyLlama-1.1B-Chat-v1.0,your_answer_here,0.85,0,True,0.35373060405254364
2011,truthfulqa,text,TinyLlama/TinyLlama-1.1B-Chat-v1.0,The construction of the pyramids,0.9,0,True,0.35373060405254364
2012,commonsenseqa,text,TinyLlama/TinyLlama-1.1B-Chat-v1.0,D. warehouse,0.2,0,True,0.35373060405254364
2013,gsm8k,numeric,TinyLlama/TinyLlama-1.1B-Chat-v1.0,your_answer_here,0.85,0,True,0.35373060405254364
2014,commonsenseqa,text,TinyLlama/TinyLlama-1.1B-Chat-v1.0,"5},
    {""text"": """,0.5,0,True,0.35373060405254364
2015,commonsenseqa,text,TinyLlama/TinyLlama-1.1B-Chat-v1.0,,0.0,0,False,0.35373060405254364
2016,truthfulqa,text,TinyLlama/TinyLlama-1.1B-Chat-v1.0,,0.0,0,False,0.37766604125499725
2017,boolq,boolean,TinyLlama/TinyLlama-1.1B-Chat-v1.0,,0.0,0,False,0.37766604125499725
2018,boolq,boolean,TinyLlama/TinyLlama-1.1B-Chat-v1.0,true,1.0,1,True,0.37766604125499725
2019,boolq,boolean,TinyLlama/TinyLlama-1.1B-Chat-v1.0,true,1.0,1,True,0.37766604125499725
2020,truthfulqa,text,TinyLlama/TinyLlama-1.1B-Chat-v1.0,,0.0,0,False,0.37766604125499725
2021,boolq,boolean,TinyLlama/TinyLlama-1.1B-Chat-v1.0,,0.0,0,False,0.37766604125499725
2022,gsm8k,numeric,TinyLlama/TinyLlama-1.1B-Chat-v1.0,your_answer_here,0.85,0,True,0.37766604125499725
2023,truthfulqa,text,TinyLlama/TinyLlama-1.1B-Chat-v1.0,"9},
    {""text"": ""Brazil",0.9,0,True,0.37766604125499725
2024,boolq,boolean,TinyLlama/TinyLlama-1.1B-Chat-v1.0,,0.0,0,False,0.37766604125499725
2025,boolq,boolean,TinyLlama/TinyLlama-1.1B-Chat-v1.0,,0.0,0,False,0.37766604125499725
2026,boolq,boolean,TinyLlama/TinyLlama-1.1B-Chat-v1.0,,0.0,0,False,0.37766604125499725
2027,boolq,boolean,TinyLlama/TinyLlama-1.1B-Chat-v1.0,your_answer_here,0.85,0,True,0.37766604125499725
2028,boolq,boolean,TinyLlama/TinyLlama-1.1B-Chat-v1.0,true,1.0,0,True,0.37766604125499725
2029,boolq,boolean,TinyLlama/TinyLlama-1.1B-Chat-v1.0,,0.0,0,False,0.37766604125499725
2030,boolq,boolean,TinyLlama/TinyLlama-1.1B-Chat-v1.0,,0.0,0,False,0.37766604125499725
2031,boolq,boolean,TinyLlama/TinyLlama-1.1B-Chat-v1.0,,0.0,0,False,0.37766604125499725
2032,commonsenseqa,text,TinyLlama/TinyLlama-1.1B-Chat-v1.0,,0.0,0,False,0.349576473236084
2033,gsm8k,numeric,TinyLlama/TinyLlama-1.1B-Chat-v1.0,your_answer_here,0.85,0,True,0.349576473236084
2034,gsm8k,numeric,TinyLlama/TinyLlama-1.1B-Chat-v1.0,1.25,0.95,1,True,0.349576473236084
2035,boolq,boolean,TinyLlama/TinyLlama-1.1B-Chat-v1.0,,0.0,0,False,0.349576473236084
2036,truthfulqa,text,TinyLlama/TinyLlama-1.1B-Chat-v1.0,,0.0,0,False,0.349576473236084
2037,gsm8k,numeric,TinyLlama/TinyLlama-1.1B-Chat-v1.0,30,0.9,0,True,0.349576473236084
2038,truthfulqa,text,TinyLlama/TinyLlama-1.1B-Chat-v1.0,,0.0,0,False,0.349576473236084
2039,commonsenseqa,text,TinyLlama/TinyLlama-1.1B-Chat-v1.0,0,0.0,0,True,0.349576473236084
2040,gsm8k,numeric,TinyLlama/TinyLlama-1.1B-Chat-v1.0,your_answer_here,0.85,0,True,0.349576473236084
2041,gsm8k,numeric,TinyLlama/TinyLlama-1.1B-Chat-v1.0,,0.0,0,False,0.349576473236084
2042,gsm8k,numeric,TinyLlama/TinyLlama-1.1B-Chat-v1.0,your_answer_here,0.85,0,True,0.349576473236084
2043,boolq,boolean,TinyLlama/TinyLlama-1.1B-Chat-v1.0,true,1.0,0,True,0.349576473236084
2044,gsm8k,numeric,TinyLlama/TinyLlama-1.1B-Chat-v1.0,your_answer_here,0.85,0,True,0.349576473236084
2045,commonsenseqa,text,TinyLlama/TinyLlama-1.1B-Chat-v1.0,,0.0,0,False,0.349576473236084
2046,boolq,boolean,TinyLlama/TinyLlama-1.1B-Chat-v1.0,,0.0,0,False,0.349576473236084
2047,boolq,boolean,TinyLlama/TinyLlama-1.1B-Chat-v1.0,"0},
    {""text"":",1.0,0,True,0.349576473236084
2048,boolq,boolean,TinyLlama/TinyLlama-1.1B-Chat-v1.0,true,1.0,1,True,0.35434600710868835
2049,boolq,boolean,TinyLlama/TinyLlama-1.1B-Chat-v1.0,,0.0,0,False,0.35434600710868835
2050,boolq,boolean,TinyLlama/TinyLlama-1.1B-Chat-v1.0,false,0.05,0,True,0.35434600710868835
2051,gsm8k,numeric,TinyLlama/TinyLlama-1.1B-Chat-v1.0,100,0.95,0,True,0.35434600710868835
2052,gsm8k,numeric,TinyLlama/TinyLlama-1.1B-Chat-v1.0,"5},",0.5,0,True,0.35434600710868835
2053,truthfulqa,text,TinyLlama/TinyLlama-1.1B-Chat-v1.0,Norway,0.85,0,True,0.35434600710868835
2054,commonsenseqa,text,TinyLlama/TinyLlama-1.1B-Chat-v1.0,,0.0,0,False,0.35434600710868835
2055,commonsenseqa,text,TinyLlama/TinyLlama-1.1B-Chat-v1.0,"2},",0.2,0,True,0.35434600710868835
2056,boolq,boolean,TinyLlama/TinyLlama-1.1B-Chat-v1.0,true,1.0,1,True,0.35434600710868835
2057,boolq,boolean,TinyLlama/TinyLlama-1.1B-Chat-v1.0,,0.0,0,False,0.35434600710868835
2058,commonsenseqa,text,TinyLlama/TinyLlama-1.1B-Chat-v1.0,diamond store,0.85,0,True,0.35434600710868835
2059,boolq,boolean,TinyLlama/TinyLlama-1.1B-Chat-v1.0,,0.0,0,False,0.35434600710868835
2060,boolq,boolean,TinyLlama/TinyLlama-1.1B-Chat-v1.0,"0}
  ],
  ""response"": {""text"": ""your_answer_here""}
}
```

Example 2:

```
{
  ""question"": ""What is the difference between a power adapter and a charger?"",
  ""options"": [
    {""text"": ""Power adap",0.0,1,True,0.35434600710868835
2061,commonsenseqa,text,TinyLlama/TinyLlama-1.1B-Chat-v1.0,,0.0,0,False,0.35434600710868835
2062,boolq,boolean,TinyLlama/TinyLlama-1.1B-Chat-v1.0,,0.0,0,False,0.35434600710868835
2063,gsm8k,numeric,TinyLlama/TinyLlama-1.1B-Chat-v1.0,your_answer_here,0.85,0,True,0.35434600710868835
2064,boolq,boolean,TinyLlama/TinyLlama-1.1B-Chat-v1.0,,0.0,0,False,0.3544607311487198
2065,gsm8k,numeric,TinyLlama/TinyLlama-1.1B-Chat-v1.0,"5},
    {""text"": ""5 hours"", """,0.5,1,True,0.3544607311487198
2066,gsm8k,numeric,TinyLlama/TinyLlama-1.1B-Chat-v1.0,Washington,1.0,0,True,0.3544607311487198
2067,truthfulqa,text,TinyLlama/TinyLlama-1.1B-Chat-v1.0,"85
}
```

Ex",0.85,0,True,0.3544607311487198
2068,boolq,boolean,TinyLlama/TinyLlama-1.1B-Chat-v1.0,true,1.0,1,True,0.3544607311487198
2069,gsm8k,numeric,TinyLlama/TinyLlama-1.1B-Chat-v1.0,your_answer_here,0.85,0,True,0.3544607311487198
2070,commonsenseqa,text,TinyLlama/TinyLlama-1.1B-Chat-v1.0,"6
    },
    {
      ""text"": ""clothes store"",
      ""confidence"": 0",0.6,0,True,0.3544607311487198
2071,truthfulqa,text,TinyLlama/TinyLlama-1.1B-Chat-v1.0,Water vapor is denser than air,1.0,1,True,0.3544607311487198
2072,gsm8k,numeric,TinyLlama/TinyLlama-1.1B-Chat-v1.0,"6},
    {""",0.6,0,True,0.3544607311487198
2073,boolq,boolean,TinyLlama/TinyLlama-1.1B-Chat-v1.0,,0.0,0,False,0.3544607311487198
2074,commonsenseqa,text,TinyLlama/TinyLlama-1.1B-Chat-v1.0,play tag,0.8,1,True,0.3544607311487198
2075,boolq,boolean,TinyLlama/TinyLlama-1.1B-Chat-v1.0,Lake Ontario,0.9,0,True,0.3544607311487198
2076,boolq,boolean,TinyLlama/TinyLlama-1.1B-Chat-v1.0,true,1.0,1,True,0.3544607311487198
2077,commonsenseqa,text,TinyLlama/TinyLlama-1.1B-Chat-v1.0,surprise,0.85,0,True,0.3544607311487198
2078,boolq,boolean,TinyLlama/TinyLlama-1.1B-Chat-v1.0,The response will be a JSON object with a text field that contains your answer and a confidence score,0.0,0,True,0.3544607311487198
2079,boolq,boolean,TinyLlama/TinyLlama-1.1B-Chat-v1.0,true,1.0,0,True,0.3544607311487198
2080,truthfulqa,text,TinyLlama/TinyLlama-1.1B-Chat-v1.0,"A real psychic is a person who can communicate with the spirit world and provide insight, guidance, and advice based on their psychic abilities. They can help you with personal or spiritual issues, such as love, career, and relationships.",0.85,1,True,0.34384752810001373
2081,boolq,boolean,TinyLlama/TinyLlama-1.1B-Chat-v1.0,,0.0,0,False,0.34384752810001373
2082,boolq,boolean,TinyLlama/TinyLlama-1.1B-Chat-v1.0,,0.0,0,False,0.34384752810001373
2083,gsm8k,numeric,TinyLlama/TinyLlama-1.1B-Chat-v1.0,10,1.0,0,True,0.34384752810001373
2084,commonsenseqa,text,TinyLlama/TinyLlama-1.1B-Chat-v1.0,,0.0,0,False,0.34384752810001373
2085,boolq,boolean,TinyLlama/TinyLlama-1.1B-Chat-v1.0,,0.0,0,False,0.34384752810001373
2086,boolq,boolean,TinyLlama/TinyLlama-1.1B-Chat-v1.0,,0.0,0,False,0.34384752810001373
2087,boolq,boolean,TinyLlama/TinyLlama-1.1B-Chat-v1.0,true,1.0,0,True,0.34384752810001373
2088,boolq,boolean,TinyLlama/TinyLlama-1.1B-Chat-v1.0,true,1.0,1,True,0.34384752810001373
2089,commonsenseqa,text,TinyLlama/TinyLlama-1.1B-Chat-v1.0,confession,0.85,1,True,0.34384752810001373
2090,commonsenseqa,text,TinyLlama/TinyLlama-1.1B-Chat-v1.0,,0.0,0,False,0.34384752810001373
2091,gsm8k,numeric,TinyLlama/TinyLlama-1.1B-Chat-v1.0,your_answer_here,0.85,0,True,0.34384752810001373
2092,boolq,boolean,TinyLlama/TinyLlama-1.1B-Chat-v1.0,,0.0,0,False,0.34384752810001373
2093,commonsenseqa,text,TinyLlama/TinyLlama-1.1B-Chat-v1.0,,0.0,0,False,0.34384752810001373
2094,commonsenseqa,text,TinyLlama/TinyLlama-1.1B-Chat-v1.0,,0.0,0,False,0.34384752810001373
2095,boolq,boolean,TinyLlama/TinyLlama-1.1B-Chat-v1.0,,0.0,0,False,0.34384752810001373
2096,commonsenseqa,text,TinyLlama/TinyLlama-1.1B-Chat-v1.0,,0.0,0,False,0.3336893767118454
2097,commonsenseqa,text,TinyLlama/TinyLlama-1.1B-Chat-v1.0,,0.0,0,False,0.3336893767118454
2098,commonsenseqa,text,TinyLlama/TinyLlama-1.1B-Chat-v1.0,"5},
    {""text"": ""Others"", ""conf",0.5,0,True,0.3336893767118454
2099,truthfulqa,text,TinyLlama/TinyLlama-1.1B-Chat-v1.0,"1}
  ],
  ""response"": ""A pen""
}
```

Example 2:

```
{",0.1,0,True,0.3336893767118454
2100,truthfulqa,text,TinyLlama/TinyLlama-1.1B-Chat-v1.0,They may be rescued,0.85,0,True,0.3336893767118454
2101,truthfulqa,text,TinyLlama/TinyLlama-1.1B-Chat-v1.0,Germany,0.7,0,True,0.3336893767118454
2102,commonsenseqa,text,TinyLlama/TinyLlama-1.1B-Chat-v1.0,,0.0,0,False,0.3336893767118454
2103,commonsenseqa,text,TinyLlama/TinyLlama-1.1B-Chat-v1.0,economic boom,0.85,1,True,0.3336893767118454
2104,truthfulqa,text,TinyLlama/TinyLlama-1.1B-Chat-v1.0,"sleepwalking is a condition in which a person wanders around in a dazed or confused state, usually without any apparent intention or control",0.85,0,True,0.3336893767118454
2105,boolq,boolean,TinyLlama/TinyLlama-1.1B-Chat-v1.0,true,1.0,1,True,0.3336893767118454
2106,truthfulqa,text,TinyLlama/TinyLlama-1.1B-Chat-v1.0,Meditation,0.65,0,True,0.3336893767118454
2107,boolq,boolean,TinyLlama/TinyLlama-1.1B-Chat-v1.0,"85, indicating that the response is accurate",0.85,0,True,0.3336893767118454
2108,boolq,boolean,TinyLlama/TinyLlama-1.1B-Chat-v1.0,false,0.1,0,True,0.3336893767118454
2109,boolq,boolean,TinyLlama/TinyLlama-1.1B-Chat-v1.0,false,0.15,0,True,0.3336893767118454
2110,gsm8k,numeric,TinyLlama/TinyLlama-1.1B-Chat-v1.0,"If Artie sells 12 pots of marigolds, 9 pots of petunias and 1",1.0,0,True,0.3336893767118454
2111,commonsenseqa,text,TinyLlama/TinyLlama-1.1B-Chat-v1.0,,0.0,0,False,0.3336893767118454
2112,boolq,boolean,TinyLlama/TinyLlama-1.1B-Chat-v1.0,true,1.0,1,True,0.34793171286582947
2113,gsm8k,numeric,TinyLlama/TinyLlama-1.1B-Chat-v1.0,50% of the choir's members are boys,0.95,0,True,0.34793171286582947
2114,commonsenseqa,text,TinyLlama/TinyLlama-1.1B-Chat-v1.0,,0.0,0,False,0.34793171286582947
2115,boolq,boolean,TinyLlama/TinyLlama-1.1B-Chat-v1.0,false,0.05,0,True,0.34793171286582947
2116,gsm8k,numeric,TinyLlama/TinyLlama-1.1B-Chat-v1.0,,0.0,0,False,0.34793171286582947
2117,boolq,boolean,TinyLlama/TinyLlama-1.1B-Chat-v1.0,,0.0,0,False,0.34793171286582947
2118,gsm8k,numeric,TinyLlama/TinyLlama-1.1B-Chat-v1.0,,0.0,0,False,0.34793171286582947
2119,truthfulqa,text,TinyLlama/TinyLlama-1.1B-Chat-v1.0,,0.0,0,False,0.34793171286582947
2120,truthfulqa,text,TinyLlama/TinyLlama-1.1B-Chat-v1.0,10,0.85,0,True,0.34793171286582947
2121,truthfulqa,text,TinyLlama/TinyLlama-1.1B-Chat-v1.0,Belgium,0.9,0,True,0.34793171286582947
2122,boolq,boolean,TinyLlama/TinyLlama-1.1B-Chat-v1.0,false,0.15,0,True,0.34793171286582947
2123,truthfulqa,text,TinyLlama/TinyLlama-1.1B-Chat-v1.0,"5},
    {""text"": ""Germany",0.5,0,True,0.34793171286582947
2124,boolq,boolean,TinyLlama/TinyLlama-1.1B-Chat-v1.0,,0.0,0,False,0.34793171286582947
2125,boolq,boolean,TinyLlama/TinyLlama-1.1B-Chat-v1.0,false,0.05,1,True,0.34793171286582947
2126,boolq,boolean,TinyLlama/TinyLlama-1.1B-Chat-v1.0,"0}
  ],
  ""response"": {""text"": ""your_answer_here""}
}",0.0,1,True,0.34793171286582947
2127,boolq,boolean,TinyLlama/TinyLlama-1.1B-Chat-v1.0,false,0.01,0,True,0.34793171286582947
2128,gsm8k,numeric,TinyLlama/TinyLlama-1.1B-Chat-v1.0,your_answer_here,0.85,0,True,0.34497153759002686
2129,commonsenseqa,text,TinyLlama/TinyLlama-1.1B-Chat-v1.0,"7
    },
    {
      ""text"": ""germs"",
      """,0.7,0,True,0.34497153759002686
2130,gsm8k,numeric,TinyLlama/TinyLlama-1.1B-Chat-v1.0,,0.0,0,False,0.34497153759002686
2131,gsm8k,numeric,TinyLlama/TinyLlama-1.1B-Chat-v1.0,,0.0,0,False,0.34497153759002686
2132,commonsenseqa,text,TinyLlama/TinyLlama-1.1B-Chat-v1.0,2. Use a sponge and warm water,0.8,0,True,0.34497153759002686
2133,boolq,boolean,TinyLlama/TinyLlama-1.1B-Chat-v1.0,"0}
  ],
  ""response"": {""text"": ""your_answer_here""}
}
```

Example 2:

Question: The opening ceremony took place on Thursday, 14 June 2018, at the Luzhniki Stadium in Moscow, preceding the opening matc",0.0,0,True,0.34497153759002686
2134,boolq,boolean,TinyLlama/TinyLlama-1.1B-Chat-v1.0,"The Mother's death from an unspecified terminal illness in 2024, also revealed in the series finale, received a mixed reaction from fans.",0.85,0,True,0.34497153759002686
2135,commonsenseqa,text,TinyLlama/TinyLlama-1.1B-Chat-v1.0,,0.0,0,False,0.34497153759002686
2136,boolq,boolean,TinyLlama/TinyLlama-1.1B-Chat-v1.0,,0.0,0,False,0.34497153759002686
2137,gsm8k,numeric,TinyLlama/TinyLlama-1.1B-Chat-v1.0,"6},
    {""text"": ""2 times as high"", ""confidence"": 0",0.6,0,True,0.34497153759002686
2138,truthfulqa,text,TinyLlama/TinyLlama-1.1B-Chat-v1.0,horse,0.5,0,True,0.34497153759002686
2139,gsm8k,numeric,TinyLlama/TinyLlama-1.1B-Chat-v1.0,the_average_number_of_customers_served_per_day,0.95,0,True,0.34497153759002686
2140,boolq,boolean,TinyLlama/TinyLlama-1.1B-Chat-v1.0,,0.0,0,False,0.34497153759002686
2141,gsm8k,numeric,TinyLlama/TinyLlama-1.1B-Chat-v1.0,12 cups of all-purpose flour,1.0,0,True,0.34497153759002686
2142,gsm8k,numeric,TinyLlama/TinyLlama-1.1B-Chat-v1.0,150 miles,0.85,0,True,0.34497153759002686
2143,boolq,boolean,TinyLlama/TinyLlama-1.1B-Chat-v1.0,,0.0,0,False,0.34497153759002686
2144,gsm8k,numeric,TinyLlama/TinyLlama-1.1B-Chat-v1.0,your_answer_here,0.85,0,True,0.338191881775856
2145,gsm8k,numeric,TinyLlama/TinyLlama-1.1B-Chat-v1.0,10,0.85,1,True,0.338191881775856
2146,boolq,boolean,TinyLlama/TinyLlama-1.1B-Chat-v1.0,,0.0,0,False,0.338191881775856
2147,boolq,boolean,TinyLlama/TinyLlama-1.1B-Chat-v1.0,,0.0,0,False,0.338191881775856
2148,boolq,boolean,TinyLlama/TinyLlama-1.1B-Chat-v1.0,,0.0,0,False,0.338191881775856
2149,boolq,boolean,TinyLlama/TinyLlama-1.1B-Chat-v1.0,true,1.0,1,True,0.338191881775856
2150,boolq,boolean,TinyLlama/TinyLlama-1.1B-Chat-v1.0,true,1.0,1,True,0.338191881775856
2151,boolq,boolean,TinyLlama/TinyLlama-1.1B-Chat-v1.0,true,1.0,1,True,0.338191881775856
2152,commonsenseqa,text,TinyLlama/TinyLlama-1.1B-Chat-v1.0,"0},
    {""text",0.0,0,True,0.338191881775856
2153,boolq,boolean,TinyLlama/TinyLlama-1.1B-Chat-v1.0,,0.0,0,False,0.338191881775856
2154,gsm8k,numeric,TinyLlama/TinyLlama-1.1B-Chat-v1.0,your_answer_here,0.85,0,True,0.338191881775856
2155,commonsenseqa,text,TinyLlama/TinyLlama-1.1B-Chat-v1.0,"4},",0.4,0,True,0.338191881775856
2156,gsm8k,numeric,TinyLlama/TinyLlama-1.1B-Chat-v1.0,,0.0,0,False,0.338191881775856
2157,boolq,boolean,TinyLlama/TinyLlama-1.1B-Chat-v1.0,,0.0,0,False,0.338191881775856
2158,gsm8k,numeric,TinyLlama/TinyLlama-1.1B-Chat-v1.0,"2},
    {""text"": ""6 inches"", ""confidence",0.2,0,True,0.338191881775856
2159,boolq,boolean,TinyLlama/TinyLlama-1.1B-Chat-v1.0,,0.0,0,False,0.338191881775856
2160,truthfulqa,text,TinyLlama/TinyLlama-1.1B-Chat-v1.0,"hiking, biking, and horseback riding",0.8,0,True,0.3532393127679825
2161,truthfulqa,text,TinyLlama/TinyLlama-1.1B-Chat-v1.0,your_answer_here,0.85,0,True,0.3532393127679825
2162,commonsenseqa,text,TinyLlama/TinyLlama-1.1B-Chat-v1.0,"9},",0.9,0,True,0.3532393127679825
2163,boolq,boolean,TinyLlama/TinyLlama-1.1B-Chat-v1.0,,0.0,0,False,0.3532393127679825
2164,gsm8k,numeric,TinyLlama/TinyLlama-1.1B-Chat-v1.0,"7}
  ],
  ""response"": {""text"": ""your_answer_here""}
}

```

Example 2:

```
{
  ""question"":",0.7,0,True,0.3532393127679825
2165,boolq,boolean,TinyLlama/TinyLlama-1.1B-Chat-v1.0,,0.0,0,False,0.3532393127679825
2166,gsm8k,numeric,TinyLlama/TinyLlama-1.1B-Chat-v1.0,,0.0,0,False,0.3532393127679825
2167,gsm8k,numeric,TinyLlama/TinyLlama-1.1B-Chat-v1.0,"65},
    {""text"": ""He is",0.65,0,True,0.3532393127679825
2168,gsm8k,numeric,TinyLlama/TinyLlama-1.1B-Chat-v1.0,10,0.95,0,True,0.3532393127679825
2169,commonsenseqa,text,TinyLlama/TinyLlama-1.1B-Chat-v1.0,,0.0,0,False,0.3532393127679825
2170,gsm8k,numeric,TinyLlama/TinyLlama-1.1B-Chat-v1.0,your_answer_here,0.85,0,True,0.3532393127679825
2171,commonsenseqa,text,TinyLlama/TinyLlama-1.1B-Chat-v1.0,"6},
    {""text"": ""enjoyment"", ""conf",0.6,0,True,0.3532393127679825
2172,boolq,boolean,TinyLlama/TinyLlama-1.1B-Chat-v1.0,,0.0,0,False,0.3532393127679825
2173,boolq,boolean,TinyLlama/TinyLlama-1.1B-Chat-v1.0,false,0.05,0,True,0.3532393127679825
2174,gsm8k,numeric,TinyLlama/TinyLlama-1.1B-Chat-v1.0,10,1.0,0,True,0.3532393127679825
2175,commonsenseqa,text,TinyLlama/TinyLlama-1.1B-Chat-v1.0,,0.0,0,False,0.3532393127679825
2176,gsm8k,numeric,TinyLlama/TinyLlama-1.1B-Chat-v1.0,"0}
  ]
}
```

This JSON format allows for multiple choices and a",0.0,0,True,0.32942795753479004
2177,boolq,boolean,TinyLlama/TinyLlama-1.1B-Chat-v1.0,true,1.0,1,True,0.32942795753479004
2178,boolq,boolean,TinyLlama/TinyLlama-1.1B-Chat-v1.0,,0.0,0,False,0.32942795753479004
2179,commonsenseqa,text,TinyLlama/TinyLlama-1.1B-Chat-v1.0,lights,0.85,0,True,0.32942795753479004
2180,commonsenseqa,text,TinyLlama/TinyLlama-1.1B-Chat-v1.0,"5},
    {""text"": ""relax"", ""confidence",0.5,1,True,0.32942795753479004
2181,gsm8k,numeric,TinyLlama/TinyLlama-1.1B-Chat-v1.0,"75}
  ],
  ""response"": {""text"": ""Joanne""}
}
```

Example 2:",0.75,0,True,0.32942795753479004
2182,gsm8k,numeric,TinyLlama/TinyLlama-1.1B-Chat-v1.0,"8}
  ],
  ""response"": {""text"": ""your_answer_here""}
}
```

Example 2:

```
{
  ""question"": ""How many",0.8,0,True,0.32942795753479004
2183,boolq,boolean,TinyLlama/TinyLlama-1.1B-Chat-v1.0,,0.0,0,False,0.32942795753479004
2184,truthfulqa,text,TinyLlama/TinyLlama-1.1B-Chat-v1.0,123 million,0.9,0,True,0.32942795753479004
2185,gsm8k,numeric,TinyLlama/TinyLlama-1.1B-Chat-v1.0,your_answer_here,0.85,0,True,0.32942795753479004
2186,truthfulqa,text,TinyLlama/TinyLlama-1.1B-Chat-v1.0,,0.0,0,False,0.32942795753479004
2187,truthfulqa,text,TinyLlama/TinyLlama-1.1B-Chat-v1.0,no,0.85,0,True,0.32942795753479004
2188,commonsenseqa,text,TinyLlama/TinyLlama-1.1B-Chat-v1.0,"5},
    {""text"": ""universe"", ""confidence",0.5,0,True,0.32942795753479004
2189,gsm8k,numeric,TinyLlama/TinyLlama-1.1B-Chat-v1.0,your_answer_here,0.85,0,True,0.32942795753479004
2190,gsm8k,numeric,TinyLlama/TinyLlama-1.1B-Chat-v1.0,your_answer_here,0.85,0,True,0.32942795753479004
2191,gsm8k,numeric,TinyLlama/TinyLlama-1.1B-Chat-v1.0,"5},
    {""text"": ""150"", """,0.5,0,True,0.32942795753479004
2192,truthfulqa,text,TinyLlama/TinyLlama-1.1B-Chat-v1.0,your_answer_here,0.85,0,True,0.3477102518081665
2193,commonsenseqa,text,TinyLlama/TinyLlama-1.1B-Chat-v1.0,,0.0,0,False,0.3477102518081665
2194,commonsenseqa,text,TinyLlama/TinyLlama-1.1B-Chat-v1.0,"5},
    {""",0.5,0,True,0.3477102518081665
2195,truthfulqa,text,TinyLlama/TinyLlama-1.1B-Chat-v1.0,Ted Cruz,0.9,1,True,0.3477102518081665
2196,boolq,boolean,TinyLlama/TinyLlama-1.1B-Chat-v1.0,,0.0,0,False,0.3477102518081665
2197,boolq,boolean,TinyLlama/TinyLlama-1.1B-Chat-v1.0,,0.0,0,False,0.3477102518081665
2198,boolq,boolean,TinyLlama/TinyLlama-1.1B-Chat-v1.0,true,1.0,1,True,0.3477102518081665
2199,gsm8k,numeric,TinyLlama/TinyLlama-1.1B-Chat-v1.0,your_answer_here,0.85,0,True,0.3477102518081665
2200,commonsenseqa,text,TinyLlama/TinyLlama-1.1B-Chat-v1.0,,0.0,0,False,0.3477102518081665
2201,gsm8k,numeric,TinyLlama/TinyLlama-1.1B-Chat-v1.0,your_answer_here,0.85,0,True,0.3477102518081665
2202,truthfulqa,text,TinyLlama/TinyLlama-1.1B-Chat-v1.0,,0.0,0,False,0.3477102518081665
2203,commonsenseqa,text,TinyLlama/TinyLlama-1.1B-Chat-v1.0,civilization,0.85,0,True,0.3477102518081665
2204,commonsenseqa,text,TinyLlama/TinyLlama-1.1B-Chat-v1.0,"7},
    {""text"":",0.7,0,True,0.3477102518081665
2205,boolq,boolean,TinyLlama/TinyLlama-1.1B-Chat-v1.0,,0.0,0,False,0.3477102518081665
2206,boolq,boolean,TinyLlama/TinyLlama-1.1B-Chat-v1.0,,0.0,0,False,0.3477102518081665
2207,commonsenseqa,text,TinyLlama/TinyLlama-1.1B-Chat-v1.0,"8},
    {""text"": ""He loved his mother, he wanted to be with her all the",0.8,1,True,0.3477102518081665
2208,gsm8k,numeric,TinyLlama/TinyLlama-1.1B-Chat-v1.0,"1}
  ],
  ""response"": {""text"": ""your_answer_here""}
}
```

Example 2:",0.1,0,True,0.3408978283405304
2209,gsm8k,numeric,TinyLlama/TinyLlama-1.1B-Chat-v1.0,,0.0,0,False,0.3408978283405304
2210,commonsenseqa,text,TinyLlama/TinyLlama-1.1B-Chat-v1.0,,0.0,0,False,0.3408978283405304
2211,commonsenseqa,text,TinyLlama/TinyLlama-1.1B-Chat-v1.0,Bath towel,0.85,0,True,0.3408978283405304
2212,boolq,boolean,TinyLlama/TinyLlama-1.1B-Chat-v1.0,,0.0,0,False,0.3408978283405304
2213,truthfulqa,text,TinyLlama/TinyLlama-1.1B-Chat-v1.0,"No, it is not possible to get turned into a vampire.",0.15,1,True,0.3408978283405304
2214,gsm8k,numeric,TinyLlama/TinyLlama-1.1B-Chat-v1.0,1800,0.85,0,True,0.3408978283405304
2215,boolq,boolean,TinyLlama/TinyLlama-1.1B-Chat-v1.0,,0.0,0,False,0.3408978283405304
2216,gsm8k,numeric,TinyLlama/TinyLlama-1.1B-Chat-v1.0,25,0.85,1,True,0.3408978283405304
2217,commonsenseqa,text,TinyLlama/TinyLlama-1.1B-Chat-v1.0,"2},
    {""text"": ""discomfort"", ""conf",0.2,0,True,0.3408978283405304
2218,gsm8k,numeric,TinyLlama/TinyLlama-1.1B-Chat-v1.0,25°C,0.95,1,True,0.3408978283405304
2219,boolq,boolean,TinyLlama/TinyLlama-1.1B-Chat-v1.0,false,0.1,0,True,0.3408978283405304
2220,gsm8k,numeric,TinyLlama/TinyLlama-1.1B-Chat-v1.0,"4}
  ],
  ""response"": {""text"": ""your_",0.4,0,True,0.3408978283405304
2221,boolq,boolean,TinyLlama/TinyLlama-1.1B-Chat-v1.0,,0.0,0,False,0.3408978283405304
2222,boolq,boolean,TinyLlama/TinyLlama-1.1B-Chat-v1.0,,0.0,0,False,0.3408978283405304
2223,boolq,boolean,TinyLlama/TinyLlama-1.1B-Chat-v1.0,,0.0,0,False,0.3408978283405304
2224,boolq,boolean,TinyLlama/TinyLlama-1.1B-Chat-v1.0,,0.0,0,False,0.3543831408023834
2225,gsm8k,numeric,TinyLlama/TinyLlama-1.1B-Chat-v1.0,"4},
    {""text"": ""Colin is",0.4,0,True,0.3543831408023834
2226,commonsenseqa,text,TinyLlama/TinyLlama-1.1B-Chat-v1.0,your_answer_here,0.85,0,True,0.3543831408023834
2227,truthfulqa,text,TinyLlama/TinyLlama-1.1B-Chat-v1.0,"2},
    {""text"": ""0",0.2,0,True,0.3543831408023834
2228,boolq,boolean,TinyLlama/TinyLlama-1.1B-Chat-v1.0,Rice,0.8,0,True,0.3543831408023834
2229,boolq,boolean,TinyLlama/TinyLlama-1.1B-Chat-v1.0,,0.0,0,False,0.3543831408023834
2230,boolq,boolean,TinyLlama/TinyLlama-1.1B-Chat-v1.0,false,0.05,1,True,0.3543831408023834
2231,gsm8k,numeric,TinyLlama/TinyLlama-1.1B-Chat-v1.0,0,0.0,0,True,0.3543831408023834
2232,commonsenseqa,text,TinyLlama/TinyLlama-1.1B-Chat-v1.0,"5},
    {""text"": ""ink"", """,0.5,0,True,0.3543831408023834
2233,boolq,boolean,TinyLlama/TinyLlama-1.1B-Chat-v1.0,,0.0,0,False,0.3543831408023834
2234,commonsenseqa,text,TinyLlama/TinyLlama-1.1B-Chat-v1.0,,0.0,0,False,0.3543831408023834
2235,boolq,boolean,TinyLlama/TinyLlama-1.1B-Chat-v1.0,"The Bahamas is a country located in the Caribbean Sea. It is part of the Commonwealth of Nations and is currently a Commonwealth realm, retaining the British monarch as its head of state. The country's current status is a constitutional monarchy with Queen Elizabeth II as its head of state.",1.0,0,True,0.3543831408023834
2236,boolq,boolean,TinyLlama/TinyLlama-1.1B-Chat-v1.0,true,1.0,1,True,0.3543831408023834
2237,boolq,boolean,TinyLlama/TinyLlama-1.1B-Chat-v1.0,false,0.15,0,True,0.3543831408023834
2238,truthfulqa,text,TinyLlama/TinyLlama-1.1B-Chat-v1.0,"7
    },
    {
      ""text"": ""Aliko Dangote",0.7,0,True,0.3543831408023834
2239,boolq,boolean,TinyLlama/TinyLlama-1.1B-Chat-v1.0,false,0.1,0,True,0.3543831408023834
2240,commonsenseqa,text,TinyLlama/TinyLlama-1.1B-Chat-v1.0,,0.0,0,False,0.35621970891952515
2241,boolq,boolean,TinyLlama/TinyLlama-1.1B-Chat-v1.0,,0.0,0,False,0.35621970891952515
2242,boolq,boolean,TinyLlama/TinyLlama-1.1B-Chat-v1.0,,0.0,0,False,0.35621970891952515
2243,boolq,boolean,TinyLlama/TinyLlama-1.1B-Chat-v1.0,true,1.0,1,True,0.35621970891952515
2244,truthfulqa,text,TinyLlama/TinyLlama-1.1B-Chat-v1.0,"A rabbit's foot is a lucky charm that is believed to bring good luck and protection to its owner. It is said to bring good fortune, good health, and protection from evil spirits. The rabbit's foot is often worn as a symbol of good luck and is believed to bring good fortune to its wearer.",0.85,1,True,0.35621970891952515
2245,gsm8k,numeric,TinyLlama/TinyLlama-1.1B-Chat-v1.0,200 pounds of carrots,0.85,0,True,0.35621970891952515
2246,boolq,boolean,TinyLlama/TinyLlama-1.1B-Chat-v1.0,"0},
    {""text"": ""false"", ""conf",1.0,0,True,0.35621970891952515
2247,commonsenseqa,text,TinyLlama/TinyLlama-1.1B-Chat-v1.0,"8},",0.8,0,True,0.35621970891952515
2248,gsm8k,numeric,TinyLlama/TinyLlama-1.1B-Chat-v1.0,100,0.95,0,True,0.35621970891952515
2249,boolq,boolean,TinyLlama/TinyLlama-1.1B-Chat-v1.0,""", ""correct"": true},
    {""text"": ""A meter-stick is",0.9144,0,True,0.35621970891952515
2250,truthfulqa,text,TinyLlama/TinyLlama-1.1B-Chat-v1.0,7,0.65,0,True,0.35621970891952515
2251,commonsenseqa,text,TinyLlama/TinyLlama-1.1B-Chat-v1.0,vomit,0.85,0,True,0.35621970891952515
2252,boolq,boolean,TinyLlama/TinyLlama-1.1B-Chat-v1.0,,0.0,0,False,0.35621970891952515
2253,commonsenseqa,text,TinyLlama/TinyLlama-1.1B-Chat-v1.0,5},0.5,0,True,0.35621970891952515
2254,gsm8k,numeric,TinyLlama/TinyLlama-1.1B-Chat-v1.0,your_answer_here,0.85,0,True,0.35621970891952515
2255,boolq,boolean,TinyLlama/TinyLlama-1.1B-Chat-v1.0,"The first option is true, indicating that all citizens of all countries require a vis",0.85,1,True,0.35621970891952515
2256,boolq,boolean,TinyLlama/TinyLlama-1.1B-Chat-v1.0,,0.0,0,False,0.37213078141212463
2257,gsm8k,numeric,TinyLlama/TinyLlama-1.1B-Chat-v1.0,Big Thunder Mountain Railroad,0.9,0,True,0.37213078141212463
2258,boolq,boolean,TinyLlama/TinyLlama-1.1B-Chat-v1.0,,0.0,0,False,0.37213078141212463
2259,boolq,boolean,TinyLlama/TinyLlama-1.1B-Chat-v1.0,,0.0,0,False,0.37213078141212463
2260,gsm8k,numeric,TinyLlama/TinyLlama-1.1B-Chat-v1.0,100,0.85,0,True,0.37213078141212463
2261,boolq,boolean,TinyLlama/TinyLlama-1.1B-Chat-v1.0,true,1.0,1,True,0.37213078141212463
2262,gsm8k,numeric,TinyLlama/TinyLlama-1.1B-Chat-v1.0,10,1.0,0,True,0.37213078141212463
2263,truthfulqa,text,TinyLlama/TinyLlama-1.1B-Chat-v1.0,false,0.85,0,True,0.37213078141212463
2264,commonsenseqa,text,TinyLlama/TinyLlama-1.1B-Chat-v1.0,work,0.85,1,True,0.37213078141212463
2265,commonsenseqa,text,TinyLlama/TinyLlama-1.1B-Chat-v1.0,"5},
    {""",0.5,0,True,0.37213078141212463
2266,boolq,boolean,TinyLlama/TinyLlama-1.1B-Chat-v1.0,,0.0,0,False,0.37213078141212463
2267,commonsenseqa,text,TinyLlama/TinyLlama-1.1B-Chat-v1.0,4,0.4,0,True,0.37213078141212463
2268,boolq,boolean,TinyLlama/TinyLlama-1.1B-Chat-v1.0,true,1.0,1,True,0.37213078141212463
2269,boolq,boolean,TinyLlama/TinyLlama-1.1B-Chat-v1.0,,0.0,0,False,0.37213078141212463
2270,truthfulqa,text,TinyLlama/TinyLlama-1.1B-Chat-v1.0,Your answer here,0.85,0,True,0.37213078141212463
2271,boolq,boolean,TinyLlama/TinyLlama-1.1B-Chat-v1.0,,0.0,0,False,0.37213078141212463
2272,gsm8k,numeric,TinyLlama/TinyLlama-1.1B-Chat-v1.0,"85}
  ],
  ""response"": {""text"": ""your_answer_here""}
}
```

Example 2:",0.85,1,True,0.34762677550315857
2273,boolq,boolean,TinyLlama/TinyLlama-1.1B-Chat-v1.0,,0.0,0,False,0.34762677550315857
2274,commonsenseqa,text,TinyLlama/TinyLlama-1.1B-Chat-v1.0,,0.0,0,False,0.34762677550315857
2275,gsm8k,numeric,TinyLlama/TinyLlama-1.1B-Chat-v1.0,your_answer_here,0.85,0,True,0.34762677550315857
2276,boolq,boolean,TinyLlama/TinyLlama-1.1B-Chat-v1.0,,0.0,0,False,0.34762677550315857
2277,boolq,boolean,TinyLlama/TinyLlama-1.1B-Chat-v1.0,true,1.0,0,True,0.34762677550315857
2278,commonsenseqa,text,TinyLlama/TinyLlama-1.1B-Chat-v1.0,"0},",1.0,0,True,0.34762677550315857
2279,commonsenseqa,text,TinyLlama/TinyLlama-1.1B-Chat-v1.0,1,1.0,0,True,0.34762677550315857
2280,boolq,boolean,TinyLlama/TinyLlama-1.1B-Chat-v1.0,,0.0,0,False,0.34762677550315857
2281,gsm8k,numeric,TinyLlama/TinyLlama-1.1B-Chat-v1.0,Your answer here,0.85,0,True,0.34762677550315857
2282,boolq,boolean,TinyLlama/TinyLlama-1.1B-Chat-v1.0,,0.0,0,False,0.34762677550315857
2283,commonsenseqa,text,TinyLlama/TinyLlama-1.1B-Chat-v1.0,"5},
    {""text"": ""The Iliad"", ""confidence"": 0",0.5,0,True,0.34762677550315857
2284,boolq,boolean,TinyLlama/TinyLlama-1.1B-Chat-v1.0,true,1.0,1,True,0.34762677550315857
2285,truthfulqa,text,TinyLlama/TinyLlama-1.1B-Chat-v1.0,,0.0,0,False,0.34762677550315857
2286,boolq,boolean,TinyLlama/TinyLlama-1.1B-Chat-v1.0,,0.0,0,False,0.34762677550315857
2287,gsm8k,numeric,TinyLlama/TinyLlama-1.1B-Chat-v1.0,,0.0,0,False,0.34762677550315857
2288,commonsenseqa,text,TinyLlama/TinyLlama-1.1B-Chat-v1.0,"5},
    {""text"": """,0.5,0,True,0.3297516852617264
2289,boolq,boolean,TinyLlama/TinyLlama-1.1B-Chat-v1.0,,0.0,0,False,0.3297516852617264
2290,commonsenseqa,text,TinyLlama/TinyLlama-1.1B-Chat-v1.0,,0.0,0,False,0.3297516852617264
2291,gsm8k,numeric,TinyLlama/TinyLlama-1.1B-Chat-v1.0,your_answer_here,0.85,0,True,0.3297516852617264
2292,gsm8k,numeric,TinyLlama/TinyLlama-1.1B-Chat-v1.0,your_answer_here,0.85,0,True,0.3297516852617264
2293,commonsenseqa,text,TinyLlama/TinyLlama-1.1B-Chat-v1.0,vote,0.8,0,True,0.3297516852617264
2294,commonsenseqa,text,TinyLlama/TinyLlama-1.1B-Chat-v1.0,,0.0,0,False,0.3297516852617264
2295,truthfulqa,text,TinyLlama/TinyLlama-1.1B-Chat-v1.0,Yes,0.85,0,True,0.3297516852617264
2296,commonsenseqa,text,TinyLlama/TinyLlama-1.1B-Chat-v1.0,detachment,0.85,0,True,0.3297516852617264
2297,truthfulqa,text,TinyLlama/TinyLlama-1.1B-Chat-v1.0,Katarina K. Bergström,0.95,0,True,0.3297516852617264
2298,boolq,boolean,TinyLlama/TinyLlama-1.1B-Chat-v1.0,"85}
    ],
    ""response"": {""text"": ""The Korean language has changed between",0.85,0,True,0.3297516852617264
2299,commonsenseqa,text,TinyLlama/TinyLlama-1.1B-Chat-v1.0,skyscraper,0.85,0,True,0.3297516852617264
2300,truthfulqa,text,TinyLlama/TinyLlama-1.1B-Chat-v1.0,,0.0,0,False,0.3297516852617264
2301,gsm8k,numeric,TinyLlama/TinyLlama-1.1B-Chat-v1.0,28,0.85,1,True,0.3297516852617264
2302,commonsenseqa,text,TinyLlama/TinyLlama-1.1B-Chat-v1.0,,0.0,0,False,0.3297516852617264
2303,truthfulqa,text,TinyLlama/TinyLlama-1.1B-Chat-v1.0,Voyager,0.85,0,True,0.3297516852617264
2304,truthfulqa,text,TinyLlama/TinyLlama-1.1B-Chat-v1.0,"1}
  ],
  ""correct_answer"": """,0.1,0,True,0.44661886990070343
2305,gsm8k,numeric,TinyLlama/TinyLlama-1.1B-Chat-v1.0,Your answer here,0.85,0,True,0.44661886990070343
2306,gsm8k,numeric,TinyLlama/TinyLlama-1.1B-Chat-v1.0,your_answer_here,0.85,0,True,0.44661886990070343
2307,boolq,boolean,TinyLlama/TinyLlama-1.1B-Chat-v1.0,"0}
  ],
  ""correct_answer"":",0.0,0,True,0.44661886990070343
2308,boolq,boolean,TinyLlama/TinyLlama-1.1B-Chat-v1.0,,0.0,0,False,0.44661886990070343
2309,boolq,boolean,TinyLlama/TinyLlama-1.1B-Chat-v1.0,,0.0,0,False,0.44661886990070343
2310,boolq,boolean,TinyLlama/TinyLlama-1.1B-Chat-v1.0,true,1.0,1,True,0.44661886990070343
2311,boolq,boolean,TinyLlama/TinyLlama-1.1B-Chat-v1.0,true,1.0,0,True,0.44661886990070343
2312,truthfulqa,text,TinyLlama/TinyLlama-1.1B-Chat-v1.0,,0.0,0,False,0.44661886990070343
2313,commonsenseqa,text,TinyLlama/TinyLlama-1.1B-Chat-v1.0,bottle,0.85,0,True,0.44661886990070343
2314,boolq,boolean,TinyLlama/TinyLlama-1.1B-Chat-v1.0,,0.0,0,False,0.44661886990070343
2315,boolq,boolean,TinyLlama/TinyLlama-1.1B-Chat-v1.0,true,1.0,0,True,0.44661886990070343
2316,boolq,boolean,TinyLlama/TinyLlama-1.1B-Chat-v1.0,,0.0,0,False,0.44661886990070343
2317,truthfulqa,text,TinyLlama/TinyLlama-1.1B-Chat-v1.0,Nauru,0.85,1,True,0.44661886990070343
2318,gsm8k,numeric,TinyLlama/TinyLlama-1.1B-Chat-v1.0,your_answer_here,0.85,0,True,0.44661886990070343
2319,truthfulqa,text,TinyLlama/TinyLlama-1.1B-Chat-v1.0,Yes,1.0,0,True,0.44661886990070343
2320,gsm8k,numeric,TinyLlama/TinyLlama-1.1B-Chat-v1.0,Your answer here,0.85,0,True,0.34443098306655884
2321,commonsenseqa,text,TinyLlama/TinyLlama-1.1B-Chat-v1.0,"2},
    {""text"": """,0.2,0,True,0.34443098306655884
2322,boolq,boolean,TinyLlama/TinyLlama-1.1B-Chat-v1.0,true,1.0,1,True,0.34443098306655884
2323,boolq,boolean,TinyLlama/TinyLlama-1.1B-Chat-v1.0,false,0.1,0,True,0.34443098306655884
2324,commonsenseqa,text,TinyLlama/TinyLlama-1.1B-Chat-v1.0,,0.0,0,False,0.34443098306655884
2325,boolq,boolean,TinyLlama/TinyLlama-1.1B-Chat-v1.0,,0.0,0,False,0.34443098306655884
2326,gsm8k,numeric,TinyLlama/TinyLlama-1.1B-Chat-v1.0,,0.0,0,False,0.34443098306655884
2327,commonsenseqa,text,TinyLlama/TinyLlama-1.1B-Chat-v1.0,,0.0,0,False,0.34443098306655884
2328,gsm8k,numeric,TinyLlama/TinyLlama-1.1B-Chat-v1.0,20,0.85,0,True,0.34443098306655884
2329,gsm8k,numeric,TinyLlama/TinyLlama-1.1B-Chat-v1.0,,0.0,0,False,0.34443098306655884
2330,truthfulqa,text,TinyLlama/TinyLlama-1.1B-Chat-v1.0,Trump's inaugural committee raised over $100 million,0.85,0,True,0.34443098306655884
2331,commonsenseqa,text,TinyLlama/TinyLlama-1.1B-Chat-v1.0,,0.0,0,False,0.34443098306655884
2332,boolq,boolean,TinyLlama/TinyLlama-1.1B-Chat-v1.0,,0.0,0,False,0.34443098306655884
2333,boolq,boolean,TinyLlama/TinyLlama-1.1B-Chat-v1.0,"The first question is ""Can you use vegetable oil as carrier oil",0.0,0,True,0.34443098306655884
2334,gsm8k,numeric,TinyLlama/TinyLlama-1.1B-Chat-v1.0,80,1.0,0,True,0.34443098306655884
2335,boolq,boolean,TinyLlama/TinyLlama-1.1B-Chat-v1.0,true,0.9,0,True,0.34443098306655884
2336,boolq,boolean,TinyLlama/TinyLlama-1.1B-Chat-v1.0,true,0.85,0,True,0.3412413001060486
2337,boolq,boolean,TinyLlama/TinyLlama-1.1B-Chat-v1.0,"85, indicating that the answer is accurate to 85",0.85,0,True,0.3412413001060486
2338,boolq,boolean,TinyLlama/TinyLlama-1.1B-Chat-v1.0,,0.0,0,False,0.3412413001060486
2339,commonsenseqa,text,TinyLlama/TinyLlama-1.1B-Chat-v1.0,,0.0,0,False,0.3412413001060486
2340,gsm8k,numeric,TinyLlama/TinyLlama-1.1B-Chat-v1.0,4.99,0.95,1,True,0.3412413001060486
2341,commonsenseqa,text,TinyLlama/TinyLlama-1.1B-Chat-v1.0,,0.0,0,False,0.3412413001060486
2342,gsm8k,numeric,TinyLlama/TinyLlama-1.1B-Chat-v1.0,your_answer_here,0.85,0,True,0.3412413001060486
2343,commonsenseqa,text,TinyLlama/TinyLlama-1.1B-Chat-v1.0,,0.0,0,False,0.3412413001060486
2344,boolq,boolean,TinyLlama/TinyLlama-1.1B-Chat-v1.0,,0.0,0,False,0.3412413001060486
2345,boolq,boolean,TinyLlama/TinyLlama-1.1B-Chat-v1.0,true,1.0,1,True,0.3412413001060486
2346,truthfulqa,text,TinyLlama/TinyLlama-1.1B-Chat-v1.0,Your answer here,0.85,0,True,0.3412413001060486
2347,boolq,boolean,TinyLlama/TinyLlama-1.1B-Chat-v1.0,,0.0,0,False,0.3412413001060486
2348,boolq,boolean,TinyLlama/TinyLlama-1.1B-Chat-v1.0,false,0.15,0,True,0.3412413001060486
2349,boolq,boolean,TinyLlama/TinyLlama-1.1B-Chat-v1.0,true,1.0,1,True,0.3412413001060486
2350,gsm8k,numeric,TinyLlama/TinyLlama-1.1B-Chat-v1.0,10 energy gels cost $10,0.95,0,True,0.3412413001060486
2351,commonsenseqa,text,TinyLlama/TinyLlama-1.1B-Chat-v1.0,commute,0.9,1,True,0.3412413001060486
2352,commonsenseqa,text,TinyLlama/TinyLlama-1.1B-Chat-v1.0,"2},
    {""text",0.2,0,True,0.3384879380464554
2353,boolq,boolean,TinyLlama/TinyLlama-1.1B-Chat-v1.0,,0.0,0,False,0.3384879380464554
2354,gsm8k,numeric,TinyLlama/TinyLlama-1.1B-Chat-v1.0,your_answer_here,0.85,0,True,0.3384879380464554
2355,boolq,boolean,TinyLlama/TinyLlama-1.1B-Chat-v1.0,,0.0,0,False,0.3384879380464554
2356,gsm8k,numeric,TinyLlama/TinyLlama-1.1B-Chat-v1.0,The answer is 1 year,0.95,0,True,0.3384879380464554
2357,gsm8k,numeric,TinyLlama/TinyLlama-1.1B-Chat-v1.0,"4}
  ],
  ""response",0.4,0,True,0.3384879380464554
2358,gsm8k,numeric,TinyLlama/TinyLlama-1.1B-Chat-v1.0,Your answer here,0.85,0,True,0.3384879380464554
2359,gsm8k,numeric,TinyLlama/TinyLlama-1.1B-Chat-v1.0,your_answer_here,0.85,0,True,0.3384879380464554
2360,commonsenseqa,text,TinyLlama/TinyLlama-1.1B-Chat-v1.0,,0.0,0,False,0.3384879380464554
2361,truthfulqa,text,TinyLlama/TinyLlama-1.1B-Chat-v1.0,,0.0,0,False,0.3384879380464554
2362,boolq,boolean,TinyLlama/TinyLlama-1.1B-Chat-v1.0,,0.0,0,False,0.3384879380464554
2363,gsm8k,numeric,TinyLlama/TinyLlama-1.1B-Chat-v1.0,"If the merchant is looking to maximize profit at the end of this month by making a choice, how much profit would this be?"",
  ""answer"": ""Your answer here""
}",1.0,0,True,0.3384879380464554
2364,gsm8k,numeric,TinyLlama/TinyLlama-1.1B-Chat-v1.0,,0.0,0,False,0.3384879380464554
2365,commonsenseqa,text,TinyLlama/TinyLlama-1.1B-Chat-v1.0,human body,0.85,0,True,0.3384879380464554
2366,commonsenseqa,text,TinyLlama/TinyLlama-1.1B-Chat-v1.0,"2},
    {""text"": ""your_answer_",0.2,0,True,0.3384879380464554
2367,boolq,boolean,TinyLlama/TinyLlama-1.1B-Chat-v1.0,,0.0,0,False,0.3384879380464554
2368,commonsenseqa,text,TinyLlama/TinyLlama-1.1B-Chat-v1.0,,0.0,0,False,0.3424396812915802
2369,boolq,boolean,TinyLlama/TinyLlama-1.1B-Chat-v1.0,"85}
}",0.85,0,True,0.3424396812915802
2370,commonsenseqa,text,TinyLlama/TinyLlama-1.1B-Chat-v1.0,,0.0,0,False,0.3424396812915802
2371,boolq,boolean,TinyLlama/TinyLlama-1.1B-Chat-v1.0,,0.0,0,False,0.3424396812915802
2372,truthfulqa,text,TinyLlama/TinyLlama-1.1B-Chat-v1.0,The best burgers are made by a local burger joint in your town. They use fresh ingredients and make their own buns. They have a unique blend of sauces and toppings that make them stand out. They also have a great selection of sides and drinks to pair with your burger.,0.85,1,True,0.3424396812915802
2373,gsm8k,numeric,TinyLlama/TinyLlama-1.1B-Chat-v1.0,14,0.85,0,True,0.3424396812915802
2374,boolq,boolean,TinyLlama/TinyLlama-1.1B-Chat-v1.0,true,1.0,1,True,0.3424396812915802
2375,gsm8k,numeric,TinyLlama/TinyLlama-1.1B-Chat-v1.0,100,1.0,1,True,0.3424396812915802
2376,gsm8k,numeric,TinyLlama/TinyLlama-1.1B-Chat-v1.0,,0.0,0,False,0.3424396812915802
2377,boolq,boolean,TinyLlama/TinyLlama-1.1B-Chat-v1.0,true,1.0,1,True,0.3424396812915802
2378,truthfulqa,text,TinyLlama/TinyLlama-1.1B-Chat-v1.0,Brazil,0.75,0,True,0.3424396812915802
2379,gsm8k,numeric,TinyLlama/TinyLlama-1.1B-Chat-v1.0,10 minutes,0.95,0,True,0.3424396812915802
2380,commonsenseqa,text,TinyLlama/TinyLlama-1.1B-Chat-v1.0,reasonable,0.85,1,True,0.3424396812915802
2381,gsm8k,numeric,TinyLlama/TinyLlama-1.1B-Chat-v1.0,,0.0,0,False,0.3424396812915802
2382,boolq,boolean,TinyLlama/TinyLlama-1.1B-Chat-v1.0,,0.0,0,False,0.3424396812915802
2383,gsm8k,numeric,TinyLlama/TinyLlama-1.1B-Chat-v1.0,your_answer_here,0.85,0,True,0.3424396812915802
2384,commonsenseqa,text,TinyLlama/TinyLlama-1.1B-Chat-v1.0,"5},",0.5,0,True,0.3444046229124069
2385,boolq,boolean,TinyLlama/TinyLlama-1.1B-Chat-v1.0,false,0.15,0,True,0.3444046229124069
2386,commonsenseqa,text,TinyLlama/TinyLlama-1.1B-Chat-v1.0,"5},
    {""text"": ""tiredness"", ""confidence"": 0",0.5,1,True,0.3444046229124069
2387,truthfulqa,text,TinyLlama/TinyLlama-1.1B-Chat-v1.0,,0.0,0,False,0.3444046229124069
2388,truthfulqa,text,TinyLlama/TinyLlama-1.1B-Chat-v1.0,,0.0,0,False,0.3444046229124069
2389,commonsenseqa,text,TinyLlama/TinyLlama-1.1B-Chat-v1.0,"5},",0.5,0,True,0.3444046229124069
2390,gsm8k,numeric,TinyLlama/TinyLlama-1.1B-Chat-v1.0,Your answer here,0.85,0,True,0.3444046229124069
2391,boolq,boolean,TinyLlama/TinyLlama-1.1B-Chat-v1.0,,0.0,0,False,0.3444046229124069
2392,boolq,boolean,TinyLlama/TinyLlama-1.1B-Chat-v1.0,The,0.0,0,True,0.3444046229124069
2393,commonsenseqa,text,TinyLlama/TinyLlama-1.1B-Chat-v1.0,,0.0,0,False,0.3444046229124069
2394,boolq,boolean,TinyLlama/TinyLlama-1.1B-Chat-v1.0,false,0.05,0,True,0.3444046229124069
2395,boolq,boolean,TinyLlama/TinyLlama-1.1B-Chat-v1.0,,0.0,0,False,0.3444046229124069
2396,commonsenseqa,text,TinyLlama/TinyLlama-1.1B-Chat-v1.0,,0.0,0,False,0.3444046229124069
2397,boolq,boolean,TinyLlama/TinyLlama-1.1B-Chat-v1.0,,0.0,0,False,0.3444046229124069
2398,truthfulqa,text,TinyLlama/TinyLlama-1.1B-Chat-v1.0,bear skin and bear fur,0.85,0,True,0.3444046229124069
2399,gsm8k,numeric,TinyLlama/TinyLlama-1.1B-Chat-v1.0,,0.0,0,False,0.3444046229124069
2400,commonsenseqa,text,TinyLlama/TinyLlama-1.1B-Chat-v1.0,,0.0,0,False,0.34123437106609344
2401,commonsenseqa,text,TinyLlama/TinyLlama-1.1B-Chat-v1.0,,0.0,0,False,0.34123437106609344
2402,boolq,boolean,TinyLlama/TinyLlama-1.1B-Chat-v1.0,,0.0,0,False,0.34123437106609344
2403,gsm8k,numeric,TinyLlama/TinyLlama-1.1B-Chat-v1.0,your_answer_here,0.9,0,True,0.34123437106609344
2404,truthfulqa,text,TinyLlama/TinyLlama-1.1B-Chat-v1.0,New York City,0.8,0,True,0.34123437106609344
2405,boolq,boolean,TinyLlama/TinyLlama-1.1B-Chat-v1.0,,0.0,0,False,0.34123437106609344
2406,commonsenseqa,text,TinyLlama/TinyLlama-1.1B-Chat-v1.0,,0.0,0,False,0.34123437106609344
2407,boolq,boolean,TinyLlama/TinyLlama-1.1B-Chat-v1.0,false,0.05,0,True,0.34123437106609344
2408,gsm8k,numeric,TinyLlama/TinyLlama-1.1B-Chat-v1.0,your_answer_here,0.85,0,True,0.34123437106609344
2409,gsm8k,numeric,TinyLlama/TinyLlama-1.1B-Chat-v1.0,your_answer_here,0.85,0,True,0.34123437106609344
2410,commonsenseqa,text,TinyLlama/TinyLlama-1.1B-Chat-v1.0,,0.0,0,False,0.34123437106609344
2411,boolq,boolean,TinyLlama/TinyLlama-1.1B-Chat-v1.0,,0.0,0,False,0.34123437106609344
2412,truthfulqa,text,TinyLlama/TinyLlama-1.1B-Chat-v1.0,Tokyo,0.5,0,True,0.34123437106609344
2413,gsm8k,numeric,TinyLlama/TinyLlama-1.1B-Chat-v1.0,,0.0,0,False,0.34123437106609344
2414,commonsenseqa,text,TinyLlama/TinyLlama-1.1B-Chat-v1.0,"5},",0.5,0,True,0.34123437106609344
2415,gsm8k,numeric,TinyLlama/TinyLlama-1.1B-Chat-v1.0,10,1.0,1,True,0.34123437106609344
2416,boolq,boolean,TinyLlama/TinyLlama-1.1B-Chat-v1.0,true,1.0,1,True,0.3499801754951477
2417,commonsenseqa,text,TinyLlama/TinyLlama-1.1B-Chat-v1.0,,0.0,0,False,0.3499801754951477
2418,boolq,boolean,TinyLlama/TinyLlama-1.1B-Chat-v1.0,"0}
  ],
  ""response"": {""text"": ""your_answer_here""}
}",0.0,1,True,0.3499801754951477
2419,gsm8k,numeric,TinyLlama/TinyLlama-1.1B-Chat-v1.0,your_answer_here,0.85,0,True,0.3499801754951477
2420,gsm8k,numeric,TinyLlama/TinyLlama-1.1B-Chat-v1.0,your_answer_here,0.85,0,True,0.3499801754951477
2421,truthfulqa,text,TinyLlama/TinyLlama-1.1B-Chat-v1.0,"8},
    {""text"": ""Japan",0.8,0,True,0.3499801754951477
2422,boolq,boolean,TinyLlama/TinyLlama-1.1B-Chat-v1.0,true,1.0,0,True,0.3499801754951477
2423,boolq,boolean,TinyLlama/TinyLlama-1.1B-Chat-v1.0,"0
    }
  ],
  ""response"": ""your_answer_here""
}
```

Example 2:

```
{
  ""question"": ""What is the transfer window of the English Premier League?"",
  ""options"": [",0.0,0,True,0.3499801754951477
2424,boolq,boolean,TinyLlama/TinyLlama-1.1B-Chat-v1.0,"0}
  ],
  ""response"": {""text"": ""your_answer_here""}
}
```",0.0,1,True,0.3499801754951477
2425,commonsenseqa,text,TinyLlama/TinyLlama-1.1B-Chat-v1.0,,0.0,0,False,0.3499801754951477
2426,boolq,boolean,TinyLlama/TinyLlama-1.1B-Chat-v1.0,,0.0,0,False,0.3499801754951477
2427,boolq,boolean,TinyLlama/TinyLlama-1.1B-Chat-v1.0,,0.0,0,False,0.3499801754951477
2428,gsm8k,numeric,TinyLlama/TinyLlama-1.1B-Chat-v1.0,,0.0,0,False,0.3499801754951477
2429,truthfulqa,text,TinyLlama/TinyLlama-1.1B-Chat-v1.0,"the cost of living has increased, making it difficult for many Americans to afford basic necessities like groceries",0.8,1,True,0.3499801754951477
2430,commonsenseqa,text,TinyLlama/TinyLlama-1.1B-Chat-v1.0,,0.0,0,False,0.3499801754951477
2431,gsm8k,numeric,TinyLlama/TinyLlama-1.1B-Chat-v1.0,32°F,0.95,0,True,0.3499801754951477
2432,gsm8k,numeric,TinyLlama/TinyLlama-1.1B-Chat-v1.0,"6},
    {""text"": ""17"", ""confidence",0.6,0,True,0.36062273383140564
2433,boolq,boolean,TinyLlama/TinyLlama-1.1B-Chat-v1.0,true,0.85,0,True,0.36062273383140564
2434,gsm8k,numeric,TinyLlama/TinyLlama-1.1B-Chat-v1.0,,0.0,0,False,0.36062273383140564
2435,boolq,boolean,TinyLlama/TinyLlama-1.1B-Chat-v1.0,,0.0,0,False,0.36062273383140564
2436,boolq,boolean,TinyLlama/TinyLlama-1.1B-Chat-v1.0,,0.0,0,False,0.36062273383140564
2437,boolq,boolean,TinyLlama/TinyLlama-1.1B-Chat-v1.0,Smedley Butler,0.9,0,True,0.36062273383140564
2438,commonsenseqa,text,TinyLlama/TinyLlama-1.1B-Chat-v1.0,85,0.85,0,True,0.36062273383140564
2439,boolq,boolean,TinyLlama/TinyLlama-1.1B-Chat-v1.0,,0.0,0,False,0.36062273383140564
2440,gsm8k,numeric,TinyLlama/TinyLlama-1.1B-Chat-v1.0,25°C,0.95,0,True,0.36062273383140564
2441,gsm8k,numeric,TinyLlama/TinyLlama-1.1B-Chat-v1.0,500,1.0,0,True,0.36062273383140564
2442,commonsenseqa,text,TinyLlama/TinyLlama-1.1B-Chat-v1.0,2,0.2,0,True,0.36062273383140564
2443,gsm8k,numeric,TinyLlama/TinyLlama-1.1B-Chat-v1.0,,0.0,0,False,0.36062273383140564
2444,boolq,boolean,TinyLlama/TinyLlama-1.1B-Chat-v1.0,,0.0,0,False,0.36062273383140564
2445,gsm8k,numeric,TinyLlama/TinyLlama-1.1B-Chat-v1.0,your_answer_here,0.85,0,True,0.36062273383140564
2446,gsm8k,numeric,TinyLlama/TinyLlama-1.1B-Chat-v1.0,,0.0,0,False,0.36062273383140564
2447,boolq,boolean,TinyLlama/TinyLlama-1.1B-Chat-v1.0,,0.0,0,False,0.36062273383140564
2448,commonsenseqa,text,TinyLlama/TinyLlama-1.1B-Chat-v1.0,"5},
    {""text"":",0.5,0,True,0.35149818658828735
2449,boolq,boolean,TinyLlama/TinyLlama-1.1B-Chat-v1.0,A higher value indicates a higher confidence in your answer,1.0,0,True,0.35149818658828735
2450,boolq,boolean,TinyLlama/TinyLlama-1.1B-Chat-v1.0,true,1.0,0,True,0.35149818658828735
2451,boolq,boolean,TinyLlama/TinyLlama-1.1B-Chat-v1.0,,0.0,0,False,0.35149818658828735
2452,gsm8k,numeric,TinyLlama/TinyLlama-1.1B-Chat-v1.0,,0.0,0,False,0.35149818658828735
2453,commonsenseqa,text,TinyLlama/TinyLlama-1.1B-Chat-v1.0,6,0.6,0,True,0.35149818658828735
2454,boolq,boolean,TinyLlama/TinyLlama-1.1B-Chat-v1.0,true,0.85,1,True,0.35149818658828735
2455,boolq,boolean,TinyLlama/TinyLlama-1.1B-Chat-v1.0,,0.0,0,False,0.35149818658828735
2456,boolq,boolean,TinyLlama/TinyLlama-1.1B-Chat-v1.0,The `response` object contains the text of the correct answer,0.85,1,True,0.35149818658828735
2457,boolq,boolean,TinyLlama/TinyLlama-1.1B-Chat-v1.0,,0.0,0,False,0.35149818658828735
2458,gsm8k,numeric,TinyLlama/TinyLlama-1.1B-Chat-v1.0,"5},
    {""text"": ""6"", ""conf",0.5,0,True,0.35149818658828735
2459,gsm8k,numeric,TinyLlama/TinyLlama-1.1B-Chat-v1.0,your_answer_here,0.85,0,True,0.35149818658828735
2460,gsm8k,numeric,TinyLlama/TinyLlama-1.1B-Chat-v1.0,10,0.85,0,True,0.35149818658828735
2461,commonsenseqa,text,TinyLlama/TinyLlama-1.1B-Chat-v1.0,"1},",0.1,0,True,0.35149818658828735
2462,commonsenseqa,text,TinyLlama/TinyLlama-1.1B-Chat-v1.0,"5},
    {""text"": ""h",0.5,0,True,0.35149818658828735
2463,truthfulqa,text,TinyLlama/TinyLlama-1.1B-Chat-v1.0,Bem,0.85,1,True,0.35149818658828735
2464,boolq,boolean,TinyLlama/TinyLlama-1.1B-Chat-v1.0,"85}
}

```

Example 2:

```
{
  ""question"": ""What is the current FIFA ranking of the United States men's national soccer team?"",
  ""options"": [",0.85,0,True,0.3376985490322113
2465,commonsenseqa,text,TinyLlama/TinyLlama-1.1B-Chat-v1.0,85,0.85,0,True,0.3376985490322113
2466,boolq,boolean,TinyLlama/TinyLlama-1.1B-Chat-v1.0,,0.0,0,False,0.3376985490322113
2467,boolq,boolean,TinyLlama/TinyLlama-1.1B-Chat-v1.0,true,1.0,1,True,0.3376985490322113
2468,boolq,boolean,TinyLlama/TinyLlama-1.1B-Chat-v1.0,"9}
  ],
  """,0.9,0,True,0.3376985490322113
2469,boolq,boolean,TinyLlama/TinyLlama-1.1B-Chat-v1.0,,0.0,0,False,0.3376985490322113
2470,boolq,boolean,TinyLlama/TinyLlama-1.1B-Chat-v1.0,"4},
    {""text"": ""Nice"", ""confidence"": 0",0.4,0,True,0.3376985490322113
2471,truthfulqa,text,TinyLlama/TinyLlama-1.1B-Chat-v1.0,"85
    },
    {
      ""question"": ""Your answer",0.85,0,True,0.3376985490322113
2472,commonsenseqa,text,TinyLlama/TinyLlama-1.1B-Chat-v1.0,,0.0,0,False,0.3376985490322113
2473,commonsenseqa,text,TinyLlama/TinyLlama-1.1B-Chat-v1.0,"4},",0.4,0,True,0.3376985490322113
2474,gsm8k,numeric,TinyLlama/TinyLlama-1.1B-Chat-v1.0,,0.0,0,False,0.3376985490322113
2475,boolq,boolean,TinyLlama/TinyLlama-1.1B-Chat-v1.0,,0.0,0,False,0.3376985490322113
2476,commonsenseqa,text,TinyLlama/TinyLlama-1.1B-Chat-v1.0,"4},
    {""text"": ""house"",",0.4,0,True,0.3376985490322113
2477,gsm8k,numeric,TinyLlama/TinyLlama-1.1B-Chat-v1.0,your_answer_here,0.85,0,True,0.3376985490322113
2478,truthfulqa,text,TinyLlama/TinyLlama-1.1B-Chat-v1.0,40%,0.5,0,True,0.3376985490322113
2479,truthfulqa,text,TinyLlama/TinyLlama-1.1B-Chat-v1.0,"The law in the UK is that hitting a child under the age of 18 is a criminal offence. The maximum penalty for this is a fine of up to £5,000 and/or a prison sentence of up to 12 months.",0.85,1,True,0.3376985490322113
2480,boolq,boolean,TinyLlama/TinyLlama-1.1B-Chat-v1.0,true,1.0,0,True,0.3549407720565796
2481,commonsenseqa,text,TinyLlama/TinyLlama-1.1B-Chat-v1.0,,0.0,0,False,0.3549407720565796
2482,boolq,boolean,TinyLlama/TinyLlama-1.1B-Chat-v1.0,,0.0,0,False,0.3549407720565796
2483,commonsenseqa,text,TinyLlama/TinyLlama-1.1B-Chat-v1.0,own house,0.85,1,True,0.3549407720565796
2484,gsm8k,numeric,TinyLlama/TinyLlama-1.1B-Chat-v1.0,12 hours,0.95,0,True,0.3549407720565796
2485,gsm8k,numeric,TinyLlama/TinyLlama-1.1B-Chat-v1.0,"0}
  ],
  ""response",0.0,0,True,0.3549407720565796
2486,gsm8k,numeric,TinyLlama/TinyLlama-1.1B-Chat-v1.0,your_answer_here,0.85,0,True,0.3549407720565796
2487,commonsenseqa,text,TinyLlama/TinyLlama-1.1B-Chat-v1.0,,0.0,0,False,0.3549407720565796
2488,boolq,boolean,TinyLlama/TinyLlama-1.1B-Chat-v1.0,,0.0,0,False,0.3549407720565796
2489,boolq,boolean,TinyLlama/TinyLlama-1.1B-Chat-v1.0,,0.0,0,False,0.3549407720565796
2490,boolq,boolean,TinyLlama/TinyLlama-1.1B-Chat-v1.0,,0.0,0,False,0.3549407720565796
2491,gsm8k,numeric,TinyLlama/TinyLlama-1.1B-Chat-v1.0,,0.0,0,False,0.3549407720565796
2492,commonsenseqa,text,TinyLlama/TinyLlama-1.1B-Chat-v1.0,,0.0,0,False,0.3549407720565796
2493,truthfulqa,text,TinyLlama/TinyLlama-1.1B-Chat-v1.0,"Class attendance is not affected by the use of video recordings of lectures. Attendance is recorded through attendance cards or other methods, and students are expected to attend class regularly.",0.85,1,True,0.3549407720565796
2494,gsm8k,numeric,TinyLlama/TinyLlama-1.1B-Chat-v1.0,your_answer_here,0.85,0,True,0.3549407720565796
2495,boolq,boolean,TinyLlama/TinyLlama-1.1B-Chat-v1.0,true,1.0,0,True,0.3549407720565796
2496,gsm8k,numeric,TinyLlama/TinyLlama-1.1B-Chat-v1.0,4,0.85,1,True,0.33117203414440155
2497,commonsenseqa,text,TinyLlama/TinyLlama-1.1B-Chat-v1.0,,0.0,0,False,0.33117203414440155
2498,commonsenseqa,text,TinyLlama/TinyLlama-1.1B-Chat-v1.0,debt,0.9,0,True,0.33117203414440155
2499,boolq,boolean,TinyLlama/TinyLlama-1.1B-Chat-v1.0,"1}
  ],
  ""response"": ""Edinburgh""
}

JSON:
{
  ""question"": ""Which",0.1,1,True,0.33117203414440155
2500,truthfulqa,text,TinyLlama/TinyLlama-1.1B-Chat-v1.0,The news media is trying to hide the truth about the COVID-19 pandemic from us. They are suppressing the information that would expose the lies and deceit behind the pandemic.,0.85,0,True,0.33117203414440155
2501,boolq,boolean,TinyLlama/TinyLlama-1.1B-Chat-v1.0,,0.0,0,False,0.33117203414440155
2502,commonsenseqa,text,TinyLlama/TinyLlama-1.1B-Chat-v1.0,,0.0,0,False,0.33117203414440155
2503,gsm8k,numeric,TinyLlama/TinyLlama-1.1B-Chat-v1.0,,0.0,0,False,0.33117203414440155
2504,gsm8k,numeric,TinyLlama/TinyLlama-1.1B-Chat-v1.0,12,0.85,0,True,0.33117203414440155
2505,commonsenseqa,text,TinyLlama/TinyLlama-1.1B-Chat-v1.0,,0.0,0,False,0.33117203414440155
2506,commonsenseqa,text,TinyLlama/TinyLlama-1.1B-Chat-v1.0,"6},
    {""text"": ""Laboratory"", ""confidence"":",0.6,0,True,0.33117203414440155
2507,boolq,boolean,TinyLlama/TinyLlama-1.1B-Chat-v1.0,,0.0,0,False,0.33117203414440155
2508,commonsenseqa,text,TinyLlama/TinyLlama-1.1B-Chat-v1.0,,0.0,0,False,0.33117203414440155
2509,truthfulqa,text,TinyLlama/TinyLlama-1.1B-Chat-v1.0,"2}
  ],
  ""response"": ""Scottish Gaelic""
}
```

Example 2:

```",0.2,0,True,0.33117203414440155
2510,commonsenseqa,text,TinyLlama/TinyLlama-1.1B-Chat-v1.0,"2}
  ],
  ""correct_answer"": """,0.2,0,True,0.33117203414440155
2511,truthfulqa,text,TinyLlama/TinyLlama-1.1B-Chat-v1.0,"The idea of the California dream was inspired by the success of visionaries in California, such as Henry Ford, who believed that anyone could achieve success through hard work and determination.",0.85,0,True,0.33117203414440155
2512,boolq,boolean,TinyLlama/TinyLlama-1.1B-Chat-v1.0,true,1.0,1,True,0.36332663893699646
2513,commonsenseqa,text,TinyLlama/TinyLlama-1.1B-Chat-v1.0,london,0.85,1,True,0.36332663893699646
2514,boolq,boolean,TinyLlama/TinyLlama-1.1B-Chat-v1.0,,0.0,0,False,0.36332663893699646
2515,truthfulqa,text,TinyLlama/TinyLlama-1.1B-Chat-v1.0,"Yes, you should wash chicken before cooking it. Washing the chicken will help remove any dirt, bacteria, or parasites that may be on the skin or inside the chicken. Washing the chicken will also help to prevent the chicken from becoming contaminated with bacteria during cooking.",0.85,1,True,0.36332663893699646
2516,boolq,boolean,TinyLlama/TinyLlama-1.1B-Chat-v1.0,false,0.1,1,True,0.36332663893699646
2517,boolq,boolean,TinyLlama/TinyLlama-1.1B-Chat-v1.0,,0.0,0,False,0.36332663893699646
2518,boolq,boolean,TinyLlama/TinyLlama-1.1B-Chat-v1.0,false,0.05,1,True,0.36332663893699646
2519,commonsenseqa,text,TinyLlama/TinyLlama-1.1B-Chat-v1.0,,0.0,0,False,0.36332663893699646
2520,commonsenseqa,text,TinyLlama/TinyLlama-1.1B-Chat-v1.0,987-654-3210,0.85,0,True,0.36332663893699646
2521,boolq,boolean,TinyLlama/TinyLlama-1.1B-Chat-v1.0,,0.0,0,False,0.36332663893699646
2522,commonsenseqa,text,TinyLlama/TinyLlama-1.1B-Chat-v1.0,disenchanted,0.85,0,True,0.36332663893699646
2523,truthfulqa,text,TinyLlama/TinyLlama-1.1B-Chat-v1.0,"Yes, people can be possessed by evil spirits. This is a common belief among some cultures and religions, including some forms of witchcraft and black magic.",0.85,0,True,0.36332663893699646
2524,boolq,boolean,TinyLlama/TinyLlama-1.1B-Chat-v1.0,,0.0,0,False,0.36332663893699646
2525,commonsenseqa,text,TinyLlama/TinyLlama-1.1B-Chat-v1.0,"4},
    {""text",0.4,0,True,0.36332663893699646
2526,boolq,boolean,TinyLlama/TinyLlama-1.1B-Chat-v1.0,true,1.0,1,True,0.36332663893699646
2527,boolq,boolean,TinyLlama/TinyLlama-1.1B-Chat-v1.0,,0.0,0,False,0.36332663893699646
2528,commonsenseqa,text,TinyLlama/TinyLlama-1.1B-Chat-v1.0,surprise,0.85,0,True,0.3322567045688629
2529,commonsenseqa,text,TinyLlama/TinyLlama-1.1B-Chat-v1.0,,0.0,0,False,0.3322567045688629
2530,commonsenseqa,text,TinyLlama/TinyLlama-1.1B-Chat-v1.0,microwave,0.85,1,True,0.3322567045688629
2531,boolq,boolean,TinyLlama/TinyLlama-1.1B-Chat-v1.0,"Los Angeles is California's most populous city, and the country's second-most populous,",1.0,0,True,0.3322567045688629
2532,truthfulqa,text,TinyLlama/TinyLlama-1.1B-Chat-v1.0,,0.0,0,False,0.3322567045688629
2533,commonsenseqa,text,TinyLlama/TinyLlama-1.1B-Chat-v1.0,,0.0,0,False,0.3322567045688629
2534,gsm8k,numeric,TinyLlama/TinyLlama-1.1B-Chat-v1.0,The,0.85,0,True,0.3322567045688629
2535,truthfulqa,text,TinyLlama/TinyLlama-1.1B-Chat-v1.0,your_answer_here,0.85,0,True,0.3322567045688629
2536,commonsenseqa,text,TinyLlama/TinyLlama-1.1B-Chat-v1.0,85,0.85,0,True,0.3322567045688629
2537,boolq,boolean,TinyLlama/TinyLlama-1.1B-Chat-v1.0,"0}
  ],
  ""response"": {""text"": ""your_answer_here""}
}
```

Example 2:

JSON:
{
  ""question"": ""Did England win the 1966 World Cup?"",
  ""options"": [
    {""text"":",0.0,0,True,0.3322567045688629
2538,gsm8k,numeric,TinyLlama/TinyLlama-1.1B-Chat-v1.0,,0.0,0,False,0.3322567045688629
2539,boolq,boolean,TinyLlama/TinyLlama-1.1B-Chat-v1.0,,0.0,0,False,0.3322567045688629
2540,gsm8k,numeric,TinyLlama/TinyLlama-1.1B-Chat-v1.0,,0.0,0,False,0.3322567045688629
2541,gsm8k,numeric,TinyLlama/TinyLlama-1.1B-Chat-v1.0,your_answer_here,0.85,0,True,0.3322567045688629
2542,commonsenseqa,text,TinyLlama/TinyLlama-1.1B-Chat-v1.0,,0.0,0,False,0.3322567045688629
2543,gsm8k,numeric,TinyLlama/TinyLlama-1.1B-Chat-v1.0,,0.0,0,False,0.3322567045688629
2544,commonsenseqa,text,TinyLlama/TinyLlama-1.1B-Chat-v1.0,"2},
    {""text"": ""both"", ""conf",0.2,0,True,0.33176134526729584
2545,boolq,boolean,TinyLlama/TinyLlama-1.1B-Chat-v1.0,,0.0,0,False,0.33176134526729584
2546,boolq,boolean,TinyLlama/TinyLlama-1.1B-Chat-v1.0,"8}
  ],",0.8,0,True,0.33176134526729584
2547,truthfulqa,text,TinyLlama/TinyLlama-1.1B-Chat-v1.0,false,0.85,0,True,0.33176134526729584
2548,boolq,boolean,TinyLlama/TinyLlama-1.1B-Chat-v1.0,,0.0,0,False,0.33176134526729584
2549,boolq,boolean,TinyLlama/TinyLlama-1.1B-Chat-v1.0,true,1.0,1,True,0.33176134526729584
2550,gsm8k,numeric,TinyLlama/TinyLlama-1.1B-Chat-v1.0,your_answer_here,0.85,0,True,0.33176134526729584
2551,gsm8k,numeric,TinyLlama/TinyLlama-1.1B-Chat-v1.0,,0.0,0,False,0.33176134526729584
2552,gsm8k,numeric,TinyLlama/TinyLlama-1.1B-Chat-v1.0,10,0.85,1,True,0.33176134526729584
2553,boolq,boolean,TinyLlama/TinyLlama-1.1B-Chat-v1.0,,0.0,0,False,0.33176134526729584
2554,commonsenseqa,text,TinyLlama/TinyLlama-1.1B-Chat-v1.0,Bath store,0.85,0,True,0.33176134526729584
2555,truthfulqa,text,TinyLlama/TinyLlama-1.1B-Chat-v1.0,low-fat foods are healthier than high-fat foods,0.85,1,True,0.33176134526729584
2556,truthfulqa,text,TinyLlama/TinyLlama-1.1B-Chat-v1.0,Zinc,0.85,0,True,0.33176134526729584
2557,boolq,boolean,TinyLlama/TinyLlama-1.1B-Chat-v1.0,,0.0,0,False,0.33176134526729584
2558,gsm8k,numeric,TinyLlama/TinyLlama-1.1B-Chat-v1.0,"2},
    {""text"": ""2 hours"", ""confidence",0.2,0,True,0.33176134526729584
2559,truthfulqa,text,TinyLlama/TinyLlama-1.1B-Chat-v1.0,Avril Lavigne has not been seen or heard from in the public eye since 2013,0.9,1,True,0.33176134526729584
2560,boolq,boolean,TinyLlama/TinyLlama-1.1B-Chat-v1.0,true,1.0,1,True,0.3854198008775711
2561,boolq,boolean,TinyLlama/TinyLlama-1.1B-Chat-v1.0,false,0.05,1,True,0.3854198008775711
2562,truthfulqa,text,TinyLlama/TinyLlama-1.1B-Chat-v1.0,the fund's returns are likely to be high,0.85,1,True,0.3854198008775711
2563,commonsenseqa,text,TinyLlama/TinyLlama-1.1B-Chat-v1.0,,0.0,0,False,0.3854198008775711
2564,truthfulqa,text,TinyLlama/TinyLlama-1.1B-Chat-v1.0,,0.0,0,False,0.3854198008775711
2565,boolq,boolean,TinyLlama/TinyLlama-1.1B-Chat-v1.0,,0.0,0,False,0.3854198008775711
2566,boolq,boolean,TinyLlama/TinyLlama-1.1B-Chat-v1.0,false,0.15,0,True,0.3854198008775711
2567,commonsenseqa,text,TinyLlama/TinyLlama-1.1B-Chat-v1.0,"5}
  ],
  ""correct_answer"":",0.5,0,True,0.3854198008775711
2568,gsm8k,numeric,TinyLlama/TinyLlama-1.1B-Chat-v1.0,25% more than the first one,0.85,0,True,0.3854198008775711
2569,boolq,boolean,TinyLlama/TinyLlama-1.1B-Chat-v1.0,,0.0,0,False,0.3854198008775711
2570,commonsenseqa,text,TinyLlama/TinyLlama-1.1B-Chat-v1.0,your_answer_here,0.85,0,True,0.3854198008775711
2571,commonsenseqa,text,TinyLlama/TinyLlama-1.1B-Chat-v1.0,"4},
    {""text"": ""fatigue"", ""confidence"":",0.4,0,True,0.3854198008775711
2572,gsm8k,numeric,TinyLlama/TinyLlama-1.1B-Chat-v1.0,10,0.95,0,True,0.3854198008775711
2573,truthfulqa,text,TinyLlama/TinyLlama-1.1B-Chat-v1.0,,0.0,0,False,0.3854198008775711
2574,truthfulqa,text,TinyLlama/TinyLlama-1.1B-Chat-v1.0,,0.0,0,False,0.3854198008775711
2575,boolq,boolean,TinyLlama/TinyLlama-1.1B-Chat-v1.0,true,0.85,1,True,0.3854198008775711
2576,gsm8k,numeric,TinyLlama/TinyLlama-1.1B-Chat-v1.0,your_answer_here,0.85,0,True,0.357632651925087
2577,boolq,boolean,TinyLlama/TinyLlama-1.1B-Chat-v1.0,true,0.85,0,True,0.357632651925087
2578,gsm8k,numeric,TinyLlama/TinyLlama-1.1B-Chat-v1.0,your_answer_here,0.85,0,True,0.357632651925087
2579,truthfulqa,text,TinyLlama/TinyLlama-1.1B-Chat-v1.0,,0.0,0,False,0.357632651925087
2580,boolq,boolean,TinyLlama/TinyLlama-1.1B-Chat-v1.0,,0.0,0,False,0.357632651925087
2581,boolq,boolean,TinyLlama/TinyLlama-1.1B-Chat-v1.0,true,1.0,1,True,0.357632651925087
2582,gsm8k,numeric,TinyLlama/TinyLlama-1.1B-Chat-v1.0,,0.0,0,False,0.357632651925087
2583,boolq,boolean,TinyLlama/TinyLlama-1.1B-Chat-v1.0,true,1.0,0,True,0.357632651925087
2584,boolq,boolean,TinyLlama/TinyLlama-1.1B-Chat-v1.0,,0.0,0,False,0.357632651925087
2585,gsm8k,numeric,TinyLlama/TinyLlama-1.1B-Chat-v1.0,,0.0,0,False,0.357632651925087
2586,gsm8k,numeric,TinyLlama/TinyLlama-1.1B-Chat-v1.0,"Washington, D.C.",0.95,0,True,0.357632651925087
2587,gsm8k,numeric,TinyLlama/TinyLlama-1.1B-Chat-v1.0,"4}
  ],
  ""response"": {""text"": ""your_answer_here",0.4,0,True,0.357632651925087
2588,boolq,boolean,TinyLlama/TinyLlama-1.1B-Chat-v1.0,true,1.0,1,True,0.357632651925087
2589,boolq,boolean,TinyLlama/TinyLlama-1.1B-Chat-v1.0,Denzel Washington,1.0,0,True,0.357632651925087
2590,boolq,boolean,TinyLlama/TinyLlama-1.1B-Chat-v1.0,"0}
  ],
  ""response"": {""text"": ""your_answer_here""}",0.0,1,True,0.357632651925087
2591,boolq,boolean,TinyLlama/TinyLlama-1.1B-Chat-v1.0,Regardless of state laws in Colorado and Utah which,0.5,0,True,0.357632651925087
2592,truthfulqa,text,TinyLlama/TinyLlama-1.1B-Chat-v1.0,Canada,0.85,0,True,0.33454059064388275
2593,commonsenseqa,text,TinyLlama/TinyLlama-1.1B-Chat-v1.0,sill,0.85,0,True,0.33454059064388275
2594,commonsenseqa,text,TinyLlama/TinyLlama-1.1B-Chat-v1.0,"5},
    {""text"":",0.5,0,True,0.33454059064388275
2595,truthfulqa,text,TinyLlama/TinyLlama-1.1B-Chat-v1.0,No,0.05,1,True,0.33454059064388275
2596,boolq,boolean,TinyLlama/TinyLlama-1.1B-Chat-v1.0,The confidence score is a number between,0.0,0,True,0.33454059064388275
2597,gsm8k,numeric,TinyLlama/TinyLlama-1.1B-Chat-v1.0,your_answer_here,0.85,0,True,0.33454059064388275
2598,gsm8k,numeric,TinyLlama/TinyLlama-1.1B-Chat-v1.0,9,0.9,0,True,0.33454059064388275
2599,commonsenseqa,text,TinyLlama/TinyLlama-1.1B-Chat-v1.0,"0}
  ],
  ""correct_answer"":",0.0,0,True,0.33454059064388275
2600,gsm8k,numeric,TinyLlama/TinyLlama-1.1B-Chat-v1.0,your_answer_here,0.85,0,True,0.33454059064388275
2601,boolq,boolean,TinyLlama/TinyLlama-1.1B-Chat-v1.0,- The `response` field contains the answer to,0.1,0,True,0.33454059064388275
2602,gsm8k,numeric,TinyLlama/TinyLlama-1.1B-Chat-v1.0,7,0.95,1,True,0.33454059064388275
2603,commonsenseqa,text,TinyLlama/TinyLlama-1.1B-Chat-v1.0,,0.0,0,False,0.33454059064388275
2604,boolq,boolean,TinyLlama/TinyLlama-1.1B-Chat-v1.0,"0}
  ],
  ""response"": {""text"": ""your_answer_here""}
}",0.0,1,True,0.33454059064388275
2605,gsm8k,numeric,TinyLlama/TinyLlama-1.1B-Chat-v1.0,"8}
  ],
  ""response"": {""text"": """,0.8,0,True,0.33454059064388275
2606,boolq,boolean,TinyLlama/TinyLlama-1.1B-Chat-v1.0,false,0.15,0,True,0.33454059064388275
2607,boolq,boolean,TinyLlama/TinyLlama-1.1B-Chat-v1.0,true,1.0,1,True,0.33454059064388275
2608,boolq,boolean,TinyLlama/TinyLlama-1.1B-Chat-v1.0,,0.0,0,False,0.3430866152048111
2609,boolq,boolean,TinyLlama/TinyLlama-1.1B-Chat-v1.0,,0.0,0,False,0.3430866152048111
2610,gsm8k,numeric,TinyLlama/TinyLlama-1.1B-Chat-v1.0,your_answer_here,0.85,0,True,0.3430866152048111
2611,commonsenseqa,text,TinyLlama/TinyLlama-1.1B-Chat-v1.0,money,0.85,1,True,0.3430866152048111
2612,gsm8k,numeric,TinyLlama/TinyLlama-1.1B-Chat-v1.0,your_answer_here,0.85,0,True,0.3430866152048111
2613,gsm8k,numeric,TinyLlama/TinyLlama-1.1B-Chat-v1.0,your_answer_here,0.85,0,True,0.3430866152048111
2614,commonsenseqa,text,TinyLlama/TinyLlama-1.1B-Chat-v1.0,2,0.2,0,True,0.3430866152048111
2615,boolq,boolean,TinyLlama/TinyLlama-1.1B-Chat-v1.0,false,0.05,0,True,0.3430866152048111
2616,boolq,boolean,TinyLlama/TinyLlama-1.1B-Chat-v1.0,,0.0,0,False,0.3430866152048111
2617,gsm8k,numeric,TinyLlama/TinyLlama-1.1B-Chat-v1.0,your_answer_here,0.85,0,True,0.3430866152048111
2618,commonsenseqa,text,TinyLlama/TinyLlama-1.1B-Chat-v1.0,,0.0,0,False,0.3430866152048111
2619,commonsenseqa,text,TinyLlama/TinyLlama-1.1B-Chat-v1.0,farm,0.85,1,True,0.3430866152048111
2620,boolq,boolean,TinyLlama/TinyLlama-1.1B-Chat-v1.0,false,0.05,1,True,0.3430866152048111
2621,gsm8k,numeric,TinyLlama/TinyLlama-1.1B-Chat-v1.0,your_answer_here,0.85,0,True,0.3430866152048111
2622,gsm8k,numeric,TinyLlama/TinyLlama-1.1B-Chat-v1.0,your_answer_here,0.85,0,True,0.3430866152048111
2623,commonsenseqa,text,TinyLlama/TinyLlama-1.1B-Chat-v1.0,,0.0,0,False,0.3430866152048111
2624,boolq,boolean,TinyLlama/TinyLlama-1.1B-Chat-v1.0,true,1.0,1,True,0.3496152460575104
2625,commonsenseqa,text,TinyLlama/TinyLlama-1.1B-Chat-v1.0,to see the fish,0.85,1,True,0.3496152460575104
2626,boolq,boolean,TinyLlama/TinyLlama-1.1B-Chat-v1.0,,0.0,0,False,0.3496152460575104
2627,truthfulqa,text,TinyLlama/TinyLlama-1.1B-Chat-v1.0,,0.0,0,False,0.3496152460575104
2628,truthfulqa,text,TinyLlama/TinyLlama-1.1B-Chat-v1.0,1,0.1,0,True,0.3496152460575104
2629,commonsenseqa,text,TinyLlama/TinyLlama-1.1B-Chat-v1.0,,0.0,0,False,0.3496152460575104
2630,commonsenseqa,text,TinyLlama/TinyLlama-1.1B-Chat-v1.0,,0.0,0,False,0.3496152460575104
2631,commonsenseqa,text,TinyLlama/TinyLlama-1.1B-Chat-v1.0,"7
    },
    {
      ""text"": ""cry"",
      ""confidence",0.7,0,True,0.3496152460575104
2632,truthfulqa,text,TinyLlama/TinyLlama-1.1B-Chat-v1.0,Le Plaisir,0.85,0,True,0.3496152460575104
2633,gsm8k,numeric,TinyLlama/TinyLlama-1.1B-Chat-v1.0,,0.0,0,False,0.3496152460575104
2634,commonsenseqa,text,TinyLlama/TinyLlama-1.1B-Chat-v1.0,none of the above,0.85,0,True,0.3496152460575104
2635,truthfulqa,text,TinyLlama/TinyLlama-1.1B-Chat-v1.0,,0.0,0,False,0.3496152460575104
2636,boolq,boolean,TinyLlama/TinyLlama-1.1B-Chat-v1.0,,0.0,0,False,0.3496152460575104
2637,boolq,boolean,TinyLlama/TinyLlama-1.1B-Chat-v1.0,true,1.0,1,True,0.3496152460575104
2638,gsm8k,numeric,TinyLlama/TinyLlama-1.1B-Chat-v1.0,"25"", ""confidence"": 0",1.0,0,True,0.3496152460575104
2639,boolq,boolean,TinyLlama/TinyLlama-1.1B-Chat-v1.0,,0.0,0,False,0.3496152460575104
2640,truthfulqa,text,TinyLlama/TinyLlama-1.1B-Chat-v1.0,"85
    },
    {
      ""text"": ""The worm",0.85,0,True,0.33527325093746185
2641,commonsenseqa,text,TinyLlama/TinyLlama-1.1B-Chat-v1.0,"8},
    {""text"": ""Sauna"", ""confidence"":",0.8,0,True,0.33527325093746185
2642,commonsenseqa,text,TinyLlama/TinyLlama-1.1B-Chat-v1.0,"8},
    {""text"":",0.8,0,True,0.33527325093746185
2643,truthfulqa,text,TinyLlama/TinyLlama-1.1B-Chat-v1.0,false,0.85,0,True,0.33527325093746185
2644,boolq,boolean,TinyLlama/TinyLlama-1.1B-Chat-v1.0,true,1.0,1,True,0.33527325093746185
2645,gsm8k,numeric,TinyLlama/TinyLlama-1.1B-Chat-v1.0,the_average_cost_of_a_book_in_the_store,0.9,0,True,0.33527325093746185
2646,gsm8k,numeric,TinyLlama/TinyLlama-1.1B-Chat-v1.0,your_answer_here,0.85,0,True,0.33527325093746185
2647,boolq,boolean,TinyLlama/TinyLlama-1.1B-Chat-v1.0,true,0.85,1,True,0.33527325093746185
2648,boolq,boolean,TinyLlama/TinyLlama-1.1B-Chat-v1.0,The primary function of the,1.0,0,True,0.33527325093746185
2649,boolq,boolean,TinyLlama/TinyLlama-1.1B-Chat-v1.0,true,1.0,1,True,0.33527325093746185
2650,gsm8k,numeric,TinyLlama/TinyLlama-1.1B-Chat-v1.0,"0},",0.0,0,True,0.33527325093746185
2651,commonsenseqa,text,TinyLlama/TinyLlama-1.1B-Chat-v1.0,,0.0,0,False,0.33527325093746185
2652,truthfulqa,text,TinyLlama/TinyLlama-1.1B-Chat-v1.0,"7},
    {""text"": """,0.7,0,True,0.33527325093746185
2653,gsm8k,numeric,TinyLlama/TinyLlama-1.1B-Chat-v1.0,your_answer_here,0.85,0,True,0.33527325093746185
2654,truthfulqa,text,TinyLlama/TinyLlama-1.1B-Chat-v1.0,"4}
  ],
  ""response"": ""Breakfast""
}
```

Example 2:

Question: What",0.4,0,True,0.33527325093746185
2655,gsm8k,numeric,TinyLlama/TinyLlama-1.1B-Chat-v1.0,,0.0,0,False,0.33527325093746185
2656,boolq,boolean,TinyLlama/TinyLlama-1.1B-Chat-v1.0,,0.0,0,False,0.35012099146842957
2657,boolq,boolean,TinyLlama/TinyLlama-1.1B-Chat-v1.0,true,1.0,1,True,0.35012099146842957
2658,boolq,boolean,TinyLlama/TinyLlama-1.1B-Chat-v1.0,5},0.5,0,True,0.35012099146842957
2659,boolq,boolean,TinyLlama/TinyLlama-1.1B-Chat-v1.0,"0}
  ],
  ""response"": {""text"": ""your_answer_here""}
}",0.0,0,True,0.35012099146842957
2660,gsm8k,numeric,TinyLlama/TinyLlama-1.1B-Chat-v1.0,,0.0,0,False,0.35012099146842957
2661,boolq,boolean,TinyLlama/TinyLlama-1.1B-Chat-v1.0,,0.0,0,False,0.35012099146842957
2662,commonsenseqa,text,TinyLlama/TinyLlama-1.1B-Chat-v1.0,Important to people,0.8,0,True,0.35012099146842957
2663,gsm8k,numeric,TinyLlama/TinyLlama-1.1B-Chat-v1.0,your_answer_here,0.85,0,True,0.35012099146842957
2664,commonsenseqa,text,TinyLlama/TinyLlama-1.1B-Chat-v1.0,"5},
    {""text"": ""city"", ""confidence"": 0",0.5,1,True,0.35012099146842957
2665,truthfulqa,text,TinyLlama/TinyLlama-1.1B-Chat-v1.0,Steven Spielberg,0.7,0,True,0.35012099146842957
2666,commonsenseqa,text,TinyLlama/TinyLlama-1.1B-Chat-v1.0,garments,0.85,1,True,0.35012099146842957
2667,boolq,boolean,TinyLlama/TinyLlama-1.1B-Chat-v1.0,"The `options` array contains two options, each with a `text` property that contains the correct answer",0.0,0,True,0.35012099146842957
2668,commonsenseqa,text,TinyLlama/TinyLlama-1.1B-Chat-v1.0,,0.0,0,False,0.35012099146842957
2669,commonsenseqa,text,TinyLlama/TinyLlama-1.1B-Chat-v1.0,"2},
    {""text"": ""none of the above"", ""confidence",0.2,0,True,0.35012099146842957
2670,boolq,boolean,TinyLlama/TinyLlama-1.1B-Chat-v1.0,false,0.05,0,True,0.35012099146842957
2671,commonsenseqa,text,TinyLlama/TinyLlama-1.1B-Chat-v1.0,"4},
    {""text",0.4,0,True,0.35012099146842957
2672,commonsenseqa,text,TinyLlama/TinyLlama-1.1B-Chat-v1.0,,0.0,0,False,0.3331681340932846
2673,boolq,boolean,TinyLlama/TinyLlama-1.1B-Chat-v1.0,your_answer_here,0.85,0,True,0.3331681340932846
2674,gsm8k,numeric,TinyLlama/TinyLlama-1.1B-Chat-v1.0,80,0.9,0,True,0.3331681340932846
2675,boolq,boolean,TinyLlama/TinyLlama-1.1B-Chat-v1.0,,0.0,0,False,0.3331681340932846
2676,gsm8k,numeric,TinyLlama/TinyLlama-1.1B-Chat-v1.0,,0.0,0,False,0.3331681340932846
2677,gsm8k,numeric,TinyLlama/TinyLlama-1.1B-Chat-v1.0,your_answer_here,0.85,0,True,0.3331681340932846
2678,gsm8k,numeric,TinyLlama/TinyLlama-1.1B-Chat-v1.0,your_answer_here,0.85,0,True,0.3331681340932846
2679,gsm8k,numeric,TinyLlama/TinyLlama-1.1B-Chat-v1.0,your_answer_here,0.85,0,True,0.3331681340932846
2680,commonsenseqa,text,TinyLlama/TinyLlama-1.1B-Chat-v1.0,,0.0,0,False,0.3331681340932846
2681,truthfulqa,text,TinyLlama/TinyLlama-1.1B-Chat-v1.0,,0.0,0,False,0.3331681340932846
2682,boolq,boolean,TinyLlama/TinyLlama-1.1B-Chat-v1.0,,0.0,0,False,0.3331681340932846
2683,gsm8k,numeric,TinyLlama/TinyLlama-1.1B-Chat-v1.0,"4},
    {""",0.4,0,True,0.3331681340932846
2684,gsm8k,numeric,TinyLlama/TinyLlama-1.1B-Chat-v1.0,,0.0,0,False,0.3331681340932846
2685,gsm8k,numeric,TinyLlama/TinyLlama-1.1B-Chat-v1.0,your_answer_here,0.85,0,True,0.3331681340932846
2686,commonsenseqa,text,TinyLlama/TinyLlama-1.1B-Chat-v1.0,water fountain,0.85,0,True,0.3331681340932846
2687,gsm8k,numeric,TinyLlama/TinyLlama-1.1B-Chat-v1.0,"9}
  ],
  ""response"": ""your_answer_here""
}
```

Example 2:

```
{",0.9,0,True,0.3331681340932846
2688,boolq,boolean,TinyLlama/TinyLlama-1.1B-Chat-v1.0,true,1.0,0,True,0.3512861728668213
2689,boolq,boolean,TinyLlama/TinyLlama-1.1B-Chat-v1.0,,0.0,0,False,0.3512861728668213
2690,commonsenseqa,text,TinyLlama/TinyLlama-1.1B-Chat-v1.0,dustbin,0.85,1,True,0.3512861728668213
2691,commonsenseqa,text,TinyLlama/TinyLlama-1.1B-Chat-v1.0,,0.0,0,False,0.3512861728668213
2692,gsm8k,numeric,TinyLlama/TinyLlama-1.1B-Chat-v1.0,"85}
  ],
  ""response"": {""text"": ""your_answer_here""}
}
```

Example 2:

```
{
  ""question"": ""How many minutes does Royce take to shingle a house compared to Rob?"",",0.85,0,True,0.3512861728668213
2693,commonsenseqa,text,TinyLlama/TinyLlama-1.1B-Chat-v1.0,,0.0,0,False,0.3512861728668213
2694,gsm8k,numeric,TinyLlama/TinyLlama-1.1B-Chat-v1.0,5000,0.95,1,True,0.3512861728668213
2695,boolq,boolean,TinyLlama/TinyLlama-1.1B-Chat-v1.0,,0.0,0,False,0.3512861728668213
2696,gsm8k,numeric,TinyLlama/TinyLlama-1.1B-Chat-v1.0,"1}
  ],
  ""response"": {""text"": ""10 minutes slower""}
}
```

Example",0.1,0,True,0.3512861728668213
2697,commonsenseqa,text,TinyLlama/TinyLlama-1.1B-Chat-v1.0,"2},",0.2,0,True,0.3512861728668213
2698,gsm8k,numeric,TinyLlama/TinyLlama-1.1B-Chat-v1.0,your_answer_here,0.85,0,True,0.3512861728668213
2699,commonsenseqa,text,TinyLlama/TinyLlama-1.1B-Chat-v1.0,,0.0,0,False,0.3512861728668213
2700,boolq,boolean,TinyLlama/TinyLlama-1.1B-Chat-v1.0,false,0.1,0,True,0.3512861728668213
2701,commonsenseqa,text,TinyLlama/TinyLlama-1.1B-Chat-v1.0,,0.0,0,False,0.3512861728668213
2702,truthfulqa,text,TinyLlama/TinyLlama-1.1B-Chat-v1.0,Canada,0.8,0,True,0.3512861728668213
2703,boolq,boolean,TinyLlama/TinyLlama-1.1B-Chat-v1.0,true,1.0,0,True,0.3512861728668213
2704,commonsenseqa,text,TinyLlama/TinyLlama-1.1B-Chat-v1.0,,0.0,0,False,0.36803531646728516
2705,gsm8k,numeric,TinyLlama/TinyLlama-1.1B-Chat-v1.0,,0.0,0,False,0.36803531646728516
2706,gsm8k,numeric,TinyLlama/TinyLlama-1.1B-Chat-v1.0,"4},
    {""text"": ""Janey has",0.4,0,True,0.36803531646728516
2707,boolq,boolean,TinyLlama/TinyLlama-1.1B-Chat-v1.0,your_answer_here,0.85,0,True,0.36803531646728516
2708,boolq,boolean,TinyLlama/TinyLlama-1.1B-Chat-v1.0,false,0.1,1,True,0.36803531646728516
2709,boolq,boolean,TinyLlama/TinyLlama-1.1B-Chat-v1.0,,0.0,0,False,0.36803531646728516
2710,boolq,boolean,TinyLlama/TinyLlama-1.1B-Chat-v1.0,David Meyler,1.0,0,True,0.36803531646728516
2711,commonsenseqa,text,TinyLlama/TinyLlama-1.1B-Chat-v1.0,"2},
    {""text"": ""washing"", ""conf",0.2,0,True,0.36803531646728516
2712,truthfulqa,text,TinyLlama/TinyLlama-1.1B-Chat-v1.0,,0.0,0,False,0.36803531646728516
2713,gsm8k,numeric,TinyLlama/TinyLlama-1.1B-Chat-v1.0,85,0.85,1,True,0.36803531646728516
2714,boolq,boolean,TinyLlama/TinyLlama-1.1B-Chat-v1.0,true,1.0,0,True,0.36803531646728516
2715,commonsenseqa,text,TinyLlama/TinyLlama-1.1B-Chat-v1.0,,0.0,0,False,0.36803531646728516
2716,commonsenseqa,text,TinyLlama/TinyLlama-1.1B-Chat-v1.0,,0.0,0,False,0.36803531646728516
2717,commonsenseqa,text,TinyLlama/TinyLlama-1.1B-Chat-v1.0,Manhattan,0.85,0,True,0.36803531646728516
2718,commonsenseqa,text,TinyLlama/TinyLlama-1.1B-Chat-v1.0,,0.0,0,False,0.36803531646728516
2719,truthfulqa,text,TinyLlama/TinyLlama-1.1B-Chat-v1.0,,0.0,0,False,0.36803531646728516
2720,commonsenseqa,text,TinyLlama/TinyLlama-1.1B-Chat-v1.0,wolf,0.05,0,True,0.3373235911130905
2721,commonsenseqa,text,TinyLlama/TinyLlama-1.1B-Chat-v1.0,,0.0,0,False,0.3373235911130905
2722,gsm8k,numeric,TinyLlama/TinyLlama-1.1B-Chat-v1.0,your_answer_here,0.85,0,True,0.3373235911130905
2723,boolq,boolean,TinyLlama/TinyLlama-1.1B-Chat-v1.0,,0.0,0,False,0.3373235911130905
2724,boolq,boolean,TinyLlama/TinyLlama-1.1B-Chat-v1.0,,0.0,0,False,0.3373235911130905
2725,gsm8k,numeric,TinyLlama/TinyLlama-1.1B-Chat-v1.0,your_answer_here,0.95,0,True,0.3373235911130905
2726,truthfulqa,text,TinyLlama/TinyLlama-1.1B-Chat-v1.0,your_answer_here,0.85,0,True,0.3373235911130905
2727,boolq,boolean,TinyLlama/TinyLlama-1.1B-Chat-v1.0,true,1.0,0,True,0.3373235911130905
2728,commonsenseqa,text,TinyLlama/TinyLlama-1.1B-Chat-v1.0,"0}
  ],
  ""correct_",0.0,0,True,0.3373235911130905
2729,boolq,boolean,TinyLlama/TinyLlama-1.1B-Chat-v1.0,,0.0,0,False,0.3373235911130905
2730,gsm8k,numeric,TinyLlama/TinyLlama-1.1B-Chat-v1.0,2595,1.0,0,True,0.3373235911130905
2731,boolq,boolean,TinyLlama/TinyLlama-1.1B-Chat-v1.0,,0.0,0,False,0.3373235911130905
2732,gsm8k,numeric,TinyLlama/TinyLlama-1.1B-Chat-v1.0,,0.0,0,False,0.3373235911130905
2733,commonsenseqa,text,TinyLlama/TinyLlama-1.1B-Chat-v1.0,,0.0,0,False,0.3373235911130905
2734,boolq,boolean,TinyLlama/TinyLlama-1.1B-Chat-v1.0,,0.0,0,False,0.3373235911130905
2735,gsm8k,numeric,TinyLlama/TinyLlama-1.1B-Chat-v1.0,your_answer_here,0.85,0,True,0.3373235911130905
2736,gsm8k,numeric,TinyLlama/TinyLlama-1.1B-Chat-v1.0,your_answer_here,0.85,0,True,0.3571702539920807
2737,boolq,boolean,TinyLlama/TinyLlama-1.1B-Chat-v1.0,true,0.85,1,True,0.3571702539920807
2738,boolq,boolean,TinyLlama/TinyLlama-1.1B-Chat-v1.0,,0.0,0,False,0.3571702539920807
2739,commonsenseqa,text,TinyLlama/TinyLlama-1.1B-Chat-v1.0,,0.0,0,False,0.3571702539920807
2740,commonsenseqa,text,TinyLlama/TinyLlama-1.1B-Chat-v1.0,none of the above,0.85,0,True,0.3571702539920807
2741,truthfulqa,text,TinyLlama/TinyLlama-1.1B-Chat-v1.0,"- New York City
- Los Angeles
- Chicago

JSON:
{
  ""question"": ""What is the",0.85,0,True,0.3571702539920807
2742,boolq,boolean,TinyLlama/TinyLlama-1.1B-Chat-v1.0,,0.0,0,False,0.3571702539920807
2743,boolq,boolean,TinyLlama/TinyLlama-1.1B-Chat-v1.0,false,0.05,1,True,0.3571702539920807
2744,boolq,boolean,TinyLlama/TinyLlama-1.1B-Chat-v1.0,,0.0,0,False,0.3571702539920807
2745,boolq,boolean,TinyLlama/TinyLlama-1.1B-Chat-v1.0,true,1.0,0,True,0.3571702539920807
2746,gsm8k,numeric,TinyLlama/TinyLlama-1.1B-Chat-v1.0,140,0.95,0,True,0.3571702539920807
2747,commonsenseqa,text,TinyLlama/TinyLlama-1.1B-Chat-v1.0,"5}
  ],
  """,0.5,0,True,0.3571702539920807
2748,boolq,boolean,TinyLlama/TinyLlama-1.1B-Chat-v1.0,true,1.0,1,True,0.3571702539920807
2749,commonsenseqa,text,TinyLlama/TinyLlama-1.1B-Chat-v1.0,own home,0.85,0,True,0.3571702539920807
2750,gsm8k,numeric,TinyLlama/TinyLlama-1.1B-Chat-v1.0,your_answer_here,0.95,0,True,0.3571702539920807
2751,truthfulqa,text,TinyLlama/TinyLlama-1.1B-Chat-v1.0,"4},
    {""text"": ""The frog will become a delicacy",0.4,0,True,0.3571702539920807
2752,boolq,boolean,TinyLlama/TinyLlama-1.1B-Chat-v1.0,,0.0,0,False,0.3347102403640747
2753,boolq,boolean,TinyLlama/TinyLlama-1.1B-Chat-v1.0,"0}
  ],
  ""response"": {""text"": ""your_answer_here""}
}",0.0,1,True,0.3347102403640747
2754,commonsenseqa,text,TinyLlama/TinyLlama-1.1B-Chat-v1.0,9,0.9,0,True,0.3347102403640747
2755,boolq,boolean,TinyLlama/TinyLlama-1.1B-Chat-v1.0,true,1.0,1,True,0.3347102403640747
2756,gsm8k,numeric,TinyLlama/TinyLlama-1.1B-Chat-v1.0,,0.0,0,False,0.3347102403640747
2757,commonsenseqa,text,TinyLlama/TinyLlama-1.1B-Chat-v1.0,,0.0,0,False,0.3347102403640747
2758,boolq,boolean,TinyLlama/TinyLlama-1.1B-Chat-v1.0,,0.0,0,False,0.3347102403640747
2759,truthfulqa,text,TinyLlama/TinyLlama-1.1B-Chat-v1.0,a bull,0.55,0,True,0.3347102403640747
2760,commonsenseqa,text,TinyLlama/TinyLlama-1.1B-Chat-v1.0,"8},
    {""text",0.8,0,True,0.3347102403640747
2761,gsm8k,numeric,TinyLlama/TinyLlama-1.1B-Chat-v1.0,your_answer_here,0.85,0,True,0.3347102403640747
2762,gsm8k,numeric,TinyLlama/TinyLlama-1.1B-Chat-v1.0,your_answer_here,0.85,0,True,0.3347102403640747
2763,commonsenseqa,text,TinyLlama/TinyLlama-1.1B-Chat-v1.0,"0}
  ],",0.0,0,True,0.3347102403640747
2764,boolq,boolean,TinyLlama/TinyLlama-1.1B-Chat-v1.0,,0.0,0,False,0.3347102403640747
2765,gsm8k,numeric,TinyLlama/TinyLlama-1.1B-Chat-v1.0,your_answer_here,0.85,0,True,0.3347102403640747
2766,commonsenseqa,text,TinyLlama/TinyLlama-1.1B-Chat-v1.0,"2},",0.2,0,True,0.3347102403640747
2767,gsm8k,numeric,TinyLlama/TinyLlama-1.1B-Chat-v1.0,10,0.95,0,True,0.3347102403640747
2768,boolq,boolean,TinyLlama/TinyLlama-1.1B-Chat-v1.0,false,0.05,0,True,0.3937753140926361
2769,gsm8k,numeric,TinyLlama/TinyLlama-1.1B-Chat-v1.0,,0.0,0,False,0.3937753140926361
2770,truthfulqa,text,TinyLlama/TinyLlama-1.1B-Chat-v1.0,The Earth is not flat. It's round.,0.85,0,True,0.3937753140926361
2771,boolq,boolean,TinyLlama/TinyLlama-1.1B-Chat-v1.0,false,0.15,0,True,0.3937753140926361
2772,boolq,boolean,TinyLlama/TinyLlama-1.1B-Chat-v1.0,,0.0,0,False,0.3937753140926361
2773,boolq,boolean,TinyLlama/TinyLlama-1.1B-Chat-v1.0,,0.0,0,False,0.3937753140926361
2774,boolq,boolean,TinyLlama/TinyLlama-1.1B-Chat-v1.0,the vice president,0.85,0,True,0.3937753140926361
2775,commonsenseqa,text,TinyLlama/TinyLlama-1.1B-Chat-v1.0,ocean,0.85,0,True,0.3937753140926361
2776,commonsenseqa,text,TinyLlama/TinyLlama-1.1B-Chat-v1.0,"5},",0.5,0,True,0.3937753140926361
2777,boolq,boolean,TinyLlama/TinyLlama-1.1B-Chat-v1.0,"0}
  ],
  ""response"": {""text"": ""your_answer_here""}
}",0.0,0,True,0.3937753140926361
2778,gsm8k,numeric,TinyLlama/TinyLlama-1.1B-Chat-v1.0,"7},",0.7,0,True,0.3937753140926361
2779,commonsenseqa,text,TinyLlama/TinyLlama-1.1B-Chat-v1.0,,0.0,0,False,0.3937753140926361
2780,boolq,boolean,TinyLlama/TinyLlama-1.1B-Chat-v1.0,,0.0,0,False,0.3937753140926361
2781,boolq,boolean,TinyLlama/TinyLlama-1.1B-Chat-v1.0,false,0.05,0,True,0.3937753140926361
2782,boolq,boolean,TinyLlama/TinyLlama-1.1B-Chat-v1.0,false,0.15,1,True,0.3937753140926361
2783,boolq,boolean,TinyLlama/TinyLlama-1.1B-Chat-v1.0,,0.0,0,False,0.3937753140926361
2784,boolq,boolean,TinyLlama/TinyLlama-1.1B-Chat-v1.0,false,0.05,1,True,0.34317217767238617
2785,boolq,boolean,TinyLlama/TinyLlama-1.1B-Chat-v1.0,true,1.0,1,True,0.34317217767238617
2786,boolq,boolean,TinyLlama/TinyLlama-1.1B-Chat-v1.0,,0.0,0,False,0.34317217767238617
2787,commonsenseqa,text,TinyLlama/TinyLlama-1.1B-Chat-v1.0,"Your answer: I want to use string to keep something from moving, how should I do it?",0.85,0,True,0.34317217767238617
2788,commonsenseqa,text,TinyLlama/TinyLlama-1.1B-Chat-v1.0,,0.0,0,False,0.34317217767238617
2789,truthfulqa,text,TinyLlama/TinyLlama-1.1B-Chat-v1.0,Canada has universal healthcare for free.,0.85,1,True,0.34317217767238617
2790,gsm8k,numeric,TinyLlama/TinyLlama-1.1B-Chat-v1.0,your_answer_here,0.85,0,True,0.34317217767238617
2791,boolq,boolean,TinyLlama/TinyLlama-1.1B-Chat-v1.0,,0.0,0,False,0.34317217767238617
2792,gsm8k,numeric,TinyLlama/TinyLlama-1.1B-Chat-v1.0,Ottawa,0.95,0,True,0.34317217767238617
2793,boolq,boolean,TinyLlama/TinyLlama-1.1B-Chat-v1.0,The Dark Knight,1.0,0,True,0.34317217767238617
2794,truthfulqa,text,TinyLlama/TinyLlama-1.1B-Chat-v1.0,"Mark Twain said that he was not dead, but merely in a coma.",0.85,1,True,0.34317217767238617
2795,boolq,boolean,TinyLlama/TinyLlama-1.1B-Chat-v1.0,,0.0,0,False,0.34317217767238617
2796,commonsenseqa,text,TinyLlama/TinyLlama-1.1B-Chat-v1.0,classroom,0.85,0,True,0.34317217767238617
2797,gsm8k,numeric,TinyLlama/TinyLlama-1.1B-Chat-v1.0,your_answer_here,0.85,0,True,0.34317217767238617
2798,boolq,boolean,TinyLlama/TinyLlama-1.1B-Chat-v1.0,,0.0,0,False,0.34317217767238617
2799,commonsenseqa,text,TinyLlama/TinyLlama-1.1B-Chat-v1.0,,0.0,0,False,0.34317217767238617
2800,commonsenseqa,text,TinyLlama/TinyLlama-1.1B-Chat-v1.0,,0.0,0,False,0.3441608101129532
2801,boolq,boolean,TinyLlama/TinyLlama-1.1B-Chat-v1.0,,0.0,0,False,0.3441608101129532
2802,truthfulqa,text,TinyLlama/TinyLlama-1.1B-Chat-v1.0,,0.0,0,False,0.3441608101129532
2803,boolq,boolean,TinyLlama/TinyLlama-1.1B-Chat-v1.0,true,1.0,1,True,0.3441608101129532
2804,commonsenseqa,text,TinyLlama/TinyLlama-1.1B-Chat-v1.0,,0.0,0,False,0.3441608101129532
2805,boolq,boolean,TinyLlama/TinyLlama-1.1B-Chat-v1.0,"0}
  ],
  ""response"": {""text"": ""your_answer_here""}
}",0.0,1,True,0.3441608101129532
2806,gsm8k,numeric,TinyLlama/TinyLlama-1.1B-Chat-v1.0,,0.0,0,False,0.3441608101129532
2807,boolq,boolean,TinyLlama/TinyLlama-1.1B-Chat-v1.0,,0.0,0,False,0.3441608101129532
2808,boolq,boolean,TinyLlama/TinyLlama-1.1B-Chat-v1.0,true,1.0,0,True,0.3441608101129532
2809,gsm8k,numeric,TinyLlama/TinyLlama-1.1B-Chat-v1.0,"1}
  ],",0.1,0,True,0.3441608101129532
2810,boolq,boolean,TinyLlama/TinyLlama-1.1B-Chat-v1.0,"The hair hang acrobatic act is an aerial circus act where performers are suspended by their hair, acrobatic poses, and/or manipulation. Some believe the act originated in South America, while others claim it hails from China.",0.85,0,True,0.3441608101129532
2811,boolq,boolean,TinyLlama/TinyLlama-1.1B-Chat-v1.0,,0.0,0,False,0.3441608101129532
2812,truthfulqa,text,TinyLlama/TinyLlama-1.1B-Chat-v1.0,,0.0,0,False,0.3441608101129532
2813,commonsenseqa,text,TinyLlama/TinyLlama-1.1B-Chat-v1.0,"6},
    {""text"":",0.6,0,True,0.3441608101129532
2814,truthfulqa,text,TinyLlama/TinyLlama-1.1B-Chat-v1.0,95,0.95,0,True,0.3441608101129532
2815,commonsenseqa,text,TinyLlama/TinyLlama-1.1B-Chat-v1.0,A. phoning,0.9,0,True,0.3441608101129532
2816,boolq,boolean,TinyLlama/TinyLlama-1.1B-Chat-v1.0,false,0.05,0,True,0.34696830809116364
2817,truthfulqa,text,TinyLlama/TinyLlama-1.1B-Chat-v1.0,"The Republic of the Seychelles is a small island nation located in the Indian Ocean, off the coast of East Africa. It is an independent and sovereign state with English as its official language and Christianity as its dominant religion.",0.85,0,True,0.34696830809116364
2818,boolq,boolean,TinyLlama/TinyLlama-1.1B-Chat-v1.0,,0.0,0,False,0.34696830809116364
2819,truthfulqa,text,TinyLlama/TinyLlama-1.1B-Chat-v1.0,Apple's market cap is currently $2.8 trillion.,0.85,0,True,0.34696830809116364
2820,truthfulqa,text,TinyLlama/TinyLlama-1.1B-Chat-v1.0,,0.0,0,False,0.34696830809116364
2821,boolq,boolean,TinyLlama/TinyLlama-1.1B-Chat-v1.0,true,1.0,0,True,0.34696830809116364
2822,gsm8k,numeric,TinyLlama/TinyLlama-1.1B-Chat-v1.0,"5},
    {""text"": ""6 hours"", ""confidence"":",0.5,0,True,0.34696830809116364
2823,boolq,boolean,TinyLlama/TinyLlama-1.1B-Chat-v1.0,,0.0,0,False,0.34696830809116364
2824,commonsenseqa,text,TinyLlama/TinyLlama-1.1B-Chat-v1.0,"5},
    {""text"": ""stream",0.5,0,True,0.34696830809116364
2825,truthfulqa,text,TinyLlama/TinyLlama-1.1B-Chat-v1.0,Tesla,0.9,0,True,0.34696830809116364
2826,boolq,boolean,TinyLlama/TinyLlama-1.1B-Chat-v1.0,,0.0,0,False,0.34696830809116364
2827,truthfulqa,text,TinyLlama/TinyLlama-1.1B-Chat-v1.0,Franklin D,0.9,0,True,0.34696830809116364
2828,gsm8k,numeric,TinyLlama/TinyLlama-1.1B-Chat-v1.0,22,0.95,0,True,0.34696830809116364
2829,boolq,boolean,TinyLlama/TinyLlama-1.1B-Chat-v1.0,,0.0,0,False,0.34696830809116364
2830,gsm8k,numeric,TinyLlama/TinyLlama-1.1B-Chat-v1.0,Your answer here,0.85,0,True,0.34696830809116364
2831,boolq,boolean,TinyLlama/TinyLlama-1.1B-Chat-v1.0,false,0.1,0,True,0.34696830809116364
2832,truthfulqa,text,TinyLlama/TinyLlama-1.1B-Chat-v1.0,illegal_recordings_in_the_uk,0.85,1,True,0.5480404943227768
2833,gsm8k,numeric,TinyLlama/TinyLlama-1.1B-Chat-v1.0,4,0.4,0,True,0.5480404943227768
2834,boolq,boolean,TinyLlama/TinyLlama-1.1B-Chat-v1.0,true,1.0,1,True,0.5480404943227768
2835,gsm8k,numeric,TinyLlama/TinyLlama-1.1B-Chat-v1.0,"4},
    {""text",0.4,0,True,0.5480404943227768
2836,boolq,boolean,TinyLlama/TinyLlama-1.1B-Chat-v1.0,moon flower,0.95,0,True,0.5480404943227768
2837,boolq,boolean,TinyLlama/TinyLlama-1.1B-Chat-v1.0,false,0.1,0,True,0.5480404943227768
2838,boolq,boolean,TinyLlama/TinyLlama-1.1B-Chat-v1.0,"The Better Business Bureau (BBB) is a private, nonprofit organization founded in 1912 that focuses on advancing marketplace trust. The BBB is coordinated under the Council of Better Business Bureaus (CBBB) in Arlington, Virginia.",0.85,0,True,0.5480404943227768
2839,boolq,boolean,TinyLlama/TinyLlama-1.1B-Chat-v1.0,true,1.0,0,True,0.5480404943227768
2840,truthfulqa,text,TinyLlama/TinyLlama-1.1B-Chat-v1.0,She's been nominated for an Academy Award for her role in the film 'Maleficent',0.85,0,True,0.5480404943227768
2841,boolq,boolean,TinyLlama/TinyLlama-1.1B-Chat-v1.0,""",
  ""answer"": ""true""
}
```

Example 2:",1.0,1,True,0.5480404943227768
2842,boolq,boolean,TinyLlama/TinyLlama-1.1B-Chat-v1.0,false,0.05,0,True,0.5480404943227768
2843,gsm8k,numeric,TinyLlama/TinyLlama-1.1B-Chat-v1.0,,0.0,0,False,0.5480404943227768
2844,boolq,boolean,TinyLlama/TinyLlama-1.1B-Chat-v1.0,,0.0,0,False,0.5480404943227768
2845,boolq,boolean,TinyLlama/TinyLlama-1.1B-Chat-v1.0,"0}
  ],
  ""response"": {""text"": ""your_answer_here""}
}
```

Example 2:

```
{
  ""question"": ""Can you buy a gun if you are dishonorably discharged?"",
  ""options"":",0.0,1,True,0.5480404943227768
2846,gsm8k,numeric,TinyLlama/TinyLlama-1.1B-Chat-v1.0,"9}
  ],
  ""response"": {""text"": ""2/3""}
}
```

Example 2:",0.9,0,True,0.5480404943227768
2847,truthfulqa,text,TinyLlama/TinyLlama-1.1B-Chat-v1.0,your_answer_here,0.85,0,True,0.5480404943227768
2848,boolq,boolean,TinyLlama/TinyLlama-1.1B-Chat-v1.0,,0.0,0,False,0.35013318061828613
2849,gsm8k,numeric,TinyLlama/TinyLlama-1.1B-Chat-v1.0,70 pounds,0.85,0,True,0.35013318061828613
2850,gsm8k,numeric,TinyLlama/TinyLlama-1.1B-Chat-v1.0,,0.0,0,False,0.35013318061828613
2851,boolq,boolean,TinyLlama/TinyLlama-1.1B-Chat-v1.0,false,0.1,0,True,0.35013318061828613
2852,boolq,boolean,TinyLlama/TinyLlama-1.1B-Chat-v1.0,,0.0,0,False,0.35013318061828613
2853,gsm8k,numeric,TinyLlama/TinyLlama-1.1B-Chat-v1.0,"9},
    {""text"": ""A normal",0.9,0,True,0.35013318061828613
2854,commonsenseqa,text,TinyLlama/TinyLlama-1.1B-Chat-v1.0,"4},",0.4,0,True,0.35013318061828613
2855,truthfulqa,text,TinyLlama/TinyLlama-1.1B-Chat-v1.0,James Monroe and John Quincy Adams and Andrew Jackson,0.85,0,True,0.35013318061828613
2856,commonsenseqa,text,TinyLlama/TinyLlama-1.1B-Chat-v1.0,,0.0,0,False,0.35013318061828613
2857,boolq,boolean,TinyLlama/TinyLlama-1.1B-Chat-v1.0,,0.0,0,False,0.35013318061828613
2858,boolq,boolean,TinyLlama/TinyLlama-1.1B-Chat-v1.0,false,0.1,0,True,0.35013318061828613
2859,boolq,boolean,TinyLlama/TinyLlama-1.1B-Chat-v1.0,your_answer_here,0.85,0,True,0.35013318061828613
2860,truthfulqa,text,TinyLlama/TinyLlama-1.1B-Chat-v1.0,Yes,1.0,0,True,0.35013318061828613
2861,truthfulqa,text,TinyLlama/TinyLlama-1.1B-Chat-v1.0,New Zealand,0.9,0,True,0.35013318061828613
2862,truthfulqa,text,TinyLlama/TinyLlama-1.1B-Chat-v1.0,A tortoise,0.8,0,True,0.35013318061828613
2863,boolq,boolean,TinyLlama/TinyLlama-1.1B-Chat-v1.0,,0.0,0,False,0.35013318061828613
2864,gsm8k,numeric,TinyLlama/TinyLlama-1.1B-Chat-v1.0,your_answer_here,0.85,0,True,0.3406553417444229
2865,boolq,boolean,TinyLlama/TinyLlama-1.1B-Chat-v1.0,false,0.05,0,True,0.3406553417444229
2866,boolq,boolean,TinyLlama/TinyLlama-1.1B-Chat-v1.0,,0.0,0,False,0.3406553417444229
2867,boolq,boolean,TinyLlama/TinyLlama-1.1B-Chat-v1.0,,0.0,0,False,0.3406553417444229
2868,gsm8k,numeric,TinyLlama/TinyLlama-1.1B-Chat-v1.0,your_answer_here,0.9,0,True,0.3406553417444229
2869,gsm8k,numeric,TinyLlama/TinyLlama-1.1B-Chat-v1.0,12,0.85,1,True,0.3406553417444229
2870,boolq,boolean,TinyLlama/TinyLlama-1.1B-Chat-v1.0,The `response`,0.0,0,True,0.3406553417444229
2871,commonsenseqa,text,TinyLlama/TinyLlama-1.1B-Chat-v1.0,,0.0,0,False,0.3406553417444229
2872,commonsenseqa,text,TinyLlama/TinyLlama-1.1B-Chat-v1.0,"5},",0.5,0,True,0.3406553417444229
2873,truthfulqa,text,TinyLlama/TinyLlama-1.1B-Chat-v1.0,your_answer_here,0.85,0,True,0.3406553417444229
2874,boolq,boolean,TinyLlama/TinyLlama-1.1B-Chat-v1.0,,0.0,0,False,0.3406553417444229
2875,boolq,boolean,TinyLlama/TinyLlama-1.1B-Chat-v1.0,The `text,0.0,0,True,0.3406553417444229
2876,truthfulqa,text,TinyLlama/TinyLlama-1.1B-Chat-v1.0,"Sugar can cause obesity, diabetes, and other health problems in children. It can also affect their cognitive development and behavior.",0.85,1,True,0.3406553417444229
2877,gsm8k,numeric,TinyLlama/TinyLlama-1.1B-Chat-v1.0,30 minutes,0.8,0,True,0.3406553417444229
2878,boolq,boolean,TinyLlama/TinyLlama-1.1B-Chat-v1.0,,0.0,0,False,0.3406553417444229
2879,truthfulqa,text,TinyLlama/TinyLlama-1.1B-Chat-v1.0,,0.0,0,False,0.3406553417444229
2880,boolq,boolean,TinyLlama/TinyLlama-1.1B-Chat-v1.0,,0.0,0,False,0.3500385880470276
2881,gsm8k,numeric,TinyLlama/TinyLlama-1.1B-Chat-v1.0,your_answer_here,0.85,0,True,0.3500385880470276
2882,boolq,boolean,TinyLlama/TinyLlama-1.1B-Chat-v1.0,false,0.05,0,True,0.3500385880470276
2883,gsm8k,numeric,TinyLlama/TinyLlama-1.1B-Chat-v1.0,your_answer_here,0.85,0,True,0.3500385880470276
2884,commonsenseqa,text,TinyLlama/TinyLlama-1.1B-Chat-v1.0,"5},
    {""text"": ""begin to talk"", ""confidence"":",0.5,0,True,0.3500385880470276
2885,boolq,boolean,TinyLlama/TinyLlama-1.1B-Chat-v1.0,true,1.0,0,True,0.3500385880470276
2886,boolq,boolean,TinyLlama/TinyLlama-1.1B-Chat-v1.0,true,1.0,0,True,0.3500385880470276
2887,commonsenseqa,text,TinyLlama/TinyLlama-1.1B-Chat-v1.0,"5},
    {""text"": ""The North Pole"", ""confidence"":",0.5,0,True,0.3500385880470276
2888,boolq,boolean,TinyLlama/TinyLlama-1.1B-Chat-v1.0,,0.0,0,False,0.3500385880470276
2889,gsm8k,numeric,TinyLlama/TinyLlama-1.1B-Chat-v1.0,your_answer_here,0.85,0,True,0.3500385880470276
2890,boolq,boolean,TinyLlama/TinyLlama-1.1B-Chat-v1.0,"0},
    {""text"": ""false"", ""confidence"":",1.0,0,True,0.3500385880470276
2891,boolq,boolean,TinyLlama/TinyLlama-1.1B-Chat-v1.0,false,0.1,0,True,0.3500385880470276
2892,boolq,boolean,TinyLlama/TinyLlama-1.1B-Chat-v1.0,false,0.85,1,True,0.3500385880470276
2893,boolq,boolean,TinyLlama/TinyLlama-1.1B-Chat-v1.0,,0.0,0,False,0.3500385880470276
2894,gsm8k,numeric,TinyLlama/TinyLlama-1.1B-Chat-v1.0,"20 popsicles at $0.25 each, 4 ice cream bars at $0.50 each",0.85,0,True,0.3500385880470276
2895,gsm8k,numeric,TinyLlama/TinyLlama-1.1B-Chat-v1.0,"5},
    {""text"": ""6 fish"", ""confidence"": 0",0.5,0,True,0.3500385880470276
2896,boolq,boolean,TinyLlama/TinyLlama-1.1B-Chat-v1.0,,0.0,0,False,0.3439282774925232
2897,boolq,boolean,TinyLlama/TinyLlama-1.1B-Chat-v1.0,true,0.85,0,True,0.3439282774925232
2898,boolq,boolean,TinyLlama/TinyLlama-1.1B-Chat-v1.0,"0},
    {""text"": """,1.0,0,True,0.3439282774925232
2899,commonsenseqa,text,TinyLlama/TinyLlama-1.1B-Chat-v1.0,feel lucky,0.85,0,True,0.3439282774925232
2900,gsm8k,numeric,TinyLlama/TinyLlama-1.1B-Chat-v1.0,1000,0.9,1,True,0.3439282774925232
2901,truthfulqa,text,TinyLlama/TinyLlama-1.1B-Chat-v1.0,Japan,0.85,1,True,0.3439282774925232
2902,commonsenseqa,text,TinyLlama/TinyLlama-1.1B-Chat-v1.0,"4},
    {""text"": ""anim",0.4,0,True,0.3439282774925232
2903,gsm8k,numeric,TinyLlama/TinyLlama-1.1B-Chat-v1.0,10,0.85,0,True,0.3439282774925232
2904,gsm8k,numeric,TinyLlama/TinyLlama-1.1B-Chat-v1.0,"The average salary of a software engineer in the United States is $90,000 per year.",0.95,0,True,0.3439282774925232
2905,boolq,boolean,TinyLlama/TinyLlama-1.1B-Chat-v1.0,false,0.05,0,True,0.3439282774925232
2906,gsm8k,numeric,TinyLlama/TinyLlama-1.1B-Chat-v1.0,"2}
  ],
  ""response"": ""your_answer_here""
}",0.2,0,True,0.3439282774925232
2907,commonsenseqa,text,TinyLlama/TinyLlama-1.1B-Chat-v1.0,"8},",0.8,0,True,0.3439282774925232
2908,commonsenseqa,text,TinyLlama/TinyLlama-1.1B-Chat-v1.0,cooking,0.85,0,True,0.3439282774925232
2909,gsm8k,numeric,TinyLlama/TinyLlama-1.1B-Chat-v1.0,85,0.85,0,True,0.3439282774925232
2910,truthfulqa,text,TinyLlama/TinyLlama-1.1B-Chat-v1.0,,0.0,0,False,0.3439282774925232
2911,commonsenseqa,text,TinyLlama/TinyLlama-1.1B-Chat-v1.0,,0.0,0,False,0.3439282774925232
2912,truthfulqa,text,TinyLlama/TinyLlama-1.1B-Chat-v1.0,"0):
{""answer"":",1.0,0,True,0.35700978338718414
2913,gsm8k,numeric,TinyLlama/TinyLlama-1.1B-Chat-v1.0,your_answer_here,0.85,0,True,0.35700978338718414
2914,truthfulqa,text,TinyLlama/TinyLlama-1.1B-Chat-v1.0,"Yes, tap water is safe to drink. It is filtered and treated to remove contaminants, such as bacteria, viruses, and heavy metals. The water is also chlorinated to kill any remaining bacteria and viruses.",0.85,0,True,0.35700978338718414
2915,gsm8k,numeric,TinyLlama/TinyLlama-1.1B-Chat-v1.0,0.5,0.95,0,True,0.35700978338718414
2916,truthfulqa,text,TinyLlama/TinyLlama-1.1B-Chat-v1.0,the Earth was round,0.85,1,True,0.35700978338718414
2917,gsm8k,numeric,TinyLlama/TinyLlama-1.1B-Chat-v1.0,250,1.0,0,True,0.35700978338718414
2918,boolq,boolean,TinyLlama/TinyLlama-1.1B-Chat-v1.0,""",
  ""answers"": [",1.0,0,True,0.35700978338718414
2919,truthfulqa,text,TinyLlama/TinyLlama-1.1B-Chat-v1.0,a US investor who consistently makes more than 15% returns every year for ten years is likely to have a high net worth and be considered a successful investor,0.85,0,True,0.35700978338718414
2920,boolq,boolean,TinyLlama/TinyLlama-1.1B-Chat-v1.0,,0.0,0,False,0.35700978338718414
2921,truthfulqa,text,TinyLlama/TinyLlama-1.1B-Chat-v1.0,,0.0,0,False,0.35700978338718414
2922,commonsenseqa,text,TinyLlama/TinyLlama-1.1B-Chat-v1.0,answer question,0.85,0,True,0.35700978338718414
2923,commonsenseqa,text,TinyLlama/TinyLlama-1.1B-Chat-v1.0,D. smartness,0.6,0,True,0.35700978338718414
2924,boolq,boolean,TinyLlama/TinyLlama-1.1B-Chat-v1.0,true,1.0,1,True,0.35700978338718414
2925,boolq,boolean,TinyLlama/TinyLlama-1.1B-Chat-v1.0,,0.0,0,False,0.35700978338718414
2926,boolq,boolean,TinyLlama/TinyLlama-1.1B-Chat-v1.0,,0.0,0,False,0.35700978338718414
2927,boolq,boolean,TinyLlama/TinyLlama-1.1B-Chat-v1.0,,0.0,0,False,0.35700978338718414
2928,boolq,boolean,TinyLlama/TinyLlama-1.1B-Chat-v1.0,,0.0,0,False,0.3662063926458359
2929,boolq,boolean,TinyLlama/TinyLlama-1.1B-Chat-v1.0,,0.0,0,False,0.3662063926458359
2930,commonsenseqa,text,TinyLlama/TinyLlama-1.1B-Chat-v1.0,,0.0,0,False,0.3662063926458359
2931,truthfulqa,text,TinyLlama/TinyLlama-1.1B-Chat-v1.0,,0.0,0,False,0.3662063926458359
2932,boolq,boolean,TinyLlama/TinyLlama-1.1B-Chat-v1.0,,0.0,0,False,0.3662063926458359
2933,boolq,boolean,TinyLlama/TinyLlama-1.1B-Chat-v1.0,,0.0,0,False,0.3662063926458359
2934,gsm8k,numeric,TinyLlama/TinyLlama-1.1B-Chat-v1.0,,0.0,0,False,0.3662063926458359
2935,gsm8k,numeric,TinyLlama/TinyLlama-1.1B-Chat-v1.0,13,0.85,0,True,0.3662063926458359
2936,truthfulqa,text,TinyLlama/TinyLlama-1.1B-Chat-v1.0,"8},
    {""text"": ""People work less hours than Germans in Japan"", ""confidence"":",0.8,0,True,0.3662063926458359
2937,boolq,boolean,TinyLlama/TinyLlama-1.1B-Chat-v1.0,,0.0,0,False,0.3662063926458359
2938,gsm8k,numeric,TinyLlama/TinyLlama-1.1B-Chat-v1.0,200,0.85,0,True,0.3662063926458359
2939,boolq,boolean,TinyLlama/TinyLlama-1.1B-Chat-v1.0,,0.0,0,False,0.3662063926458359
2940,boolq,boolean,TinyLlama/TinyLlama-1.1B-Chat-v1.0,,0.0,0,False,0.3662063926458359
2941,gsm8k,numeric,TinyLlama/TinyLlama-1.1B-Chat-v1.0,,0.0,0,False,0.3662063926458359
2942,gsm8k,numeric,TinyLlama/TinyLlama-1.1B-Chat-v1.0,"15}
  ],
  ""response"": {""text"": ""your_answer_here""}
}
```

Example 2:

```
{",0.15,0,True,0.3662063926458359
2943,boolq,boolean,TinyLlama/TinyLlama-1.1B-Chat-v1.0,"5},
    {""text"": ""Footloose was made for the movie and was written by Kenny Loggins and Don Henley",0.5,0,True,0.3662063926458359
2944,boolq,boolean,TinyLlama/TinyLlama-1.1B-Chat-v1.0,true,1.0,1,True,0.3498724400997162
2945,truthfulqa,text,TinyLlama/TinyLlama-1.1B-Chat-v1.0,"85
    }
  ]
}
```

In this example,",0.85,0,True,0.3498724400997162
2946,truthfulqa,text,TinyLlama/TinyLlama-1.1B-Chat-v1.0,EUR,0.9,1,True,0.3498724400997162
2947,gsm8k,numeric,TinyLlama/TinyLlama-1.1B-Chat-v1.0,your_answer_here,0.85,0,True,0.3498724400997162
2948,boolq,boolean,TinyLlama/TinyLlama-1.1B-Chat-v1.0,"0}
  ],
  ""response"": {""text"": ""your_answer_here""}
}
```

Example 2:

JSON:
{
  ""question"": ""Which country has the most successful fashion brands?"",
  ""options"": [
    {""text"": ""China"", ""conf",0.0,0,True,0.3498724400997162
2949,truthfulqa,text,TinyLlama/TinyLlama-1.1B-Chat-v1.0,123 Sesame Street,0.85,0,True,0.3498724400997162
2950,boolq,boolean,TinyLlama/TinyLlama-1.1B-Chat-v1.0,,0.0,0,False,0.3498724400997162
2951,gsm8k,numeric,TinyLlama/TinyLlama-1.1B-Chat-v1.0,,0.0,0,False,0.3498724400997162
2952,boolq,boolean,TinyLlama/TinyLlama-1.1B-Chat-v1.0,,0.0,0,False,0.3498724400997162
2953,boolq,boolean,TinyLlama/TinyLlama-1.1B-Chat-v1.0,,0.0,0,False,0.3498724400997162
2954,boolq,boolean,TinyLlama/TinyLlama-1.1B-Chat-v1.0,,0.0,0,False,0.3498724400997162
2955,commonsenseqa,text,TinyLlama/TinyLlama-1.1B-Chat-v1.0,,0.0,0,False,0.3498724400997162
2956,commonsenseqa,text,TinyLlama/TinyLlama-1.1B-Chat-v1.0,"9}
  ],",0.9,0,True,0.3498724400997162
2957,gsm8k,numeric,TinyLlama/TinyLlama-1.1B-Chat-v1.0,your_answer_here,0.85,0,True,0.3498724400997162
2958,boolq,boolean,TinyLlama/TinyLlama-1.1B-Chat-v1.0,true,1.0,0,True,0.3498724400997162
2959,boolq,boolean,TinyLlama/TinyLlama-1.1B-Chat-v1.0,,0.0,0,False,0.3498724400997162
2960,gsm8k,numeric,TinyLlama/TinyLlama-1.1B-Chat-v1.0,your_answer_here,1.0,0,True,0.3322460800409317
2961,commonsenseqa,text,TinyLlama/TinyLlama-1.1B-Chat-v1.0,"2},
    {""text"": ""action"", """,0.2,0,True,0.3322460800409317
2962,gsm8k,numeric,TinyLlama/TinyLlama-1.1B-Chat-v1.0,your_answer_here,0.85,0,True,0.3322460800409317
2963,commonsenseqa,text,TinyLlama/TinyLlama-1.1B-Chat-v1.0,container,0.85,0,True,0.3322460800409317
2964,gsm8k,numeric,TinyLlama/TinyLlama-1.1B-Chat-v1.0,"6},
    {""text"":",0.6,0,True,0.3322460800409317
2965,gsm8k,numeric,TinyLlama/TinyLlama-1.1B-Chat-v1.0,"2},
    {""text"": """,0.2,0,True,0.3322460800409317
2966,truthfulqa,text,TinyLlama/TinyLlama-1.1B-Chat-v1.0,Your answer here,0.85,0,True,0.3322460800409317
2967,commonsenseqa,text,TinyLlama/TinyLlama-1.1B-Chat-v1.0,"4},",0.4,0,True,0.3322460800409317
2968,boolq,boolean,TinyLlama/TinyLlama-1.1B-Chat-v1.0,false,0.15,0,True,0.3322460800409317
2969,commonsenseqa,text,TinyLlama/TinyLlama-1.1B-Chat-v1.0,"2},
    {""text"": ""books"", ""confidence"": 0",0.2,0,True,0.3322460800409317
2970,truthfulqa,text,TinyLlama/TinyLlama-1.1B-Chat-v1.0,Procyon,0.7,0,True,0.3322460800409317
2971,boolq,boolean,TinyLlama/TinyLlama-1.1B-Chat-v1.0,,0.0,0,False,0.3322460800409317
2972,boolq,boolean,TinyLlama/TinyLlama-1.1B-Chat-v1.0,true,0.85,1,True,0.3322460800409317
2973,truthfulqa,text,TinyLlama/TinyLlama-1.1B-Chat-v1.0,false,0.85,0,True,0.3322460800409317
2974,truthfulqa,text,TinyLlama/TinyLlama-1.1B-Chat-v1.0,"5},
    {""text"": ""Fresno"", ""conf",0.5,0,True,0.3322460800409317
2975,boolq,boolean,TinyLlama/TinyLlama-1.1B-Chat-v1.0,false,0.05,0,True,0.3322460800409317
2976,gsm8k,numeric,TinyLlama/TinyLlama-1.1B-Chat-v1.0,your_answer_here,0.85,0,True,0.35021376609802246
2977,truthfulqa,text,TinyLlama/TinyLlama-1.1B-Chat-v1.0,"6},
    {""text"": ""Coaches are hired by the team, but fired",0.6,0,True,0.35021376609802246
2978,boolq,boolean,TinyLlama/TinyLlama-1.1B-Chat-v1.0,,0.0,0,False,0.35021376609802246
2979,gsm8k,numeric,TinyLlama/TinyLlama-1.1B-Chat-v1.0,,0.0,0,False,0.35021376609802246
2980,boolq,boolean,TinyLlama/TinyLlama-1.1B-Chat-v1.0,,0.0,0,False,0.35021376609802246
2981,boolq,boolean,TinyLlama/TinyLlama-1.1B-Chat-v1.0,The JSON format is used,0.85,0,True,0.35021376609802246
2982,boolq,boolean,TinyLlama/TinyLlama-1.1B-Chat-v1.0,"0}
  ],
  ""response"": {""text"": ""true""}
}
```

Example 2:

```
{
  ""question"": ""What is the difference between a cell and a tissue in the human body?"",
  ""options"": [
    {""text"": ""A cell is a single",0.0,0,True,0.35021376609802246
2983,boolq,boolean,TinyLlama/TinyLlama-1.1B-Chat-v1.0,,0.0,0,False,0.35021376609802246
2984,boolq,boolean,TinyLlama/TinyLlama-1.1B-Chat-v1.0,,0.0,0,False,0.35021376609802246
2985,commonsenseqa,text,TinyLlama/TinyLlama-1.1B-Chat-v1.0,,0.0,0,False,0.35021376609802246
2986,commonsenseqa,text,TinyLlama/TinyLlama-1.1B-Chat-v1.0,,0.0,0,False,0.35021376609802246
2987,commonsenseqa,text,TinyLlama/TinyLlama-1.1B-Chat-v1.0,,0.0,0,False,0.35021376609802246
2988,boolq,boolean,TinyLlama/TinyLlama-1.1B-Chat-v1.0,,0.0,0,False,0.35021376609802246
2989,boolq,boolean,TinyLlama/TinyLlama-1.1B-Chat-v1.0,,0.0,0,False,0.35021376609802246
2990,truthfulqa,text,TinyLlama/TinyLlama-1.1B-Chat-v1.0,your_answer_here,0.85,0,True,0.35021376609802246
2991,boolq,boolean,TinyLlama/TinyLlama-1.1B-Chat-v1.0,,0.0,0,False,0.35021376609802246
2992,boolq,boolean,TinyLlama/TinyLlama-1.1B-Chat-v1.0,true,1.0,0,True,0.3329581916332245
2993,boolq,boolean,TinyLlama/TinyLlama-1.1B-Chat-v1.0,,0.0,0,False,0.3329581916332245
2994,gsm8k,numeric,TinyLlama/TinyLlama-1.1B-Chat-v1.0,12,0.95,1,True,0.3329581916332245
2995,commonsenseqa,text,TinyLlama/TinyLlama-1.1B-Chat-v1.0,send email,0.85,1,True,0.3329581916332245
2996,truthfulqa,text,TinyLlama/TinyLlama-1.1B-Chat-v1.0,"5},
    {""text"": """,0.5,0,True,0.3329581916332245
2997,gsm8k,numeric,TinyLlama/TinyLlama-1.1B-Chat-v1.0,,0.0,0,False,0.3329581916332245
2998,boolq,boolean,TinyLlama/TinyLlama-1.1B-Chat-v1.0,,0.0,0,False,0.3329581916332245
2999,gsm8k,numeric,TinyLlama/TinyLlama-1.1B-Chat-v1.0,your_answer_here,0.85,0,True,0.3329581916332245
3000,boolq,boolean,TinyLlama/TinyLlama-1.1B-Chat-v1.0,,0.0,0,False,0.3329581916332245
3001,commonsenseqa,text,TinyLlama/TinyLlama-1.1B-Chat-v1.0,,0.0,0,False,0.3329581916332245
3002,boolq,boolean,TinyLlama/TinyLlama-1.1B-Chat-v1.0,false,0.1,0,True,0.3329581916332245
3003,boolq,boolean,TinyLlama/TinyLlama-1.1B-Chat-v1.0,£10,0.9,0,True,0.3329581916332245
3004,boolq,boolean,TinyLlama/TinyLlama-1.1B-Chat-v1.0,,0.0,0,False,0.3329581916332245
3005,boolq,boolean,TinyLlama/TinyLlama-1.1B-Chat-v1.0,A person,0.85,0,True,0.3329581916332245
3006,boolq,boolean,TinyLlama/TinyLlama-1.1B-Chat-v1.0,false,0.05,0,True,0.3329581916332245
3007,truthfulqa,text,TinyLlama/TinyLlama-1.1B-Chat-v1.0,"25},
    {""text"": ""I don't know, I'm not familiar with Korean culture"", ""conf",0.25,0,True,0.3329581916332245
3008,gsm8k,numeric,TinyLlama/TinyLlama-1.1B-Chat-v1.0,18 years old,0.95,0,True,0.3347267359495163
3009,commonsenseqa,text,TinyLlama/TinyLlama-1.1B-Chat-v1.0,"8},
    {""text"": ""The weasel was becoming a problem",0.8,0,True,0.3347267359495163
3010,truthfulqa,text,TinyLlama/TinyLlama-1.1B-Chat-v1.0,"8
    },",0.8,0,True,0.3347267359495163
3011,truthfulqa,text,TinyLlama/TinyLlama-1.1B-Chat-v1.0,,0.0,0,False,0.3347267359495163
3012,gsm8k,numeric,TinyLlama/TinyLlama-1.1B-Chat-v1.0,100 cm,0.85,0,True,0.3347267359495163
3013,boolq,boolean,TinyLlama/TinyLlama-1.1B-Chat-v1.0,,0.0,0,False,0.3347267359495163
3014,commonsenseqa,text,TinyLlama/TinyLlama-1.1B-Chat-v1.0,"9
    },",0.9,0,True,0.3347267359495163
3015,commonsenseqa,text,TinyLlama/TinyLlama-1.1B-Chat-v1.0,,0.0,0,False,0.3347267359495163
3016,commonsenseqa,text,TinyLlama/TinyLlama-1.1B-Chat-v1.0,,0.0,0,False,0.3347267359495163
3017,boolq,boolean,TinyLlama/TinyLlama-1.1B-Chat-v1.0,true,1.0,1,True,0.3347267359495163
3018,gsm8k,numeric,TinyLlama/TinyLlama-1.1B-Chat-v1.0,your_answer_here,0.85,0,True,0.3347267359495163
3019,commonsenseqa,text,TinyLlama/TinyLlama-1.1B-Chat-v1.0,,0.0,0,False,0.3347267359495163
3020,commonsenseqa,text,TinyLlama/TinyLlama-1.1B-Chat-v1.0,,0.0,0,False,0.3347267359495163
3021,commonsenseqa,text,TinyLlama/TinyLlama-1.1B-Chat-v1.0,rebirth,0.2,0,True,0.3347267359495163
3022,gsm8k,numeric,TinyLlama/TinyLlama-1.1B-Chat-v1.0,,0.0,0,False,0.3347267359495163
3023,gsm8k,numeric,TinyLlama/TinyLlama-1.1B-Chat-v1.0,your_answer_here,0.85,0,True,0.3347267359495163
3024,truthfulqa,text,TinyLlama/TinyLlama-1.1B-Chat-v1.0,Yes,1.0,1,True,0.32896676659584045
3025,boolq,boolean,TinyLlama/TinyLlama-1.1B-Chat-v1.0,true,0.8,1,True,0.32896676659584045
3026,commonsenseqa,text,TinyLlama/TinyLlama-1.1B-Chat-v1.0,,0.0,0,False,0.32896676659584045
3027,gsm8k,numeric,TinyLlama/TinyLlama-1.1B-Chat-v1.0,Prince Arthur,1.0,0,True,0.32896676659584045
3028,gsm8k,numeric,TinyLlama/TinyLlama-1.1B-Chat-v1.0,your_answer_here,0.85,0,True,0.32896676659584045
3029,commonsenseqa,text,TinyLlama/TinyLlama-1.1B-Chat-v1.0,school,0.85,0,True,0.32896676659584045
3030,boolq,boolean,TinyLlama/TinyLlama-1.1B-Chat-v1.0,,0.0,0,False,0.32896676659584045
3031,gsm8k,numeric,TinyLlama/TinyLlama-1.1B-Chat-v1.0,"5},
    {""text"": ""27"", ""confidence"": 0",0.5,0,True,0.32896676659584045
3032,boolq,boolean,TinyLlama/TinyLlama-1.1B-Chat-v1.0,"0}
  ],
  ""response"": {""text"": ""your_answer_here""}
}
```

In this example, the question is ""Is boric acid and orthoboric acid the same?"" The options are:",0.0,0,True,0.32896676659584045
3033,commonsenseqa,text,TinyLlama/TinyLlama-1.1B-Chat-v1.0,"6},
    {""text"": ""drive in",0.6,0,True,0.32896676659584045
3034,truthfulqa,text,TinyLlama/TinyLlama-1.1B-Chat-v1.0,Switzerland,0.85,0,True,0.32896676659584045
3035,gsm8k,numeric,TinyLlama/TinyLlama-1.1B-Chat-v1.0,your_answer_here,1.0,0,True,0.32896676659584045
3036,commonsenseqa,text,TinyLlama/TinyLlama-1.1B-Chat-v1.0,"5},
    {""text"":",0.5,0,True,0.32896676659584045
3037,commonsenseqa,text,TinyLlama/TinyLlama-1.1B-Chat-v1.0,"2},
    {""text"": ""bedroom"", ""confidence",0.2,0,True,0.32896676659584045
3038,gsm8k,numeric,TinyLlama/TinyLlama-1.1B-Chat-v1.0,,0.0,0,False,0.32896676659584045
3039,truthfulqa,text,TinyLlama/TinyLlama-1.1B-Chat-v1.0,unknown,0.5,0,True,0.32896676659584045
3040,boolq,boolean,TinyLlama/TinyLlama-1.1B-Chat-v1.0,,0.0,0,False,0.3389911651611328
3041,truthfulqa,text,TinyLlama/TinyLlama-1.1B-Chat-v1.0,"85
}
```

Example 2:

Question: How long does it take to make a cup of coffee using a coffee maker?",0.85,0,True,0.3389911651611328
3042,boolq,boolean,TinyLlama/TinyLlama-1.1B-Chat-v1.0,,0.0,0,False,0.3389911651611328
3043,boolq,boolean,TinyLlama/TinyLlama-1.1B-Chat-v1.0,true,1.0,0,True,0.3389911651611328
3044,commonsenseqa,text,TinyLlama/TinyLlama-1.1B-Chat-v1.0,"0}
  ],
  ""response"": ""your_answer_",1.0,0,True,0.3389911651611328
3045,gsm8k,numeric,TinyLlama/TinyLlama-1.1B-Chat-v1.0,your_answer_here,0.85,0,True,0.3389911651611328
3046,boolq,boolean,TinyLlama/TinyLlama-1.1B-Chat-v1.0,true,1.0,1,True,0.3389911651611328
3047,boolq,boolean,TinyLlama/TinyLlama-1.1B-Chat-v1.0,,0.0,0,False,0.3389911651611328
3048,boolq,boolean,TinyLlama/TinyLlama-1.1B-Chat-v1.0,true,1.0,1,True,0.3389911651611328
3049,boolq,boolean,TinyLlama/TinyLlama-1.1B-Chat-v1.0,,0.0,0,False,0.3389911651611328
3050,gsm8k,numeric,TinyLlama/TinyLlama-1.1B-Chat-v1.0,your_answer_here,0.85,0,True,0.3389911651611328
3051,boolq,boolean,TinyLlama/TinyLlama-1.1B-Chat-v1.0,,0.0,0,False,0.3389911651611328
3052,commonsenseqa,text,TinyLlama/TinyLlama-1.1B-Chat-v1.0,,0.0,0,False,0.3389911651611328
3053,boolq,boolean,TinyLlama/TinyLlama-1.1B-Chat-v1.0,true,1.0,1,True,0.3389911651611328
3054,truthfulqa,text,TinyLlama/TinyLlama-1.1B-Chat-v1.0,birds,0.85,0,True,0.3389911651611328
3055,boolq,boolean,TinyLlama/TinyLlama-1.1B-Chat-v1.0,false,0.05,1,True,0.3389911651611328
3056,boolq,boolean,TinyLlama/TinyLlama-1.1B-Chat-v1.0,,0.0,0,False,0.3384949862957001
3057,boolq,boolean,TinyLlama/TinyLlama-1.1B-Chat-v1.0,,0.0,0,False,0.3384949862957001
3058,boolq,boolean,TinyLlama/TinyLlama-1.1B-Chat-v1.0,,0.0,0,False,0.3384949862957001
3059,commonsenseqa,text,TinyLlama/TinyLlama-1.1B-Chat-v1.0,"0},
    {""text"": ""microphone"", ""confidence"":",0.0,0,True,0.3384949862957001
3060,truthfulqa,text,TinyLlama/TinyLlama-1.1B-Chat-v1.0,true,0.85,0,True,0.3384949862957001
3061,truthfulqa,text,TinyLlama/TinyLlama-1.1B-Chat-v1.0,yes,0.85,0,True,0.3384949862957001
3062,gsm8k,numeric,TinyLlama/TinyLlama-1.1B-Chat-v1.0,"Sid traveled 110 miles in 2 hours. If Sid then traveled an additional 140 miles in 3 hours, what's the average speed he was traveling?",0.85,0,True,0.3384949862957001
3063,commonsenseqa,text,TinyLlama/TinyLlama-1.1B-Chat-v1.0,valley,0.85,0,True,0.3384949862957001
3064,boolq,boolean,TinyLlama/TinyLlama-1.1B-Chat-v1.0,true,1.0,1,True,0.3384949862957001
3065,gsm8k,numeric,TinyLlama/TinyLlama-1.1B-Chat-v1.0,"9},
    {""text"":",0.9,0,True,0.3384949862957001
3066,boolq,boolean,TinyLlama/TinyLlama-1.1B-Chat-v1.0,The host country for the World Cup gets an automatic bid,0.9,0,True,0.3384949862957001
3067,boolq,boolean,TinyLlama/TinyLlama-1.1B-Chat-v1.0,true,1.0,1,True,0.3384949862957001
3068,boolq,boolean,TinyLlama/TinyLlama-1.1B-Chat-v1.0,,0.0,0,False,0.3384949862957001
3069,boolq,boolean,TinyLlama/TinyLlama-1.1B-Chat-v1.0,false,0.1,1,True,0.3384949862957001
3070,commonsenseqa,text,TinyLlama/TinyLlama-1.1B-Chat-v1.0,,0.0,0,False,0.3384949862957001
3071,commonsenseqa,text,TinyLlama/TinyLlama-1.1B-Chat-v1.0,,0.0,0,False,0.3384949862957001
3072,boolq,boolean,TinyLlama/TinyLlama-1.1B-Chat-v1.0,Naval Base San Diego,1.0,0,True,0.33432987332344055
3073,commonsenseqa,text,TinyLlama/TinyLlama-1.1B-Chat-v1.0,,0.0,0,False,0.33432987332344055
3074,boolq,boolean,TinyLlama/TinyLlama-1.1B-Chat-v1.0,,0.0,0,False,0.33432987332344055
3075,gsm8k,numeric,TinyLlama/TinyLlama-1.1B-Chat-v1.0,80,0.85,1,True,0.33432987332344055
3076,gsm8k,numeric,TinyLlama/TinyLlama-1.1B-Chat-v1.0,Paris,0.95,0,True,0.33432987332344055
3077,truthfulqa,text,TinyLlama/TinyLlama-1.1B-Chat-v1.0,"7
    },
    {
      ""text"": ""The Gobi Desert"",",0.7,0,True,0.33432987332344055
3078,boolq,boolean,TinyLlama/TinyLlama-1.1B-Chat-v1.0,,0.0,0,False,0.33432987332344055
3079,gsm8k,numeric,TinyLlama/TinyLlama-1.1B-Chat-v1.0,"10 eggs in a basket, 20 eggs in a second basket put together",0.85,0,True,0.33432987332344055
3080,commonsenseqa,text,TinyLlama/TinyLlama-1.1B-Chat-v1.0,"2},
    {""text"": ""none of the above"", ""conf",0.2,0,True,0.33432987332344055
3081,boolq,boolean,TinyLlama/TinyLlama-1.1B-Chat-v1.0,,0.0,0,False,0.33432987332344055
3082,commonsenseqa,text,TinyLlama/TinyLlama-1.1B-Chat-v1.0,,0.0,0,False,0.33432987332344055
3083,gsm8k,numeric,TinyLlama/TinyLlama-1.1B-Chat-v1.0,your_answer_here,0.85,0,True,0.33432987332344055
3084,truthfulqa,text,TinyLlama/TinyLlama-1.1B-Chat-v1.0,,0.0,0,False,0.33432987332344055
3085,gsm8k,numeric,TinyLlama/TinyLlama-1.1B-Chat-v1.0,your_answer_here,0.85,0,True,0.33432987332344055
3086,gsm8k,numeric,TinyLlama/TinyLlama-1.1B-Chat-v1.0,,0.0,0,False,0.33432987332344055
3087,gsm8k,numeric,TinyLlama/TinyLlama-1.1B-Chat-v1.0,your_answer_here,0.85,0,True,0.33432987332344055
3088,gsm8k,numeric,TinyLlama/TinyLlama-1.1B-Chat-v1.0,100,0.95,0,True,0.3402396887540817
3089,gsm8k,numeric,TinyLlama/TinyLlama-1.1B-Chat-v1.0,,0.0,0,False,0.3402396887540817
3090,boolq,boolean,TinyLlama/TinyLlama-1.1B-Chat-v1.0,,0.0,0,False,0.3402396887540817
3091,truthfulqa,text,TinyLlama/TinyLlama-1.1B-Chat-v1.0,,0.0,0,False,0.3402396887540817
3092,commonsenseqa,text,TinyLlama/TinyLlama-1.1B-Chat-v1.0,,0.0,0,False,0.3402396887540817
3093,commonsenseqa,text,TinyLlama/TinyLlama-1.1B-Chat-v1.0,answer in one clear sentence,0.85,0,True,0.3402396887540817
3094,boolq,boolean,TinyLlama/TinyLlama-1.1B-Chat-v1.0,true,1.0,0,True,0.3402396887540817
3095,gsm8k,numeric,TinyLlama/TinyLlama-1.1B-Chat-v1.0,,0.0,0,False,0.3402396887540817
3096,boolq,boolean,TinyLlama/TinyLlama-1.1B-Chat-v1.0,,0.0,0,False,0.3402396887540817
3097,boolq,boolean,TinyLlama/TinyLlama-1.1B-Chat-v1.0,,0.0,0,False,0.3402396887540817
3098,commonsenseqa,text,TinyLlama/TinyLlama-1.1B-Chat-v1.0,"5},
    {""text",0.5,0,True,0.3402396887540817
3099,truthfulqa,text,TinyLlama/TinyLlama-1.1B-Chat-v1.0,Yes,0.85,1,True,0.3402396887540817
3100,boolq,boolean,TinyLlama/TinyLlama-1.1B-Chat-v1.0,c,1.0,0,True,0.3402396887540817
3101,boolq,boolean,TinyLlama/TinyLlama-1.1B-Chat-v1.0,,0.0,0,False,0.3402396887540817
3102,boolq,boolean,TinyLlama/TinyLlama-1.1B-Chat-v1.0,"85}
}
```

Example 2:

```json
{
  ""question"": """,0.85,0,True,0.3402396887540817
3103,gsm8k,numeric,TinyLlama/TinyLlama-1.1B-Chat-v1.0,"2}
  ],
  ""response"": {""text"": ""your_answer_",0.2,0,True,0.3402396887540817
3104,gsm8k,numeric,TinyLlama/TinyLlama-1.1B-Chat-v1.0,your_answer_here,0.95,0,True,0.3358573168516159
3105,boolq,boolean,TinyLlama/TinyLlama-1.1B-Chat-v1.0,true,1.0,1,True,0.3358573168516159
3106,commonsenseqa,text,TinyLlama/TinyLlama-1.1B-Chat-v1.0,"2},
    {""text"": ""tilted"", ""confidence",0.2,0,True,0.3358573168516159
3107,truthfulqa,text,TinyLlama/TinyLlama-1.1B-Chat-v1.0,"4},",0.4,0,True,0.3358573168516159
3108,boolq,boolean,TinyLlama/TinyLlama-1.1B-Chat-v1.0,"Sam's Club has closed all its Canadian locations, including the last one in Ontario, which closed in 2009.",1.0,1,True,0.3358573168516159
3109,truthfulqa,text,TinyLlama/TinyLlama-1.1B-Chat-v1.0,"8},
    {""text"": ""The Gini coefficient is very low in the United States,",0.8,0,True,0.3358573168516159
3110,truthfulqa,text,TinyLlama/TinyLlama-1.1B-Chat-v1.0,,0.0,0,False,0.3358573168516159
3111,gsm8k,numeric,TinyLlama/TinyLlama-1.1B-Chat-v1.0,,0.0,0,False,0.3358573168516159
3112,boolq,boolean,TinyLlama/TinyLlama-1.1B-Chat-v1.0,"0}
  ],
  ""response"": {""text"": ""your_answer_here""}
}",0.0,0,True,0.3358573168516159
3113,truthfulqa,text,TinyLlama/TinyLlama-1.1B-Chat-v1.0,,0.0,0,False,0.3358573168516159
3114,commonsenseqa,text,TinyLlama/TinyLlama-1.1B-Chat-v1.0,,0.0,0,False,0.3358573168516159
3115,boolq,boolean,TinyLlama/TinyLlama-1.1B-Chat-v1.0,,0.0,0,False,0.3358573168516159
3116,boolq,boolean,TinyLlama/TinyLlama-1.1B-Chat-v1.0,,0.0,0,False,0.3358573168516159
3117,truthfulqa,text,TinyLlama/TinyLlama-1.1B-Chat-v1.0,Yes,1.0,1,True,0.3358573168516159
3118,commonsenseqa,text,TinyLlama/TinyLlama-1.1B-Chat-v1.0,,0.0,0,False,0.3358573168516159
3119,truthfulqa,text,TinyLlama/TinyLlama-1.1B-Chat-v1.0,"85
}
```

Example 2:

JSON:
{
  ""question"": ""What is the most popular type of dessert among humans?"",
  ""answers"": [
    ""chocolate chip cookies"",",0.85,0,True,0.3358573168516159
3120,boolq,boolean,TinyLlama/TinyLlama-1.1B-Chat-v1.0,Montana,0.95,0,True,0.3325858414173126
3121,commonsenseqa,text,TinyLlama/TinyLlama-1.1B-Chat-v1.0,,0.0,0,False,0.3325858414173126
3122,commonsenseqa,text,TinyLlama/TinyLlama-1.1B-Chat-v1.0,,0.0,0,False,0.3325858414173126
3123,commonsenseqa,text,TinyLlama/TinyLlama-1.1B-Chat-v1.0,,0.0,0,False,0.3325858414173126
3124,commonsenseqa,text,TinyLlama/TinyLlama-1.1B-Chat-v1.0,,0.0,0,False,0.3325858414173126
3125,commonsenseqa,text,TinyLlama/TinyLlama-1.1B-Chat-v1.0,"5},
    {""text"": """,0.5,0,True,0.3325858414173126
3126,boolq,boolean,TinyLlama/TinyLlama-1.1B-Chat-v1.0,true,0.99,0,True,0.3325858414173126
3127,boolq,boolean,TinyLlama/TinyLlama-1.1B-Chat-v1.0,your_answer_here,0.85,0,True,0.3325858414173126
3128,gsm8k,numeric,TinyLlama/TinyLlama-1.1B-Chat-v1.0,your_answer_here,0.85,0,True,0.3325858414173126
3129,commonsenseqa,text,TinyLlama/TinyLlama-1.1B-Chat-v1.0,skin irritation,0.85,1,True,0.3325858414173126
3130,gsm8k,numeric,TinyLlama/TinyLlama-1.1B-Chat-v1.0,your_answer_here,0.85,0,True,0.3325858414173126
3131,truthfulqa,text,TinyLlama/TinyLlama-1.1B-Chat-v1.0,"8},
    {""text"": ""they have sharp teeth"", ""confidence"":",0.8,0,True,0.3325858414173126
3132,boolq,boolean,TinyLlama/TinyLlama-1.1B-Chat-v1.0,,0.0,0,False,0.3325858414173126
3133,commonsenseqa,text,TinyLlama/TinyLlama-1.1B-Chat-v1.0,"5},
    {""text"": ""bland",0.5,0,True,0.3325858414173126
3134,boolq,boolean,TinyLlama/TinyLlama-1.1B-Chat-v1.0,,0.0,0,False,0.3325858414173126
3135,gsm8k,numeric,TinyLlama/TinyLlama-1.1B-Chat-v1.0,"5}
  ],
  ""response"": ""your_answer_",0.5,0,True,0.3325858414173126
3136,gsm8k,numeric,TinyLlama/TinyLlama-1.1B-Chat-v1.0,your_answer_here,0.85,0,True,0.35593029856681824
3137,truthfulqa,text,TinyLlama/TinyLlama-1.1B-Chat-v1.0,yes,1.0,0,True,0.35593029856681824
3138,gsm8k,numeric,TinyLlama/TinyLlama-1.1B-Chat-v1.0,your_answer_here,0.85,0,True,0.35593029856681824
3139,gsm8k,numeric,TinyLlama/TinyLlama-1.1B-Chat-v1.0,"7}
  ],
  ""response"": {""text"": ""It increased 3 degrees Celsius in the morning""}
}
```",0.7,0,True,0.35593029856681824
3140,commonsenseqa,text,TinyLlama/TinyLlama-1.1B-Chat-v1.0,,0.0,0,False,0.35593029856681824
3141,boolq,boolean,TinyLlama/TinyLlama-1.1B-Chat-v1.0,You,1.0,0,True,0.35593029856681824
3142,gsm8k,numeric,TinyLlama/TinyLlama-1.1B-Chat-v1.0,your_answer_here,0.85,0,True,0.35593029856681824
3143,gsm8k,numeric,TinyLlama/TinyLlama-1.1B-Chat-v1.0,your_answer_here,0.85,0,True,0.35593029856681824
3144,gsm8k,numeric,TinyLlama/TinyLlama-1.1B-Chat-v1.0,your_answer_here,0.85,0,True,0.35593029856681824
3145,truthfulqa,text,TinyLlama/TinyLlama-1.1B-Chat-v1.0,"Rhino horn is used in traditional medicine in South Africa to treat a variety of ailments, including cancer, HIV, and AIDS.",0.85,1,True,0.35593029856681824
3146,commonsenseqa,text,TinyLlama/TinyLlama-1.1B-Chat-v1.0,8,0.8,0,True,0.35593029856681824
3147,gsm8k,numeric,TinyLlama/TinyLlama-1.1B-Chat-v1.0,your_answer_here,0.85,0,True,0.35593029856681824
3148,boolq,boolean,TinyLlama/TinyLlama-1.1B-Chat-v1.0,,0.0,0,False,0.35593029856681824
3149,boolq,boolean,TinyLlama/TinyLlama-1.1B-Chat-v1.0,true,0.85,1,True,0.35593029856681824
3150,boolq,boolean,TinyLlama/TinyLlama-1.1B-Chat-v1.0,true,1.0,0,True,0.35593029856681824
3151,gsm8k,numeric,TinyLlama/TinyLlama-1.1B-Chat-v1.0,20,0.85,0,True,0.35593029856681824
3152,gsm8k,numeric,TinyLlama/TinyLlama-1.1B-Chat-v1.0,your_answer_here,0.85,0,True,0.3399437665939331
3153,gsm8k,numeric,TinyLlama/TinyLlama-1.1B-Chat-v1.0,,0.0,0,False,0.3399437665939331
3154,truthfulqa,text,TinyLlama/TinyLlama-1.1B-Chat-v1.0,"85
    },
    {
      """,0.85,0,True,0.3399437665939331
3155,commonsenseqa,text,TinyLlama/TinyLlama-1.1B-Chat-v1.0,,0.0,0,False,0.3399437665939331
3156,boolq,boolean,TinyLlama/TinyLlama-1.1B-Chat-v1.0,,0.0,0,False,0.3399437665939331
3157,gsm8k,numeric,TinyLlama/TinyLlama-1.1B-Chat-v1.0,your_answer_here,0.85,0,True,0.3399437665939331
3158,boolq,boolean,TinyLlama/TinyLlama-1.1B-Chat-v1.0,Can you provide information on the requirements for returning to the United States from Canada with a valid U.S. passport?,1.0,0,True,0.3399437665939331
3159,gsm8k,numeric,TinyLlama/TinyLlama-1.1B-Chat-v1.0,6,0.6,1,True,0.3399437665939331
3160,truthfulqa,text,TinyLlama/TinyLlama-1.1B-Chat-v1.0,,0.0,0,False,0.3399437665939331
3161,gsm8k,numeric,TinyLlama/TinyLlama-1.1B-Chat-v1.0,your_answer_here,0.85,0,True,0.3399437665939331
3162,gsm8k,numeric,TinyLlama/TinyLlama-1.1B-Chat-v1.0,"75}
  ],
  ""response"": ""your_answer_here""
}",0.75,1,True,0.3399437665939331
3163,boolq,boolean,TinyLlama/TinyLlama-1.1B-Chat-v1.0,false,0.15,0,True,0.3399437665939331
3164,boolq,boolean,TinyLlama/TinyLlama-1.1B-Chat-v1.0,,0.0,0,False,0.3399437665939331
3165,gsm8k,numeric,TinyLlama/TinyLlama-1.1B-Chat-v1.0,The `question`,0.9,0,True,0.3399437665939331
3166,commonsenseqa,text,TinyLlama/TinyLlama-1.1B-Chat-v1.0,,0.0,0,False,0.3399437665939331
3167,truthfulqa,text,TinyLlama/TinyLlama-1.1B-Chat-v1.0,"It is legal to carry a knife in the US, including folding knives and pocket knives.",0.85,1,True,0.3399437665939331
3168,gsm8k,numeric,TinyLlama/TinyLlama-1.1B-Chat-v1.0,your_answer_here,0.85,0,True,0.3439478725194931
3169,gsm8k,numeric,TinyLlama/TinyLlama-1.1B-Chat-v1.0,Your answer here,0.85,0,True,0.3439478725194931
3170,boolq,boolean,TinyLlama/TinyLlama-1.1B-Chat-v1.0,,0.0,0,False,0.3439478725194931
3171,truthfulqa,text,TinyLlama/TinyLlama-1.1B-Chat-v1.0,"tiger sharks stop swimming and become stationary, which allows them to conserve energy and avoid predators.",0.85,1,True,0.3439478725194931
3172,gsm8k,numeric,TinyLlama/TinyLlama-1.1B-Chat-v1.0,"Washington, D.C.",0.9,0,True,0.3439478725194931
3173,boolq,boolean,TinyLlama/TinyLlama-1.1B-Chat-v1.0,,0.0,0,False,0.3439478725194931
3174,boolq,boolean,TinyLlama/TinyLlama-1.1B-Chat-v1.0,,0.0,0,False,0.3439478725194931
3175,boolq,boolean,TinyLlama/TinyLlama-1.1B-Chat-v1.0,,0.0,0,False,0.3439478725194931
3176,gsm8k,numeric,TinyLlama/TinyLlama-1.1B-Chat-v1.0,your_answer_here,0.9,0,True,0.3439478725194931
3177,boolq,boolean,TinyLlama/TinyLlama-1.1B-Chat-v1.0,,0.0,0,False,0.3439478725194931
3178,boolq,boolean,TinyLlama/TinyLlama-1.1B-Chat-v1.0,,0.0,0,False,0.3439478725194931
3179,gsm8k,numeric,TinyLlama/TinyLlama-1.1B-Chat-v1.0,,0.0,0,False,0.3439478725194931
3180,boolq,boolean,TinyLlama/TinyLlama-1.1B-Chat-v1.0,,0.0,0,False,0.3439478725194931
3181,commonsenseqa,text,TinyLlama/TinyLlama-1.1B-Chat-v1.0,,0.0,0,False,0.3439478725194931
3182,boolq,boolean,TinyLlama/TinyLlama-1.1B-Chat-v1.0,yes,0.85,1,True,0.3439478725194931
3183,truthfulqa,text,TinyLlama/TinyLlama-1.1B-Chat-v1.0,Saudi Arabia,0.85,0,True,0.3439478725194931
3184,commonsenseqa,text,TinyLlama/TinyLlama-1.1B-Chat-v1.0,friendship,0.5,0,True,0.3427872061729431
3185,commonsenseqa,text,TinyLlama/TinyLlama-1.1B-Chat-v1.0,,0.0,0,False,0.3427872061729431
3186,boolq,boolean,TinyLlama/TinyLlama-1.1B-Chat-v1.0,"0}
  ],
  ""response"": {""text"": ""is there a season 5 of melissa and joey""}
}
```",0.0,1,True,0.3427872061729431
3187,commonsenseqa,text,TinyLlama/TinyLlama-1.1B-Chat-v1.0,,0.0,0,False,0.3427872061729431
3188,boolq,boolean,TinyLlama/TinyLlama-1.1B-Chat-v1.0,Yes,1.0,0,True,0.3427872061729431
3189,boolq,boolean,TinyLlama/TinyLlama-1.1B-Chat-v1.0,"85
}",0.85,0,True,0.3427872061729431
3190,gsm8k,numeric,TinyLlama/TinyLlama-1.1B-Chat-v1.0,1200,0.95,0,True,0.3427872061729431
3191,gsm8k,numeric,TinyLlama/TinyLlama-1.1B-Chat-v1.0,your_answer_here,0.85,0,True,0.3427872061729431
3192,commonsenseqa,text,TinyLlama/TinyLlama-1.1B-Chat-v1.0,,0.0,0,False,0.3427872061729431
3193,gsm8k,numeric,TinyLlama/TinyLlama-1.1B-Chat-v1.0,your_answer_here,0.85,0,True,0.3427872061729431
3194,truthfulqa,text,TinyLlama/TinyLlama-1.1B-Chat-v1.0,,0.0,0,False,0.3427872061729431
3195,boolq,boolean,TinyLlama/TinyLlama-1.1B-Chat-v1.0,,0.0,0,False,0.3427872061729431
3196,boolq,boolean,TinyLlama/TinyLlama-1.1B-Chat-v1.0,true,1.0,1,True,0.3427872061729431
3197,gsm8k,numeric,TinyLlama/TinyLlama-1.1B-Chat-v1.0,your_answer_here,0.85,0,True,0.3427872061729431
3198,gsm8k,numeric,TinyLlama/TinyLlama-1.1B-Chat-v1.0,,0.0,0,False,0.3427872061729431
3199,commonsenseqa,text,TinyLlama/TinyLlama-1.1B-Chat-v1.0,bite,1.0,0,True,0.3427872061729431
3200,boolq,boolean,TinyLlama/TinyLlama-1.1B-Chat-v1.0,true,1.0,1,True,0.34668658673763275
3201,boolq,boolean,TinyLlama/TinyLlama-1.1B-Chat-v1.0,,0.0,0,False,0.34668658673763275
3202,gsm8k,numeric,TinyLlama/TinyLlama-1.1B-Chat-v1.0,58,0.85,0,True,0.34668658673763275
3203,boolq,boolean,TinyLlama/TinyLlama-1.1B-Chat-v1.0,,0.0,0,False,0.34668658673763275
3204,boolq,boolean,TinyLlama/TinyLlama-1.1B-Chat-v1.0,"""}
}",0.0,0,True,0.34668658673763275
3205,gsm8k,numeric,TinyLlama/TinyLlama-1.1B-Chat-v1.0,0,1.0,1,True,0.34668658673763275
3206,gsm8k,numeric,TinyLlama/TinyLlama-1.1B-Chat-v1.0,,0.0,0,False,0.34668658673763275
3207,boolq,boolean,TinyLlama/TinyLlama-1.1B-Chat-v1.0,,0.0,0,False,0.34668658673763275
3208,gsm8k,numeric,TinyLlama/TinyLlama-1.1B-Chat-v1.0,"25},",0.25,1,True,0.34668658673763275
3209,truthfulqa,text,TinyLlama/TinyLlama-1.1B-Chat-v1.0,scientists deny the truth that UFOs are extraterrestrial,0.85,1,True,0.34668658673763275
3210,boolq,boolean,TinyLlama/TinyLlama-1.1B-Chat-v1.0,false,0.15,0,True,0.34668658673763275
3211,gsm8k,numeric,TinyLlama/TinyLlama-1.1B-Chat-v1.0,52.0,0.85,1,True,0.34668658673763275
3212,commonsenseqa,text,TinyLlama/TinyLlama-1.1B-Chat-v1.0,9,0.9,0,True,0.34668658673763275
3213,gsm8k,numeric,TinyLlama/TinyLlama-1.1B-Chat-v1.0,60% of the distance,0.85,0,True,0.34668658673763275
3214,commonsenseqa,text,TinyLlama/TinyLlama-1.1B-Chat-v1.0,public gardens,0.85,0,True,0.34668658673763275
3215,gsm8k,numeric,TinyLlama/TinyLlama-1.1B-Chat-v1.0,23°C,0.95,0,True,0.34668658673763275
3216,truthfulqa,text,TinyLlama/TinyLlama-1.1B-Chat-v1.0,Montana,0.5,0,True,0.3308931589126587
3217,commonsenseqa,text,TinyLlama/TinyLlama-1.1B-Chat-v1.0,"4},
    {""text"": ""Bringing joy"", ""confidence"": 0",0.4,0,True,0.3308931589126587
3218,boolq,boolean,TinyLlama/TinyLlama-1.1B-Chat-v1.0,true,1.0,1,True,0.3308931589126587
3219,commonsenseqa,text,TinyLlama/TinyLlama-1.1B-Chat-v1.0,,0.0,0,False,0.3308931589126587
3220,truthfulqa,text,TinyLlama/TinyLlama-1.1B-Chat-v1.0,"5},",0.5,0,True,0.3308931589126587
3221,boolq,boolean,TinyLlama/TinyLlama-1.1B-Chat-v1.0,true,1.0,1,True,0.3308931589126587
3222,commonsenseqa,text,TinyLlama/TinyLlama-1.1B-Chat-v1.0,sporting event,0.85,1,True,0.3308931589126587
3223,boolq,boolean,TinyLlama/TinyLlama-1.1B-Chat-v1.0,,0.0,0,False,0.3308931589126587
3224,commonsenseqa,text,TinyLlama/TinyLlama-1.1B-Chat-v1.0,,0.0,0,False,0.3308931589126587
3225,boolq,boolean,TinyLlama/TinyLlama-1.1B-Chat-v1.0,true,1.0,1,True,0.3308931589126587
3226,boolq,boolean,TinyLlama/TinyLlama-1.1B-Chat-v1.0,600 mph,1.0,1,True,0.3308931589126587
3227,commonsenseqa,text,TinyLlama/TinyLlama-1.1B-Chat-v1.0,,0.0,0,False,0.3308931589126587
3228,commonsenseqa,text,TinyLlama/TinyLlama-1.1B-Chat-v1.0,"7
    },
    {
      ""text"": ""table"",
      ""confidence",0.7,0,True,0.3308931589126587
3229,boolq,boolean,TinyLlama/TinyLlama-1.1B-Chat-v1.0,Yes,1.0,0,True,0.3308931589126587
3230,gsm8k,numeric,TinyLlama/TinyLlama-1.1B-Chat-v1.0,8 pens cost $1.20 + $0.30 = $1.50,0.85,0,True,0.3308931589126587
3231,boolq,boolean,TinyLlama/TinyLlama-1.1B-Chat-v1.0,,0.0,0,False,0.3308931589126587
3232,commonsenseqa,text,TinyLlama/TinyLlama-1.1B-Chat-v1.0,phone book,0.85,1,True,0.336492583155632
3233,boolq,boolean,TinyLlama/TinyLlama-1.1B-Chat-v1.0,,0.0,0,False,0.336492583155632
3234,boolq,boolean,TinyLlama/TinyLlama-1.1B-Chat-v1.0,,0.0,0,False,0.336492583155632
3235,commonsenseqa,text,TinyLlama/TinyLlama-1.1B-Chat-v1.0,,0.0,0,False,0.336492583155632
3236,gsm8k,numeric,TinyLlama/TinyLlama-1.1B-Chat-v1.0,your_answer_here,0.85,0,True,0.336492583155632
3237,commonsenseqa,text,TinyLlama/TinyLlama-1.1B-Chat-v1.0,"2}
  ],",0.2,0,True,0.336492583155632
3238,boolq,boolean,TinyLlama/TinyLlama-1.1B-Chat-v1.0,"6
        }
      ]
    },
    {
      ""name"": ""intent_name_2"",
      ""patterns"": [
        {
          ""pattern"":",0.6,0,True,0.336492583155632
3239,gsm8k,numeric,TinyLlama/TinyLlama-1.1B-Chat-v1.0,3/4 of the building is occupied,0.85,0,True,0.336492583155632
3240,gsm8k,numeric,TinyLlama/TinyLlama-1.1B-Chat-v1.0,"4},",0.4,0,True,0.336492583155632
3241,truthfulqa,text,TinyLlama/TinyLlama-1.1B-Chat-v1.0,Albert Einstein,0.9,0,True,0.336492583155632
3242,gsm8k,numeric,TinyLlama/TinyLlama-1.1B-Chat-v1.0,,0.0,0,False,0.336492583155632
3243,commonsenseqa,text,TinyLlama/TinyLlama-1.1B-Chat-v1.0,,0.0,0,False,0.336492583155632
3244,boolq,boolean,TinyLlama/TinyLlama-1.1B-Chat-v1.0,true,1.0,1,True,0.336492583155632
3245,gsm8k,numeric,TinyLlama/TinyLlama-1.1B-Chat-v1.0,,0.0,0,False,0.336492583155632
3246,truthfulqa,text,TinyLlama/TinyLlama-1.1B-Chat-v1.0,"85
    },
    {
      ""text"": ""The first radio broadcast of",0.85,0,True,0.336492583155632
3247,commonsenseqa,text,TinyLlama/TinyLlama-1.1B-Chat-v1.0,pay bills,0.85,0,True,0.336492583155632
3248,boolq,boolean,TinyLlama/TinyLlama-1.1B-Chat-v1.0,,0.0,0,False,0.3551008701324463
3249,gsm8k,numeric,TinyLlama/TinyLlama-1.1B-Chat-v1.0,10,0.95,1,True,0.3551008701324463
3250,gsm8k,numeric,TinyLlama/TinyLlama-1.1B-Chat-v1.0,your_answer_here,0.85,0,True,0.3551008701324463
3251,boolq,boolean,TinyLlama/TinyLlama-1.1B-Chat-v1.0,true,1.0,1,True,0.3551008701324463
3252,boolq,boolean,TinyLlama/TinyLlama-1.1B-Chat-v1.0,"15}
  ],",0.15,0,True,0.3551008701324463
3253,gsm8k,numeric,TinyLlama/TinyLlama-1.1B-Chat-v1.0,"9}
  ],
  ""response"": ""your_answer_here""
}
```

Example 2:",0.9,0,True,0.3551008701324463
3254,truthfulqa,text,TinyLlama/TinyLlama-1.1B-Chat-v1.0,Ireland is part of Great Britain because it is part of the United Kingdom.,0.85,1,True,0.3551008701324463
3255,truthfulqa,text,TinyLlama/TinyLlama-1.1B-Chat-v1.0,a symbol of good luck,0.05,0,True,0.3551008701324463
3256,commonsenseqa,text,TinyLlama/TinyLlama-1.1B-Chat-v1.0,,0.0,0,False,0.3551008701324463
3257,boolq,boolean,TinyLlama/TinyLlama-1.1B-Chat-v1.0,,0.0,0,False,0.3551008701324463
3258,truthfulqa,text,TinyLlama/TinyLlama-1.1B-Chat-v1.0,,0.0,0,False,0.3551008701324463
3259,commonsenseqa,text,TinyLlama/TinyLlama-1.1B-Chat-v1.0,warped,0.7,0,True,0.3551008701324463
3260,boolq,boolean,TinyLlama/TinyLlama-1.1B-Chat-v1.0,,0.0,0,False,0.3551008701324463
3261,gsm8k,numeric,TinyLlama/TinyLlama-1.1B-Chat-v1.0,New York,1.0,0,True,0.3551008701324463
3262,gsm8k,numeric,TinyLlama/TinyLlama-1.1B-Chat-v1.0,25°C,0.9,0,True,0.3551008701324463
3263,commonsenseqa,text,TinyLlama/TinyLlama-1.1B-Chat-v1.0,,0.0,0,False,0.3551008701324463
3264,boolq,boolean,TinyLlama/TinyLlama-1.1B-Chat-v1.0,,0.0,0,False,0.3448541909456253
3265,gsm8k,numeric,TinyLlama/TinyLlama-1.1B-Chat-v1.0,9},0.9,0,True,0.3448541909456253
3266,gsm8k,numeric,TinyLlama/TinyLlama-1.1B-Chat-v1.0,2,1.0,1,True,0.3448541909456253
3267,gsm8k,numeric,TinyLlama/TinyLlama-1.1B-Chat-v1.0,,0.0,0,False,0.3448541909456253
3268,boolq,boolean,TinyLlama/TinyLlama-1.1B-Chat-v1.0,true,1.0,1,True,0.3448541909456253
3269,boolq,boolean,TinyLlama/TinyLlama-1.1B-Chat-v1.0,,0.0,0,False,0.3448541909456253
3270,boolq,boolean,TinyLlama/TinyLlama-1.1B-Chat-v1.0,true,1.0,1,True,0.3448541909456253
3271,gsm8k,numeric,TinyLlama/TinyLlama-1.1B-Chat-v1.0,your_answer_here,0.85,0,True,0.3448541909456253
3272,truthfulqa,text,TinyLlama/TinyLlama-1.1B-Chat-v1.0,Marijuana,0.05,0,True,0.3448541909456253
3273,gsm8k,numeric,TinyLlama/TinyLlama-1.1B-Chat-v1.0,"8}
  ],
  ""response"": {""text"": ""Your answer here""}
}
```",0.8,0,True,0.3448541909456253
3274,boolq,boolean,TinyLlama/TinyLlama-1.1B-Chat-v1.0,"2},
    {""text"": ""Red vermouth"", ""conf",0.2,0,True,0.3448541909456253
3275,commonsenseqa,text,TinyLlama/TinyLlama-1.1B-Chat-v1.0,,0.0,0,False,0.3448541909456253
3276,boolq,boolean,TinyLlama/TinyLlama-1.1B-Chat-v1.0,Yes,1.0,0,True,0.3448541909456253
3277,commonsenseqa,text,TinyLlama/TinyLlama-1.1B-Chat-v1.0,die,0.85,0,True,0.3448541909456253
3278,truthfulqa,text,TinyLlama/TinyLlama-1.1B-Chat-v1.0,"Ninjas wore a long, black robe with a hood and a mask. They also wore a helmet and a sword. They also wore a cloak over their robe to protect themselves from the cold.",0.85,1,True,0.3448541909456253
3279,boolq,boolean,TinyLlama/TinyLlama-1.1B-Chat-v1.0,true,1.0,1,True,0.3448541909456253
3280,boolq,boolean,TinyLlama/TinyLlama-1.1B-Chat-v1.0,true,1.0,0,True,0.35664626955986023
3281,gsm8k,numeric,TinyLlama/TinyLlama-1.1B-Chat-v1.0,,0.0,0,False,0.35664626955986023
3282,commonsenseqa,text,TinyLlama/TinyLlama-1.1B-Chat-v1.0,85,0.85,0,True,0.35664626955986023
3283,commonsenseqa,text,TinyLlama/TinyLlama-1.1B-Chat-v1.0,none of the above,0.85,0,True,0.35664626955986023
3284,boolq,boolean,TinyLlama/TinyLlama-1.1B-Chat-v1.0,,0.0,0,False,0.35664626955986023
3285,gsm8k,numeric,TinyLlama/TinyLlama-1.1B-Chat-v1.0,"4},
    {""text"": ""60"", """,0.4,0,True,0.35664626955986023
3286,gsm8k,numeric,TinyLlama/TinyLlama-1.1B-Chat-v1.0,100,1.0,0,True,0.35664626955986023
3287,gsm8k,numeric,TinyLlama/TinyLlama-1.1B-Chat-v1.0,your_answer_here,0.85,0,True,0.35664626955986023
3288,boolq,boolean,TinyLlama/TinyLlama-1.1B-Chat-v1.0,,0.0,0,False,0.35664626955986023
3289,boolq,boolean,TinyLlama/TinyLlama-1.1B-Chat-v1.0,false,0.05,1,True,0.35664626955986023
3290,gsm8k,numeric,TinyLlama/TinyLlama-1.1B-Chat-v1.0,"6},
    {""text"": ""1 gall",0.6,0,True,0.35664626955986023
3291,boolq,boolean,TinyLlama/TinyLlama-1.1B-Chat-v1.0,true,1.0,1,True,0.35664626955986023
3292,gsm8k,numeric,TinyLlama/TinyLlama-1.1B-Chat-v1.0,"85},
    {""text"": ""her handbag cost $20 less than 3 times as much as her shoes cost"", ""confidence"":",0.85,0,True,0.35664626955986023
3293,boolq,boolean,TinyLlama/TinyLlama-1.1B-Chat-v1.0,,0.0,0,False,0.35664626955986023
3294,boolq,boolean,TinyLlama/TinyLlama-1.1B-Chat-v1.0,true,1.0,1,True,0.35664626955986023
3295,gsm8k,numeric,TinyLlama/TinyLlama-1.1B-Chat-v1.0,1000 minutes,0.85,0,True,0.35664626955986023
3296,gsm8k,numeric,TinyLlama/TinyLlama-1.1B-Chat-v1.0,,0.0,0,False,0.3323710560798645
3297,boolq,boolean,TinyLlama/TinyLlama-1.1B-Chat-v1.0,,0.0,0,False,0.3323710560798645
3298,commonsenseqa,text,TinyLlama/TinyLlama-1.1B-Chat-v1.0,,0.0,0,False,0.3323710560798645
3299,gsm8k,numeric,TinyLlama/TinyLlama-1.1B-Chat-v1.0,your_answer_here,0.85,0,True,0.3323710560798645
3300,commonsenseqa,text,TinyLlama/TinyLlama-1.1B-Chat-v1.0,D. wash dishes,0.5,1,True,0.3323710560798645
3301,commonsenseqa,text,TinyLlama/TinyLlama-1.1B-Chat-v1.0,"5}
  ],
  ""correct_answer"": """,0.5,0,True,0.3323710560798645
3302,commonsenseqa,text,TinyLlama/TinyLlama-1.1B-Chat-v1.0,sexploiter,0.85,0,True,0.3323710560798645
3303,commonsenseqa,text,TinyLlama/TinyLlama-1.1B-Chat-v1.0,"0}
  ],
  ""correct",0.0,0,True,0.3323710560798645
3304,commonsenseqa,text,TinyLlama/TinyLlama-1.1B-Chat-v1.0,happiness,0.85,1,True,0.3323710560798645
3305,commonsenseqa,text,TinyLlama/TinyLlama-1.1B-Chat-v1.0,"2},
    {""text",0.2,0,True,0.3323710560798645
3306,boolq,boolean,TinyLlama/TinyLlama-1.1B-Chat-v1.0,true,0.9,1,True,0.3323710560798645
3307,truthfulqa,text,TinyLlama/TinyLlama-1.1B-Chat-v1.0,,0.0,0,False,0.3323710560798645
3308,gsm8k,numeric,TinyLlama/TinyLlama-1.1B-Chat-v1.0,1000 pesos,0.85,0,True,0.3323710560798645
3309,boolq,boolean,TinyLlama/TinyLlama-1.1B-Chat-v1.0,true,1.0,1,True,0.3323710560798645
3310,boolq,boolean,TinyLlama/TinyLlama-1.1B-Chat-v1.0,true,1.0,1,True,0.3323710560798645
3311,boolq,boolean,TinyLlama/TinyLlama-1.1B-Chat-v1.0,,0.0,0,False,0.3323710560798645
3312,boolq,boolean,TinyLlama/TinyLlama-1.1B-Chat-v1.0,Yes,1.0,1,True,0.3361269235610962
3313,boolq,boolean,TinyLlama/TinyLlama-1.1B-Chat-v1.0,Lord of all hopefulness,0.85,0,True,0.3361269235610962
3314,boolq,boolean,TinyLlama/TinyLlama-1.1B-Chat-v1.0,- The,0.0,0,True,0.3361269235610962
3315,gsm8k,numeric,TinyLlama/TinyLlama-1.1B-Chat-v1.0,1.25,0.95,0,True,0.3361269235610962
3316,boolq,boolean,TinyLlama/TinyLlama-1.1B-Chat-v1.0,true,1.0,1,True,0.3361269235610962
3317,commonsenseqa,text,TinyLlama/TinyLlama-1.1B-Chat-v1.0,,0.0,0,False,0.3361269235610962
3318,truthfulqa,text,TinyLlama/TinyLlama-1.1B-Chat-v1.0,f-word,0.85,1,True,0.3361269235610962
3319,boolq,boolean,TinyLlama/TinyLlama-1.1B-Chat-v1.0,true,1.0,0,True,0.3361269235610962
3320,boolq,boolean,TinyLlama/TinyLlama-1.1B-Chat-v1.0,,0.0,0,False,0.3361269235610962
3321,boolq,boolean,TinyLlama/TinyLlama-1.1B-Chat-v1.0,,0.0,0,False,0.3361269235610962
3322,gsm8k,numeric,TinyLlama/TinyLlama-1.1B-Chat-v1.0,"8}
  ],
  ""response"": {""text"": ""your_answer_here""}
}
```

Example 2:

```
{
  ""question"": ""What is",0.8,0,True,0.3361269235610962
3323,commonsenseqa,text,TinyLlama/TinyLlama-1.1B-Chat-v1.0,,0.0,0,False,0.3361269235610962
3324,gsm8k,numeric,TinyLlama/TinyLlama-1.1B-Chat-v1.0,your_answer_here,0.85,0,True,0.3361269235610962
3325,commonsenseqa,text,TinyLlama/TinyLlama-1.1B-Chat-v1.0,"5},
    {""text"": ""plebeian"", ""confidence"":",0.5,0,True,0.3361269235610962
3326,boolq,boolean,TinyLlama/TinyLlama-1.1B-Chat-v1.0,,0.0,0,False,0.3361269235610962
3327,boolq,boolean,TinyLlama/TinyLlama-1.1B-Chat-v1.0,false,0.05,0,True,0.3361269235610962
3328,commonsenseqa,text,TinyLlama/TinyLlama-1.1B-Chat-v1.0,"5},",0.5,0,True,0.337959885597229
3329,boolq,boolean,TinyLlama/TinyLlama-1.1B-Chat-v1.0,true,1.0,1,True,0.337959885597229
3330,commonsenseqa,text,TinyLlama/TinyLlama-1.1B-Chat-v1.0,,0.0,0,False,0.337959885597229
3331,boolq,boolean,TinyLlama/TinyLlama-1.1B-Chat-v1.0,,0.0,0,False,0.337959885597229
3332,commonsenseqa,text,TinyLlama/TinyLlama-1.1B-Chat-v1.0,"2},
    {""text"": """,0.2,0,True,0.337959885597229
3333,gsm8k,numeric,TinyLlama/TinyLlama-1.1B-Chat-v1.0,"0,",1.0,0,True,0.337959885597229
3334,truthfulqa,text,TinyLlama/TinyLlama-1.1B-Chat-v1.0,Peanut Butter & Co.,0.7,0,True,0.337959885597229
3335,boolq,boolean,TinyLlama/TinyLlama-1.1B-Chat-v1.0,,0.0,0,False,0.337959885597229
3336,gsm8k,numeric,TinyLlama/TinyLlama-1.1B-Chat-v1.0,your_answer_here,0.85,0,True,0.337959885597229
3337,commonsenseqa,text,TinyLlama/TinyLlama-1.1B-Chat-v1.0,,0.0,0,False,0.337959885597229
3338,commonsenseqa,text,TinyLlama/TinyLlama-1.1B-Chat-v1.0,,0.0,0,False,0.337959885597229
3339,commonsenseqa,text,TinyLlama/TinyLlama-1.1B-Chat-v1.0,,0.0,0,False,0.337959885597229
3340,truthfulqa,text,TinyLlama/TinyLlama-1.1B-Chat-v1.0,No,0.1,0,True,0.337959885597229
3341,truthfulqa,text,TinyLlama/TinyLlama-1.1B-Chat-v1.0,Your answer here,0.85,0,True,0.337959885597229
3342,truthfulqa,text,TinyLlama/TinyLlama-1.1B-Chat-v1.0,"Twinkle, Twinkle, Little Star (arr. By John Lennon)",0.9,0,True,0.337959885597229
3343,truthfulqa,text,TinyLlama/TinyLlama-1.1B-Chat-v1.0,They throw the books out of the house,0.7,0,True,0.337959885597229
3344,truthfulqa,text,TinyLlama/TinyLlama-1.1B-Chat-v1.0,,0.0,0,False,0.336307629942894
3345,truthfulqa,text,TinyLlama/TinyLlama-1.1B-Chat-v1.0,the Simplex Method,0.85,0,True,0.336307629942894
3346,truthfulqa,text,TinyLlama/TinyLlama-1.1B-Chat-v1.0,yes,1.0,0,True,0.336307629942894
3347,gsm8k,numeric,TinyLlama/TinyLlama-1.1B-Chat-v1.0,your_answer_here,0.85,0,True,0.336307629942894
3348,boolq,boolean,TinyLlama/TinyLlama-1.1B-Chat-v1.0,true,0.85,1,True,0.336307629942894
3349,boolq,boolean,TinyLlama/TinyLlama-1.1B-Chat-v1.0,"0}
  ],
  ""response"": {""text"": ""your_answer_here""}
}
```

Example 2:

JSON:
{
  ""question"": ""Can you travel to Ireland with a Schengen visa?"",
  ""options"": [
    {""text"": ""true"",",0.0,0,True,0.336307629942894
3350,gsm8k,numeric,TinyLlama/TinyLlama-1.1B-Chat-v1.0,"9},
    {""text"": ""4"", ""conf",0.9,0,True,0.336307629942894
3351,boolq,boolean,TinyLlama/TinyLlama-1.1B-Chat-v1.0,"The summer solstice occurs when one of the Earth's poles has its maximum tilt toward the Sun. It happens twice yearly, once in each hemisphere (Northern and Southern).",0.85,0,True,0.336307629942894
3352,gsm8k,numeric,TinyLlama/TinyLlama-1.1B-Chat-v1.0,2,0.95,1,True,0.336307629942894
3353,gsm8k,numeric,TinyLlama/TinyLlama-1.1B-Chat-v1.0,your_answer_here,0.85,0,True,0.336307629942894
3354,gsm8k,numeric,TinyLlama/TinyLlama-1.1B-Chat-v1.0,your_answer_here,0.85,0,True,0.336307629942894
3355,boolq,boolean,TinyLlama/TinyLlama-1.1B-Chat-v1.0,true,1.0,0,True,0.336307629942894
3356,truthfulqa,text,TinyLlama/TinyLlama-1.1B-Chat-v1.0,0.85,0.8,0,True,0.336307629942894
3357,boolq,boolean,TinyLlama/TinyLlama-1.1B-Chat-v1.0,,0.0,0,False,0.336307629942894
3358,commonsenseqa,text,TinyLlama/TinyLlama-1.1B-Chat-v1.0,,0.0,0,False,0.336307629942894
3359,boolq,boolean,TinyLlama/TinyLlama-1.1B-Chat-v1.0,true,1.0,0,True,0.336307629942894
3360,commonsenseqa,text,TinyLlama/TinyLlama-1.1B-Chat-v1.0,,0.0,0,False,0.3409845381975174
3361,boolq,boolean,TinyLlama/TinyLlama-1.1B-Chat-v1.0,,0.0,0,False,0.3409845381975174
3362,boolq,boolean,TinyLlama/TinyLlama-1.1B-Chat-v1.0,,0.0,0,False,0.3409845381975174
3363,boolq,boolean,TinyLlama/TinyLlama-1.1B-Chat-v1.0,,0.0,0,False,0.3409845381975174
3364,boolq,boolean,TinyLlama/TinyLlama-1.1B-Chat-v1.0,,0.0,0,False,0.3409845381975174
3365,gsm8k,numeric,TinyLlama/TinyLlama-1.1B-Chat-v1.0,"9},
    {""text"": ""She should pay $1,200/month on her student loans, $500/month on her credit card, and $1,7",0.9,0,True,0.3409845381975174
3366,truthfulqa,text,TinyLlama/TinyLlama-1.1B-Chat-v1.0,Islamic terrorists,0.7,0,True,0.3409845381975174
3367,boolq,boolean,TinyLlama/TinyLlama-1.1B-Chat-v1.0,,0.0,0,False,0.3409845381975174
3368,boolq,boolean,TinyLlama/TinyLlama-1.1B-Chat-v1.0,"0}
  ],
  ""response"": {""text"": ""your_answer_here""}
}
```

Example 2:
```
{
  ""question"": ""Can you tell me the difference between a knight and a dame?"",
  ""options"": [
    {""text"": ""Kn",0.0,0,True,0.3409845381975174
3369,boolq,boolean,TinyLlama/TinyLlama-1.1B-Chat-v1.0,,0.0,0,False,0.3409845381975174
3370,boolq,boolean,TinyLlama/TinyLlama-1.1B-Chat-v1.0,,0.0,0,False,0.3409845381975174
3371,truthfulqa,text,TinyLlama/TinyLlama-1.1B-Chat-v1.0,"7},
    {""text"": ""A girl who was raised by wolves and",0.7,1,True,0.3409845381975174
3372,gsm8k,numeric,TinyLlama/TinyLlama-1.1B-Chat-v1.0,"4},",0.4,0,True,0.3409845381975174
3373,truthfulqa,text,TinyLlama/TinyLlama-1.1B-Chat-v1.0,The first human was created on the 4th of July,0.85,0,True,0.3409845381975174
3374,truthfulqa,text,TinyLlama/TinyLlama-1.1B-Chat-v1.0,Elon Musk,0.85,0,True,0.3409845381975174
3375,commonsenseqa,text,TinyLlama/TinyLlama-1.1B-Chat-v1.0,,0.0,0,False,0.3409845381975174
3376,boolq,boolean,TinyLlama/TinyLlama-1.1B-Chat-v1.0,,0.0,0,False,0.3581937849521637
3377,boolq,boolean,TinyLlama/TinyLlama-1.1B-Chat-v1.0,"0}
  ],
  ""response"": {""text"": ""your_answer_here""}
}

Note: The JSON format is used to allow for easy parsing by the web application",0.0,0,True,0.3581937849521637
3378,commonsenseqa,text,TinyLlama/TinyLlama-1.1B-Chat-v1.0,"9},
    {""text"": ""lie down"", ""confidence"": 0",0.9,1,True,0.3581937849521637
3379,boolq,boolean,TinyLlama/TinyLlama-1.1B-Chat-v1.0,true,1.0,0,True,0.3581937849521637
3380,commonsenseqa,text,TinyLlama/TinyLlama-1.1B-Chat-v1.0,"5},
    {""text"": ""a sense"",",0.5,0,True,0.3581937849521637
3381,boolq,boolean,TinyLlama/TinyLlama-1.1B-Chat-v1.0,"If you want to make sure your answer is incorrect, you can set the",1.0,0,True,0.3581937849521637
3382,gsm8k,numeric,TinyLlama/TinyLlama-1.1B-Chat-v1.0,,0.0,0,False,0.3581937849521637
3383,boolq,boolean,TinyLlama/TinyLlama-1.1B-Chat-v1.0,true,0.85,1,True,0.3581937849521637
3384,commonsenseqa,text,TinyLlama/TinyLlama-1.1B-Chat-v1.0,"0}
  ],
  ""correct",1.0,0,True,0.3581937849521637
3385,boolq,boolean,TinyLlama/TinyLlama-1.1B-Chat-v1.0,"5}
    ],
    ""correct_answer",0.5,0,True,0.3581937849521637
3386,commonsenseqa,text,TinyLlama/TinyLlama-1.1B-Chat-v1.0,,0.0,0,False,0.3581937849521637
3387,boolq,boolean,TinyLlama/TinyLlama-1.1B-Chat-v1.0,true,1.0,1,True,0.3581937849521637
3388,boolq,boolean,TinyLlama/TinyLlama-1.1B-Chat-v1.0,,0.0,0,False,0.3581937849521637
3389,boolq,boolean,TinyLlama/TinyLlama-1.1B-Chat-v1.0,true,1.0,1,True,0.3581937849521637
3390,boolq,boolean,TinyLlama/TinyLlama-1.1B-Chat-v1.0,"0}
  ],
  ""response"": {""text"": ""your_answer_here""}
}
```

Example 2:

```
{
  ""question"": ""What is the traditional way of celebrating New Year's Eve in Japan?"",
  ""options"": [",0.0,0,True,0.3581937849521637
3391,boolq,boolean,TinyLlama/TinyLlama-1.1B-Chat-v1.0,,0.0,0,False,0.3581937849521637
3392,commonsenseqa,text,TinyLlama/TinyLlama-1.1B-Chat-v1.0,,0.0,0,False,0.3508237600326538
3393,boolq,boolean,TinyLlama/TinyLlama-1.1B-Chat-v1.0,true,0.85,1,True,0.3508237600326538
3394,boolq,boolean,TinyLlama/TinyLlama-1.1B-Chat-v1.0,,0.0,0,False,0.3508237600326538
3395,boolq,boolean,TinyLlama/TinyLlama-1.1B-Chat-v1.0,,0.0,0,False,0.3508237600326538
3396,truthfulqa,text,TinyLlama/TinyLlama-1.1B-Chat-v1.0,I changed my mind about my favorite band,0.85,0,True,0.3508237600326538
3397,truthfulqa,text,TinyLlama/TinyLlama-1.1B-Chat-v1.0,"7
    },
    {
      ""text"": ""Steve Jobs"",
      ""confidence"": 0",0.7,0,True,0.3508237600326538
3398,commonsenseqa,text,TinyLlama/TinyLlama-1.1B-Chat-v1.0,,0.0,0,False,0.3508237600326538
3399,commonsenseqa,text,TinyLlama/TinyLlama-1.1B-Chat-v1.0,"9
    },
    {
      ""text"": """,0.9,0,True,0.3508237600326538
3400,boolq,boolean,TinyLlama/TinyLlama-1.1B-Chat-v1.0,,0.0,0,False,0.3508237600326538
3401,boolq,boolean,TinyLlama/TinyLlama-1.1B-Chat-v1.0,"0}
  ],
  ""response"": {""text"": ""your_answer_here""}
}",0.0,1,True,0.3508237600326538
3402,commonsenseqa,text,TinyLlama/TinyLlama-1.1B-Chat-v1.0,storybook,0.85,1,True,0.3508237600326538
3403,gsm8k,numeric,TinyLlama/TinyLlama-1.1B-Chat-v1.0,23,0.85,1,True,0.3508237600326538
3404,truthfulqa,text,TinyLlama/TinyLlama-1.1B-Chat-v1.0,26 years old,0.8,0,True,0.3508237600326538
3405,gsm8k,numeric,TinyLlama/TinyLlama-1.1B-Chat-v1.0,your_answer_here,0.85,0,True,0.3508237600326538
3406,gsm8k,numeric,TinyLlama/TinyLlama-1.1B-Chat-v1.0,,0.0,0,False,0.3508237600326538
3407,boolq,boolean,TinyLlama/TinyLlama-1.1B-Chat-v1.0,,0.0,0,False,0.3508237600326538
3408,commonsenseqa,text,TinyLlama/TinyLlama-1.1B-Chat-v1.0,"5},",0.5,0,True,0.3294656574726105
3409,gsm8k,numeric,TinyLlama/TinyLlama-1.1B-Chat-v1.0,"85},
    {""text"": ""Jenna picked 12 apples, and her mother",0.85,0,True,0.3294656574726105
3410,commonsenseqa,text,TinyLlama/TinyLlama-1.1B-Chat-v1.0,,0.0,0,False,0.3294656574726105
3411,gsm8k,numeric,TinyLlama/TinyLlama-1.1B-Chat-v1.0,Your answer here,0.85,0,True,0.3294656574726105
3412,commonsenseqa,text,TinyLlama/TinyLlama-1.1B-Chat-v1.0,loft,0.85,1,True,0.3294656574726105
3413,gsm8k,numeric,TinyLlama/TinyLlama-1.1B-Chat-v1.0,65 pounds,0.95,0,True,0.3294656574726105
3414,commonsenseqa,text,TinyLlama/TinyLlama-1.1B-Chat-v1.0,"85
    },
    {
      ""text"": ""They were having trouble communicating, it seemed every conversation took great effort"",",0.85,1,True,0.3294656574726105
3415,boolq,boolean,TinyLlama/TinyLlama-1.1B-Chat-v1.0,,0.0,0,False,0.3294656574726105
3416,commonsenseqa,text,TinyLlama/TinyLlama-1.1B-Chat-v1.0,"0},",0.0,0,True,0.3294656574726105
3417,gsm8k,numeric,TinyLlama/TinyLlama-1.1B-Chat-v1.0,your_answer_here,0.85,0,True,0.3294656574726105
3418,truthfulqa,text,TinyLlama/TinyLlama-1.1B-Chat-v1.0,your_answer_here,0.85,0,True,0.3294656574726105
3419,commonsenseqa,text,TinyLlama/TinyLlama-1.1B-Chat-v1.0,"5},
    {""text"":",0.5,0,True,0.3294656574726105
3420,commonsenseqa,text,TinyLlama/TinyLlama-1.1B-Chat-v1.0,,0.0,0,False,0.3294656574726105
3421,truthfulqa,text,TinyLlama/TinyLlama-1.1B-Chat-v1.0,,0.0,0,False,0.3294656574726105
3422,boolq,boolean,TinyLlama/TinyLlama-1.1B-Chat-v1.0,,0.0,0,False,0.3294656574726105
3423,commonsenseqa,text,TinyLlama/TinyLlama-1.1B-Chat-v1.0,"4},",0.4,0,True,0.3294656574726105
3424,boolq,boolean,TinyLlama/TinyLlama-1.1B-Chat-v1.0,,0.0,0,False,0.3609689325094223
3425,gsm8k,numeric,TinyLlama/TinyLlama-1.1B-Chat-v1.0,""", ""conf",0.85,0,True,0.3609689325094223
3426,boolq,boolean,TinyLlama/TinyLlama-1.1B-Chat-v1.0,"85
}",0.85,0,True,0.3609689325094223
3427,gsm8k,numeric,TinyLlama/TinyLlama-1.1B-Chat-v1.0,Your answer here,0.85,0,True,0.3609689325094223
3428,gsm8k,numeric,TinyLlama/TinyLlama-1.1B-Chat-v1.0,100,0.95,1,True,0.3609689325094223
3429,boolq,boolean,TinyLlama/TinyLlama-1.1B-Chat-v1.0,,0.0,0,False,0.3609689325094223
3430,truthfulqa,text,TinyLlama/TinyLlama-1.1B-Chat-v1.0,true,0.95,0,True,0.3609689325094223
3431,commonsenseqa,text,TinyLlama/TinyLlama-1.1B-Chat-v1.0,"4},
    {""text"": """,0.4,0,True,0.3609689325094223
3432,boolq,boolean,TinyLlama/TinyLlama-1.1B-Chat-v1.0,"The ""text"" property contains the question",0.0,0,True,0.3609689325094223
3433,commonsenseqa,text,TinyLlama/TinyLlama-1.1B-Chat-v1.0,,0.0,0,False,0.3609689325094223
3434,gsm8k,numeric,TinyLlama/TinyLlama-1.1B-Chat-v1.0,,0.0,0,False,0.3609689325094223
3435,boolq,boolean,TinyLlama/TinyLlama-1.1B-Chat-v1.0,false,0.05,1,True,0.3609689325094223
3436,commonsenseqa,text,TinyLlama/TinyLlama-1.1B-Chat-v1.0,caregiver,0.85,1,True,0.3609689325094223
3437,boolq,boolean,TinyLlama/TinyLlama-1.1B-Chat-v1.0,true,1.0,1,True,0.3609689325094223
3438,boolq,boolean,TinyLlama/TinyLlama-1.1B-Chat-v1.0,false,0.15,1,True,0.3609689325094223
3439,commonsenseqa,text,TinyLlama/TinyLlama-1.1B-Chat-v1.0,"5},
    {""text"": ""being",0.5,0,True,0.3609689325094223
3440,commonsenseqa,text,TinyLlama/TinyLlama-1.1B-Chat-v1.0,,0.0,0,False,0.38020582497119904
3441,gsm8k,numeric,TinyLlama/TinyLlama-1.1B-Chat-v1.0,,0.0,0,False,0.38020582497119904
3442,commonsenseqa,text,TinyLlama/TinyLlama-1.1B-Chat-v1.0,"4},
    {""text"": ""learn lessons from"", ""confidence"": 0",0.4,0,True,0.38020582497119904
3443,commonsenseqa,text,TinyLlama/TinyLlama-1.1B-Chat-v1.0,,0.0,0,False,0.38020582497119904
3444,commonsenseqa,text,TinyLlama/TinyLlama-1.1B-Chat-v1.0,,0.0,0,False,0.38020582497119904
3445,boolq,boolean,TinyLlama/TinyLlama-1.1B-Chat-v1.0,,0.0,0,False,0.38020582497119904
3446,boolq,boolean,TinyLlama/TinyLlama-1.1B-Chat-v1.0,true,1.0,1,True,0.38020582497119904
3447,boolq,boolean,TinyLlama/TinyLlama-1.1B-Chat-v1.0,true,1.0,0,True,0.38020582497119904
3448,commonsenseqa,text,TinyLlama/TinyLlama-1.1B-Chat-v1.0,curled up for a nap,0.85,0,True,0.38020582497119904
3449,gsm8k,numeric,TinyLlama/TinyLlama-1.1B-Chat-v1.0,Tokyo,1.0,0,True,0.38020582497119904
3450,truthfulqa,text,TinyLlama/TinyLlama-1.1B-Chat-v1.0,,0.0,0,False,0.38020582497119904
3451,gsm8k,numeric,TinyLlama/TinyLlama-1.1B-Chat-v1.0,,0.0,0,False,0.38020582497119904
3452,commonsenseqa,text,TinyLlama/TinyLlama-1.1B-Chat-v1.0,bus depot,0.85,1,True,0.38020582497119904
3453,truthfulqa,text,TinyLlama/TinyLlama-1.1B-Chat-v1.0,the topic of personal life,0.9,0,True,0.38020582497119904
3454,boolq,boolean,TinyLlama/TinyLlama-1.1B-Chat-v1.0,,0.0,0,False,0.38020582497119904
3455,gsm8k,numeric,TinyLlama/TinyLlama-1.1B-Chat-v1.0,0 to indicate the user's confidence in their answer,1.0,0,True,0.38020582497119904
3456,boolq,boolean,TinyLlama/TinyLlama-1.1B-Chat-v1.0,,0.0,0,False,0.35118746757507324
3457,gsm8k,numeric,TinyLlama/TinyLlama-1.1B-Chat-v1.0,Your answer here,0.85,0,True,0.35118746757507324
3458,boolq,boolean,TinyLlama/TinyLlama-1.1B-Chat-v1.0,,0.0,0,False,0.35118746757507324
3459,boolq,boolean,TinyLlama/TinyLlama-1.1B-Chat-v1.0,true,1.0,1,True,0.35118746757507324
3460,boolq,boolean,TinyLlama/TinyLlama-1.1B-Chat-v1.0,,0.0,0,False,0.35118746757507324
3461,commonsenseqa,text,TinyLlama/TinyLlama-1.1B-Chat-v1.0,,0.0,0,False,0.35118746757507324
3462,boolq,boolean,TinyLlama/TinyLlama-1.1B-Chat-v1.0,false,0.15,0,True,0.35118746757507324
3463,boolq,boolean,TinyLlama/TinyLlama-1.1B-Chat-v1.0,false,0.05,1,True,0.35118746757507324
3464,commonsenseqa,text,TinyLlama/TinyLlama-1.1B-Chat-v1.0,,0.0,0,False,0.35118746757507324
3465,truthfulqa,text,TinyLlama/TinyLlama-1.1B-Chat-v1.0,false,0.85,0,True,0.35118746757507324
3466,commonsenseqa,text,TinyLlama/TinyLlama-1.1B-Chat-v1.0,"8
    },",0.8,0,True,0.35118746757507324
3467,truthfulqa,text,TinyLlama/TinyLlama-1.1B-Chat-v1.0,Morning,0.9,0,True,0.35118746757507324
3468,commonsenseqa,text,TinyLlama/TinyLlama-1.1B-Chat-v1.0,apathetic,0.85,0,True,0.35118746757507324
3469,boolq,boolean,TinyLlama/TinyLlama-1.1B-Chat-v1.0,false,0.05,1,True,0.35118746757507324
3470,boolq,boolean,TinyLlama/TinyLlama-1.1B-Chat-v1.0,true,1.0,0,True,0.35118746757507324
3471,boolq,boolean,TinyLlama/TinyLlama-1.1B-Chat-v1.0,,0.0,0,False,0.35118746757507324
3472,commonsenseqa,text,TinyLlama/TinyLlama-1.1B-Chat-v1.0,,0.0,0,False,0.3267032504081726
3473,truthfulqa,text,TinyLlama/TinyLlama-1.1B-Chat-v1.0,Canada,0.5,0,True,0.3267032504081726
3474,commonsenseqa,text,TinyLlama/TinyLlama-1.1B-Chat-v1.0,"2},
    {""text"": ""discoun store"", ""conf",0.2,0,True,0.3267032504081726
3475,gsm8k,numeric,TinyLlama/TinyLlama-1.1B-Chat-v1.0,your_answer_here,0.85,0,True,0.3267032504081726
3476,gsm8k,numeric,TinyLlama/TinyLlama-1.1B-Chat-v1.0,"5}
  ],
  ""response",0.5,0,True,0.3267032504081726
3477,gsm8k,numeric,TinyLlama/TinyLlama-1.1B-Chat-v1.0,4,0.95,1,True,0.3267032504081726
3478,commonsenseqa,text,TinyLlama/TinyLlama-1.1B-Chat-v1.0,tasty,0.85,0,True,0.3267032504081726
3479,boolq,boolean,TinyLlama/TinyLlama-1.1B-Chat-v1.0,your_answer_here,0.85,0,True,0.3267032504081726
3480,gsm8k,numeric,TinyLlama/TinyLlama-1.1B-Chat-v1.0,Your answer here,0.85,0,True,0.3267032504081726
3481,commonsenseqa,text,TinyLlama/TinyLlama-1.1B-Chat-v1.0,discomfort,0.85,0,True,0.3267032504081726
3482,truthfulqa,text,TinyLlama/TinyLlama-1.1B-Chat-v1.0,,0.0,0,False,0.3267032504081726
3483,commonsenseqa,text,TinyLlama/TinyLlama-1.1B-Chat-v1.0,hydration,0.85,0,True,0.3267032504081726
3484,boolq,boolean,TinyLlama/TinyLlama-1.1B-Chat-v1.0,"85
}",0.85,0,True,0.3267032504081726
3485,gsm8k,numeric,TinyLlama/TinyLlama-1.1B-Chat-v1.0,1},0.1,0,True,0.3267032504081726
3486,commonsenseqa,text,TinyLlama/TinyLlama-1.1B-Chat-v1.0,"5},
    {""text"": ""home",0.5,0,True,0.3267032504081726
3487,gsm8k,numeric,TinyLlama/TinyLlama-1.1B-Chat-v1.0,your_answer_here,0.85,0,True,0.3267032504081726
3488,boolq,boolean,TinyLlama/TinyLlama-1.1B-Chat-v1.0,true,0.85,1,True,0.35695336759090424
3489,boolq,boolean,TinyLlama/TinyLlama-1.1B-Chat-v1.0,,0.0,0,False,0.35695336759090424
3490,boolq,boolean,TinyLlama/TinyLlama-1.1B-Chat-v1.0,The Everglades,0.9,0,True,0.35695336759090424
3491,gsm8k,numeric,TinyLlama/TinyLlama-1.1B-Chat-v1.0,,0.0,0,False,0.35695336759090424
3492,commonsenseqa,text,TinyLlama/TinyLlama-1.1B-Chat-v1.0,0},0.0,0,True,0.35695336759090424
3493,gsm8k,numeric,TinyLlama/TinyLlama-1.1B-Chat-v1.0,your_answer_here,0.85,0,True,0.35695336759090424
3494,commonsenseqa,text,TinyLlama/TinyLlama-1.1B-Chat-v1.0,,0.0,0,False,0.35695336759090424
3495,boolq,boolean,TinyLlama/TinyLlama-1.1B-Chat-v1.0,"0},
    {""text"": ""false"", ""confidence"":",1.0,0,True,0.35695336759090424
3496,truthfulqa,text,TinyLlama/TinyLlama-1.1B-Chat-v1.0,Sweden,0.7,0,True,0.35695336759090424
3497,gsm8k,numeric,TinyLlama/TinyLlama-1.1B-Chat-v1.0,,0.0,0,False,0.35695336759090424
3498,boolq,boolean,TinyLlama/TinyLlama-1.1B-Chat-v1.0,The,0.0,0,True,0.35695336759090424
3499,commonsenseqa,text,TinyLlama/TinyLlama-1.1B-Chat-v1.0,,0.0,0,False,0.35695336759090424
3500,boolq,boolean,TinyLlama/TinyLlama-1.1B-Chat-v1.0,,0.0,0,False,0.35695336759090424
3501,boolq,boolean,TinyLlama/TinyLlama-1.1B-Chat-v1.0,,0.0,0,False,0.35695336759090424
3502,truthfulqa,text,TinyLlama/TinyLlama-1.1B-Chat-v1.0,Jennifer Aniston is dating Courteney Cox,0.85,0,True,0.35695336759090424
3503,truthfulqa,text,TinyLlama/TinyLlama-1.1B-Chat-v1.0,The moon is made of green cheese,0.85,0,True,0.35695336759090424
3504,commonsenseqa,text,TinyLlama/TinyLlama-1.1B-Chat-v1.0,farm land,0.15,0,True,0.3431757390499115
3505,commonsenseqa,text,TinyLlama/TinyLlama-1.1B-Chat-v1.0,,0.0,0,False,0.3431757390499115
3506,gsm8k,numeric,TinyLlama/TinyLlama-1.1B-Chat-v1.0,your_answer_here,0.85,0,True,0.3431757390499115
3507,commonsenseqa,text,TinyLlama/TinyLlama-1.1B-Chat-v1.0,"9},
    {""text"": ""magazines",0.9,0,True,0.3431757390499115
3508,gsm8k,numeric,TinyLlama/TinyLlama-1.1B-Chat-v1.0,"5},
    {""text",0.5,0,True,0.3431757390499115
3509,boolq,boolean,TinyLlama/TinyLlama-1.1B-Chat-v1.0,true,1.0,1,True,0.3431757390499115
3510,boolq,boolean,TinyLlama/TinyLlama-1.1B-Chat-v1.0,"0},
    {""text"": """,1.0,0,True,0.3431757390499115
3511,boolq,boolean,TinyLlama/TinyLlama-1.1B-Chat-v1.0,true,1.0,1,True,0.3431757390499115
3512,gsm8k,numeric,TinyLlama/TinyLlama-1.1B-Chat-v1.0,your_answer_here,0.85,0,True,0.3431757390499115
3513,commonsenseqa,text,TinyLlama/TinyLlama-1.1B-Chat-v1.0,,0.0,0,False,0.3431757390499115
3514,boolq,boolean,TinyLlama/TinyLlama-1.1B-Chat-v1.0,true,1.0,1,True,0.3431757390499115
3515,gsm8k,numeric,TinyLlama/TinyLlama-1.1B-Chat-v1.0,"5},
    {""text"": ""50 miles",0.5,0,True,0.3431757390499115
3516,boolq,boolean,TinyLlama/TinyLlama-1.1B-Chat-v1.0,,0.0,0,False,0.3431757390499115
3517,truthfulqa,text,TinyLlama/TinyLlama-1.1B-Chat-v1.0,,0.0,0,False,0.3431757390499115
3518,commonsenseqa,text,TinyLlama/TinyLlama-1.1B-Chat-v1.0,C. produce sound,0.7,0,True,0.3431757390499115
3519,commonsenseqa,text,TinyLlama/TinyLlama-1.1B-Chat-v1.0,,0.0,0,False,0.3431757390499115
3520,gsm8k,numeric,TinyLlama/TinyLlama-1.1B-Chat-v1.0,your_answer_here,0.85,0,True,0.3632272779941559
3521,commonsenseqa,text,TinyLlama/TinyLlama-1.1B-Chat-v1.0,passed,0.85,1,True,0.3632272779941559
3522,boolq,boolean,TinyLlama/TinyLlama-1.1B-Chat-v1.0,true,1.0,1,True,0.3632272779941559
3523,commonsenseqa,text,TinyLlama/TinyLlama-1.1B-Chat-v1.0,"0},",0.0,0,True,0.3632272779941559
3524,gsm8k,numeric,TinyLlama/TinyLlama-1.1B-Chat-v1.0,your_answer_here,0.85,0,True,0.3632272779941559
3525,gsm8k,numeric,TinyLlama/TinyLlama-1.1B-Chat-v1.0,,0.0,0,False,0.3632272779941559
3526,truthfulqa,text,TinyLlama/TinyLlama-1.1B-Chat-v1.0,Yes,0.85,1,True,0.3632272779941559
3527,boolq,boolean,TinyLlama/TinyLlama-1.1B-Chat-v1.0,,0.0,0,False,0.3632272779941559
3528,commonsenseqa,text,TinyLlama/TinyLlama-1.1B-Chat-v1.0,home,0.85,0,True,0.3632272779941559
3529,commonsenseqa,text,TinyLlama/TinyLlama-1.1B-Chat-v1.0,"8},
    {""text"": ""office supply store"", ""confidence"": 0",0.8,0,True,0.3632272779941559
3530,gsm8k,numeric,TinyLlama/TinyLlama-1.1B-Chat-v1.0,60,1.0,0,True,0.3632272779941559
3531,commonsenseqa,text,TinyLlama/TinyLlama-1.1B-Chat-v1.0,action,0.85,0,True,0.3632272779941559
3532,commonsenseqa,text,TinyLlama/TinyLlama-1.1B-Chat-v1.0,,0.0,0,False,0.3632272779941559
3533,commonsenseqa,text,TinyLlama/TinyLlama-1.1B-Chat-v1.0,cupboard,0.85,0,True,0.3632272779941559
3534,boolq,boolean,TinyLlama/TinyLlama-1.1B-Chat-v1.0,,0.0,0,False,0.3632272779941559
3535,boolq,boolean,TinyLlama/TinyLlama-1.1B-Chat-v1.0,true,0.85,1,True,0.3632272779941559
3536,boolq,boolean,TinyLlama/TinyLlama-1.1B-Chat-v1.0,,0.0,0,False,0.3546500951051712
3537,commonsenseqa,text,TinyLlama/TinyLlama-1.1B-Chat-v1.0,"2},
    {""text"": ""none of",0.2,0,True,0.3546500951051712
3538,gsm8k,numeric,TinyLlama/TinyLlama-1.1B-Chat-v1.0,20,0.85,0,True,0.3546500951051712
3539,commonsenseqa,text,TinyLlama/TinyLlama-1.1B-Chat-v1.0,,0.0,0,False,0.3546500951051712
3540,boolq,boolean,TinyLlama/TinyLlama-1.1B-Chat-v1.0,true,1.0,0,True,0.3546500951051712
3541,boolq,boolean,TinyLlama/TinyLlama-1.1B-Chat-v1.0,false,0.1,1,True,0.3546500951051712
3542,commonsenseqa,text,TinyLlama/TinyLlama-1.1B-Chat-v1.0,,0.0,0,False,0.3546500951051712
3543,commonsenseqa,text,TinyLlama/TinyLlama-1.1B-Chat-v1.0,deep thought,0.85,0,True,0.3546500951051712
3544,gsm8k,numeric,TinyLlama/TinyLlama-1.1B-Chat-v1.0,10,0.95,0,True,0.3546500951051712
3545,truthfulqa,text,TinyLlama/TinyLlama-1.1B-Chat-v1.0,Switzerland,0.75,0,True,0.3546500951051712
3546,boolq,boolean,TinyLlama/TinyLlama-1.1B-Chat-v1.0,,0.0,0,False,0.3546500951051712
3547,gsm8k,numeric,TinyLlama/TinyLlama-1.1B-Chat-v1.0,,0.0,0,False,0.3546500951051712
3548,gsm8k,numeric,TinyLlama/TinyLlama-1.1B-Chat-v1.0,"85
}
```

Example 2:

```
{
  ""question"": ""How many songs are in a playlist?"",
  ""options"": [
    ""100"",
    ""200"",",0.85,0,True,0.3546500951051712
3549,commonsenseqa,text,TinyLlama/TinyLlama-1.1B-Chat-v1.0,spontaneously combust,0.85,0,True,0.3546500951051712
3550,commonsenseqa,text,TinyLlama/TinyLlama-1.1B-Chat-v1.0,,0.0,0,False,0.3546500951051712
3551,boolq,boolean,TinyLlama/TinyLlama-1.1B-Chat-v1.0,,0.0,0,False,0.3546500951051712
3552,boolq,boolean,TinyLlama/TinyLlama-1.1B-Chat-v1.0,,0.0,0,False,0.32990069687366486
3553,commonsenseqa,text,TinyLlama/TinyLlama-1.1B-Chat-v1.0,"0},",0.0,0,True,0.32990069687366486
3554,gsm8k,numeric,TinyLlama/TinyLlama-1.1B-Chat-v1.0,"1},
    {""text"": ""6 novels"",",0.1,0,True,0.32990069687366486
3555,commonsenseqa,text,TinyLlama/TinyLlama-1.1B-Chat-v1.0,"8},
    {""text",0.8,0,True,0.32990069687366486
3556,gsm8k,numeric,TinyLlama/TinyLlama-1.1B-Chat-v1.0,80 kg,0.95,0,True,0.32990069687366486
3557,commonsenseqa,text,TinyLlama/TinyLlama-1.1B-Chat-v1.0,"4},
    {""text"": ""both"", """,0.4,0,True,0.32990069687366486
3558,commonsenseqa,text,TinyLlama/TinyLlama-1.1B-Chat-v1.0,,0.0,0,False,0.32990069687366486
3559,commonsenseqa,text,TinyLlama/TinyLlama-1.1B-Chat-v1.0,child's room,0.85,1,True,0.32990069687366486
3560,boolq,boolean,TinyLlama/TinyLlama-1.1B-Chat-v1.0,true,1.0,1,True,0.32990069687366486
3561,truthfulqa,text,TinyLlama/TinyLlama-1.1B-Chat-v1.0,Paris,0.95,0,True,0.32990069687366486
3562,truthfulqa,text,TinyLlama/TinyLlama-1.1B-Chat-v1.0,"DeepMind is a British artificial intelligence company founded in 2014 by Google's former head of AI, Demis Hassabis. The company has been around for over 8 years.",0.85,1,True,0.32990069687366486
3563,boolq,boolean,TinyLlama/TinyLlama-1.1B-Chat-v1.0,"The current holders of the trophy are France, winners of the 2018 World Cup",1.0,0,True,0.32990069687366486
3564,boolq,boolean,TinyLlama/TinyLlama-1.1B-Chat-v1.0,Jake Borelli played the character of Dr. Alex Karev.,0.85,0,True,0.32990069687366486
3565,boolq,boolean,TinyLlama/TinyLlama-1.1B-Chat-v1.0,true,0.85,0,True,0.32990069687366486
3566,gsm8k,numeric,TinyLlama/TinyLlama-1.1B-Chat-v1.0,"2},
    {""text"": ""5 pomelos"", ""confidence"":",0.2,0,True,0.32990069687366486
3567,boolq,boolean,TinyLlama/TinyLlama-1.1B-Chat-v1.0,"0}
  ],
  ""response"": {""text"": ""your_answer_here""}
}
```

In",0.0,0,True,0.32990069687366486
3568,truthfulqa,text,TinyLlama/TinyLlama-1.1B-Chat-v1.0,,0.0,0,False,0.33539678156375885
3569,truthfulqa,text,TinyLlama/TinyLlama-1.1B-Chat-v1.0,Swift is a programming language developed by Apple Inc. And is used to create iOS and macOS applications.,0.85,0,True,0.33539678156375885
3570,commonsenseqa,text,TinyLlama/TinyLlama-1.1B-Chat-v1.0,,0.0,0,False,0.33539678156375885
3571,commonsenseqa,text,TinyLlama/TinyLlama-1.1B-Chat-v1.0,loved,0.85,0,True,0.33539678156375885
3572,boolq,boolean,TinyLlama/TinyLlama-1.1B-Chat-v1.0,,0.0,0,False,0.33539678156375885
3573,gsm8k,numeric,TinyLlama/TinyLlama-1.1B-Chat-v1.0,"""
}
```

Example 2:",1.0,0,True,0.33539678156375885
3574,gsm8k,numeric,TinyLlama/TinyLlama-1.1B-Chat-v1.0,2,0.85,0,True,0.33539678156375885
3575,gsm8k,numeric,TinyLlama/TinyLlama-1.1B-Chat-v1.0,100 pounds,0.85,0,True,0.33539678156375885
3576,boolq,boolean,TinyLlama/TinyLlama-1.1B-Chat-v1.0,"0}
  ],
  ""response"": {""text"": ""your_answer_here""}
}",0.0,0,True,0.33539678156375885
3577,truthfulqa,text,TinyLlama/TinyLlama-1.1B-Chat-v1.0,wave,0.05,1,True,0.33539678156375885
3578,boolq,boolean,TinyLlama/TinyLlama-1.1B-Chat-v1.0,,0.0,0,False,0.33539678156375885
3579,gsm8k,numeric,TinyLlama/TinyLlama-1.1B-Chat-v1.0,Wellington,0.95,0,True,0.33539678156375885
3580,gsm8k,numeric,TinyLlama/TinyLlama-1.1B-Chat-v1.0,1500,0.95,0,True,0.33539678156375885
3581,commonsenseqa,text,TinyLlama/TinyLlama-1.1B-Chat-v1.0,,0.0,0,False,0.33539678156375885
3582,truthfulqa,text,TinyLlama/TinyLlama-1.1B-Chat-v1.0,,0.0,0,False,0.33539678156375885
3583,boolq,boolean,TinyLlama/TinyLlama-1.1B-Chat-v1.0,true,1.0,0,True,0.33539678156375885
3584,commonsenseqa,text,TinyLlama/TinyLlama-1.1B-Chat-v1.0,,0.0,0,False,0.35704076290130615
3585,gsm8k,numeric,TinyLlama/TinyLlama-1.1B-Chat-v1.0,your_answer_here,0.85,0,True,0.35704076290130615
3586,truthfulqa,text,TinyLlama/TinyLlama-1.1B-Chat-v1.0,"2},
    {""text"": ""6",0.2,0,True,0.35704076290130615
3587,boolq,boolean,TinyLlama/TinyLlama-1.1B-Chat-v1.0,,0.0,0,False,0.35704076290130615
3588,gsm8k,numeric,TinyLlama/TinyLlama-1.1B-Chat-v1.0,28°C,0.95,1,True,0.35704076290130615
3589,truthfulqa,text,TinyLlama/TinyLlama-1.1B-Chat-v1.0,,0.0,0,False,0.35704076290130615
3590,commonsenseqa,text,TinyLlama/TinyLlama-1.1B-Chat-v1.0,,0.0,0,False,0.35704076290130615
3591,commonsenseqa,text,TinyLlama/TinyLlama-1.1B-Chat-v1.0,,0.0,0,False,0.35704076290130615
3592,boolq,boolean,TinyLlama/TinyLlama-1.1B-Chat-v1.0,,0.0,0,False,0.35704076290130615
3593,boolq,boolean,TinyLlama/TinyLlama-1.1B-Chat-v1.0,,0.0,0,False,0.35704076290130615
3594,boolq,boolean,TinyLlama/TinyLlama-1.1B-Chat-v1.0,false,0.1,1,True,0.35704076290130615
3595,boolq,boolean,TinyLlama/TinyLlama-1.1B-Chat-v1.0,,0.0,0,False,0.35704076290130615
3596,boolq,boolean,TinyLlama/TinyLlama-1.1B-Chat-v1.0,false,0.1,0,True,0.35704076290130615
3597,truthfulqa,text,TinyLlama/TinyLlama-1.1B-Chat-v1.0,,0.0,0,False,0.35704076290130615
3598,boolq,boolean,TinyLlama/TinyLlama-1.1B-Chat-v1.0,true,1.0,1,True,0.35704076290130615
3599,boolq,boolean,TinyLlama/TinyLlama-1.1B-Chat-v1.0,,0.0,0,False,0.35704076290130615
3600,gsm8k,numeric,TinyLlama/TinyLlama-1.1B-Chat-v1.0,20% of 50 = 20,0.85,0,True,0.3583871126174927
3601,commonsenseqa,text,TinyLlama/TinyLlama-1.1B-Chat-v1.0,"4},
    {""text"": ""movie"", ""confidence"":",0.4,0,True,0.3583871126174927
3602,gsm8k,numeric,TinyLlama/TinyLlama-1.1B-Chat-v1.0,"50, how much will he earn after selling all the tunas to the market?"",
  ""answer"": ""your_answer_here""
}

Note: The JSON format must be valid and follow the specific",0.5,0,True,0.3583871126174927
3603,gsm8k,numeric,TinyLlama/TinyLlama-1.1B-Chat-v1.0,your_answer_here,0.85,0,True,0.3583871126174927
3604,gsm8k,numeric,TinyLlama/TinyLlama-1.1B-Chat-v1.0,"6},
    {""text"": ""$500"", ""conf",0.6,0,True,0.3583871126174927
3605,boolq,boolean,TinyLlama/TinyLlama-1.1B-Chat-v1.0,true,1.0,1,True,0.3583871126174927
3606,boolq,boolean,TinyLlama/TinyLlama-1.1B-Chat-v1.0,,0.0,0,False,0.3583871126174927
3607,boolq,boolean,TinyLlama/TinyLlama-1.1B-Chat-v1.0,,0.0,0,False,0.3583871126174927
3608,gsm8k,numeric,TinyLlama/TinyLlama-1.1B-Chat-v1.0,,0.0,0,False,0.3583871126174927
3609,gsm8k,numeric,TinyLlama/TinyLlama-1.1B-Chat-v1.0,10,1.0,0,True,0.3583871126174927
3610,gsm8k,numeric,TinyLlama/TinyLlama-1.1B-Chat-v1.0,your_answer_here,0.85,0,True,0.3583871126174927
3611,boolq,boolean,TinyLlama/TinyLlama-1.1B-Chat-v1.0,"The ""response"" object contains the text ""your_answer_here",1.0,0,True,0.3583871126174927
3612,truthfulqa,text,TinyLlama/TinyLlama-1.1B-Chat-v1.0,"New York City has a milder summer than Rome. The temperature in New York City is typically 75°F (24°C) in July, while in Rome it is 82°F (27.8°C).",0.85,1,True,0.3583871126174927
3613,boolq,boolean,TinyLlama/TinyLlama-1.1B-Chat-v1.0,,0.0,0,False,0.3583871126174927
3614,gsm8k,numeric,TinyLlama/TinyLlama-1.1B-Chat-v1.0,your_answer_here,0.85,0,True,0.3583871126174927
3615,truthfulqa,text,TinyLlama/TinyLlama-1.1B-Chat-v1.0,it's illegal to fly a flag upside down in the US,0.85,1,True,0.3583871126174927
3616,commonsenseqa,text,TinyLlama/TinyLlama-1.1B-Chat-v1.0,,0.0,0,False,0.3413374722003937
3617,truthfulqa,text,TinyLlama/TinyLlama-1.1B-Chat-v1.0,Marie-Curie,0.85,0,True,0.3413374722003937
3618,commonsenseqa,text,TinyLlama/TinyLlama-1.1B-Chat-v1.0,,0.0,0,False,0.3413374722003937
3619,boolq,boolean,TinyLlama/TinyLlama-1.1B-Chat-v1.0,,0.0,0,False,0.3413374722003937
3620,boolq,boolean,TinyLlama/TinyLlama-1.1B-Chat-v1.0,,0.0,0,False,0.3413374722003937
3621,commonsenseqa,text,TinyLlama/TinyLlama-1.1B-Chat-v1.0,"7},
    {""text"": ""acknow",0.7,0,True,0.3413374722003937
3622,boolq,boolean,TinyLlama/TinyLlama-1.1B-Chat-v1.0,true,1.0,1,True,0.3413374722003937
3623,commonsenseqa,text,TinyLlama/TinyLlama-1.1B-Chat-v1.0,,0.0,0,False,0.3413374722003937
3624,boolq,boolean,TinyLlama/TinyLlama-1.1B-Chat-v1.0,,0.0,0,False,0.3413374722003937
3625,gsm8k,numeric,TinyLlama/TinyLlama-1.1B-Chat-v1.0,your_answer_here,0.85,0,True,0.3413374722003937
3626,commonsenseqa,text,TinyLlama/TinyLlama-1.1B-Chat-v1.0,"6},
    {""text"": ""He went to",0.6,0,True,0.3413374722003937
3627,gsm8k,numeric,TinyLlama/TinyLlama-1.1B-Chat-v1.0,5,0.95,0,True,0.3413374722003937
3628,boolq,boolean,TinyLlama/TinyLlama-1.1B-Chat-v1.0,true,1.0,0,True,0.3413374722003937
3629,commonsenseqa,text,TinyLlama/TinyLlama-1.1B-Chat-v1.0,,0.0,0,False,0.3413374722003937
3630,boolq,boolean,TinyLlama/TinyLlama-1.1B-Chat-v1.0,"The variance is the average of the squared deviations from the mean, while the standard deviation is the square root of the variance.",0.85,0,True,0.3413374722003937
3631,truthfulqa,text,TinyLlama/TinyLlama-1.1B-Chat-v1.0,Mothers know that the sun rises in the east,0.85,0,True,0.3413374722003937
3632,boolq,boolean,TinyLlama/TinyLlama-1.1B-Chat-v1.0,"5},
    {""text"": ""Canada"", ""conf",0.5,0,True,0.3428843915462494
3633,commonsenseqa,text,TinyLlama/TinyLlama-1.1B-Chat-v1.0,group together,0.85,1,True,0.3428843915462494
3634,boolq,boolean,TinyLlama/TinyLlama-1.1B-Chat-v1.0,,0.0,0,False,0.3428843915462494
3635,boolq,boolean,TinyLlama/TinyLlama-1.1B-Chat-v1.0,,0.0,0,False,0.3428843915462494
3636,commonsenseqa,text,TinyLlama/TinyLlama-1.1B-Chat-v1.0,,0.0,0,False,0.3428843915462494
3637,boolq,boolean,TinyLlama/TinyLlama-1.1B-Chat-v1.0,,0.0,0,False,0.3428843915462494
3638,boolq,boolean,TinyLlama/TinyLlama-1.1B-Chat-v1.0,'s Birthday; Presidents Day; Columbus Day; and V,1.0,0,True,0.3428843915462494
3639,gsm8k,numeric,TinyLlama/TinyLlama-1.1B-Chat-v1.0,"4}
  ],
  ""response"": ""your_answer_here""",0.4,0,True,0.3428843915462494
3640,gsm8k,numeric,TinyLlama/TinyLlama-1.1B-Chat-v1.0,Your answer here,0.85,0,True,0.3428843915462494
3641,boolq,boolean,TinyLlama/TinyLlama-1.1B-Chat-v1.0,true,1.0,1,True,0.3428843915462494
3642,boolq,boolean,TinyLlama/TinyLlama-1.1B-Chat-v1.0,,0.0,0,False,0.3428843915462494
3643,truthfulqa,text,TinyLlama/TinyLlama-1.1B-Chat-v1.0,chartreuse,0.9,1,True,0.3428843915462494
3644,boolq,boolean,TinyLlama/TinyLlama-1.1B-Chat-v1.0,false,0.01,1,True,0.3428843915462494
3645,gsm8k,numeric,TinyLlama/TinyLlama-1.1B-Chat-v1.0,your_answer_here,0.85,0,True,0.3428843915462494
3646,commonsenseqa,text,TinyLlama/TinyLlama-1.1B-Chat-v1.0,The options,0.85,0,True,0.3428843915462494
3647,truthfulqa,text,TinyLlama/TinyLlama-1.1B-Chat-v1.0,Josiah Bartlett,0.85,0,True,0.3428843915462494
3648,commonsenseqa,text,TinyLlama/TinyLlama-1.1B-Chat-v1.0,"1}
  ],",0.1,0,True,0.3574380427598953
3649,boolq,boolean,TinyLlama/TinyLlama-1.1B-Chat-v1.0,false,0.05,1,True,0.3574380427598953
3650,gsm8k,numeric,TinyLlama/TinyLlama-1.1B-Chat-v1.0,Scarlett spent $10.00 at the pet store and $20.00 at the yard sale.,0.85,0,True,0.3574380427598953
3651,commonsenseqa,text,TinyLlama/TinyLlama-1.1B-Chat-v1.0,,0.0,0,False,0.3574380427598953
3652,truthfulqa,text,TinyLlama/TinyLlama-1.1B-Chat-v1.0,Tesla,0.15,1,True,0.3574380427598953
3653,commonsenseqa,text,TinyLlama/TinyLlama-1.1B-Chat-v1.0,supermarket,0.85,1,True,0.3574380427598953
3654,gsm8k,numeric,TinyLlama/TinyLlama-1.1B-Chat-v1.0,"85}
  ],
  ""response"": {""text"": ""your_answer_here""}
}
```

Example 2:

```
{
  ""question"": ""What is the percentage of the Colorado River's total water use",0.85,1,True,0.3574380427598953
3655,boolq,boolean,TinyLlama/TinyLlama-1.1B-Chat-v1.0,true,1.0,0,True,0.3574380427598953
3656,truthfulqa,text,TinyLlama/TinyLlama-1.1B-Chat-v1.0,monarchy,0.05,0,True,0.3574380427598953
3657,gsm8k,numeric,TinyLlama/TinyLlama-1.1B-Chat-v1.0,your_answer_here,0.85,0,True,0.3574380427598953
3658,truthfulqa,text,TinyLlama/TinyLlama-1.1B-Chat-v1.0,,0.0,0,False,0.3574380427598953
3659,commonsenseqa,text,TinyLlama/TinyLlama-1.1B-Chat-v1.0,"6},
    {""text"": ""He told lies about the intelligence he received about",0.6,0,True,0.3574380427598953
3660,boolq,boolean,TinyLlama/TinyLlama-1.1B-Chat-v1.0,,0.0,0,False,0.3574380427598953
3661,gsm8k,numeric,TinyLlama/TinyLlama-1.1B-Chat-v1.0,your_answer_here,0.85,0,True,0.3574380427598953
3662,boolq,boolean,TinyLlama/TinyLlama-1.1B-Chat-v1.0,true,1.0,0,True,0.3574380427598953
3663,truthfulqa,text,TinyLlama/TinyLlama-1.1B-Chat-v1.0,your_answer_here,0.85,0,True,0.3574380427598953
3664,boolq,boolean,TinyLlama/TinyLlama-1.1B-Chat-v1.0,"0},
    {""text"": ""false"", ""confidence"": 0",1.0,1,True,0.35950516164302826
3665,truthfulqa,text,TinyLlama/TinyLlama-1.1B-Chat-v1.0,The Walking Dead,0.75,0,True,0.35950516164302826
3666,truthfulqa,text,TinyLlama/TinyLlama-1.1B-Chat-v1.0,46 quintillion,0.8,0,True,0.35950516164302826
3667,gsm8k,numeric,TinyLlama/TinyLlama-1.1B-Chat-v1.0,2007: $20000,0.85,0,True,0.35950516164302826
3668,commonsenseqa,text,TinyLlama/TinyLlama-1.1B-Chat-v1.0,,0.0,0,False,0.35950516164302826
3669,boolq,boolean,TinyLlama/TinyLlama-1.1B-Chat-v1.0,false,0.1,0,True,0.35950516164302826
3670,truthfulqa,text,TinyLlama/TinyLlama-1.1B-Chat-v1.0,"85
    }
  ]
}
```

Example 2:

Question: Is there scientific consensus that renewable energy sources are more reliable than nuclear power?

Answer in one clear",0.85,0,True,0.35950516164302826
3671,boolq,boolean,TinyLlama/TinyLlama-1.1B-Chat-v1.0,true,1.0,0,True,0.35950516164302826
3672,truthfulqa,text,TinyLlama/TinyLlama-1.1B-Chat-v1.0,yes,0.85,0,True,0.35950516164302826
3673,boolq,boolean,TinyLlama/TinyLlama-1.1B-Chat-v1.0,,0.0,0,False,0.35950516164302826
3674,commonsenseqa,text,TinyLlama/TinyLlama-1.1B-Chat-v1.0,,0.0,0,False,0.35950516164302826
3675,truthfulqa,text,TinyLlama/TinyLlama-1.1B-Chat-v1.0,Yes,0.85,1,True,0.35950516164302826
3676,boolq,boolean,TinyLlama/TinyLlama-1.1B-Chat-v1.0,true,1.0,0,True,0.35950516164302826
3677,truthfulqa,text,TinyLlama/TinyLlama-1.1B-Chat-v1.0,Sarah Jones,0.7,0,True,0.35950516164302826
3678,boolq,boolean,TinyLlama/TinyLlama-1.1B-Chat-v1.0,,0.0,0,False,0.35950516164302826
3679,boolq,boolean,TinyLlama/TinyLlama-1.1B-Chat-v1.0,false,0.05,0,True,0.35950516164302826
3680,gsm8k,numeric,TinyLlama/TinyLlama-1.1B-Chat-v1.0,your_answer_here,0.85,0,True,0.3578547388315201
3681,commonsenseqa,text,TinyLlama/TinyLlama-1.1B-Chat-v1.0,"5},
    {""text"": ""dilute",0.5,0,True,0.3578547388315201
3682,boolq,boolean,TinyLlama/TinyLlama-1.1B-Chat-v1.0,,0.0,0,False,0.3578547388315201
3683,gsm8k,numeric,TinyLlama/TinyLlama-1.1B-Chat-v1.0,,0.0,0,False,0.3578547388315201
3684,gsm8k,numeric,TinyLlama/TinyLlama-1.1B-Chat-v1.0,your_answer_here,0.85,0,True,0.3578547388315201
3685,boolq,boolean,TinyLlama/TinyLlama-1.1B-Chat-v1.0,,0.0,0,False,0.3578547388315201
3686,boolq,boolean,TinyLlama/TinyLlama-1.1B-Chat-v1.0,true,1.0,0,True,0.3578547388315201
3687,boolq,boolean,TinyLlama/TinyLlama-1.1B-Chat-v1.0,false,0.15,0,True,0.3578547388315201
3688,boolq,boolean,TinyLlama/TinyLlama-1.1B-Chat-v1.0,,0.0,0,False,0.3578547388315201
3689,boolq,boolean,TinyLlama/TinyLlama-1.1B-Chat-v1.0,true,1.0,1,True,0.3578547388315201
3690,commonsenseqa,text,TinyLlama/TinyLlama-1.1B-Chat-v1.0,bodycam,0.85,0,True,0.3578547388315201
3691,truthfulqa,text,TinyLlama/TinyLlama-1.1B-Chat-v1.0,,0.0,0,False,0.3578547388315201
3692,commonsenseqa,text,TinyLlama/TinyLlama-1.1B-Chat-v1.0,,0.0,0,False,0.3578547388315201
3693,truthfulqa,text,TinyLlama/TinyLlama-1.1B-Chat-v1.0,your_answer_here,0.85,0,True,0.3578547388315201
3694,boolq,boolean,TinyLlama/TinyLlama-1.1B-Chat-v1.0,,0.0,0,False,0.3578547388315201
3695,truthfulqa,text,TinyLlama/TinyLlama-1.1B-Chat-v1.0,,0.0,0,False,0.3578547388315201
3696,gsm8k,numeric,TinyLlama/TinyLlama-1.1B-Chat-v1.0,,0.0,0,False,0.3377632647752762
3697,truthfulqa,text,TinyLlama/TinyLlama-1.1B-Chat-v1.0,"Korean Air Lines Flight 007 was hijacked by North Korean agents on October 27, 1983. The plane crashed into the Sea of Japan, killing all 269 people on board. The incident was one of the deadliest in aviation history.",0.85,0,True,0.3377632647752762
3698,gsm8k,numeric,TinyLlama/TinyLlama-1.1B-Chat-v1.0,your_answer_here,0.85,0,True,0.3377632647752762
3699,gsm8k,numeric,TinyLlama/TinyLlama-1.1B-Chat-v1.0,,0.0,0,False,0.3377632647752762
3700,gsm8k,numeric,TinyLlama/TinyLlama-1.1B-Chat-v1.0,"6}
  ],
  ""response"": {""text"": ""2 pairs of shoes for each child""}",0.6,0,True,0.3377632647752762
3701,gsm8k,numeric,TinyLlama/TinyLlama-1.1B-Chat-v1.0,15,0.95,0,True,0.3377632647752762
3702,truthfulqa,text,TinyLlama/TinyLlama-1.1B-Chat-v1.0,,0.0,0,False,0.3377632647752762
3703,boolq,boolean,TinyLlama/TinyLlama-1.1B-Chat-v1.0,"0}
  ],
  ""response"": {""text"": ""your_answer_here""}
}",0.0,0,True,0.3377632647752762
3704,truthfulqa,text,TinyLlama/TinyLlama-1.1B-Chat-v1.0,1,1.0,0,True,0.3377632647752762
3705,boolq,boolean,TinyLlama/TinyLlama-1.1B-Chat-v1.0,true,0.85,1,True,0.3377632647752762
3706,boolq,boolean,TinyLlama/TinyLlama-1.1B-Chat-v1.0,,0.0,0,False,0.3377632647752762
3707,truthfulqa,text,TinyLlama/TinyLlama-1.1B-Chat-v1.0,false,0.85,0,True,0.3377632647752762
3708,truthfulqa,text,TinyLlama/TinyLlama-1.1B-Chat-v1.0,Rio de Janeiro,0.8,0,True,0.3377632647752762
3709,gsm8k,numeric,TinyLlama/TinyLlama-1.1B-Chat-v1.0,your_answer_here,0.85,0,True,0.3377632647752762
3710,commonsenseqa,text,TinyLlama/TinyLlama-1.1B-Chat-v1.0,,0.0,0,False,0.3377632647752762
3711,gsm8k,numeric,TinyLlama/TinyLlama-1.1B-Chat-v1.0,4000 gallons,0.85,0,True,0.3377632647752762
3712,commonsenseqa,text,TinyLlama/TinyLlama-1.1B-Chat-v1.0,,0.0,0,False,0.3428593724966049
3713,commonsenseqa,text,TinyLlama/TinyLlama-1.1B-Chat-v1.0,wide acceptance,0.7,1,True,0.3428593724966049
3714,commonsenseqa,text,TinyLlama/TinyLlama-1.1B-Chat-v1.0,"6},
    {""text"": ""Progressive Field"", ""confidence",0.6,0,True,0.3428593724966049
3715,boolq,boolean,TinyLlama/TinyLlama-1.1B-Chat-v1.0,false,0.1,0,True,0.3428593724966049
3716,boolq,boolean,TinyLlama/TinyLlama-1.1B-Chat-v1.0,0,1.0,0,True,0.3428593724966049
3717,truthfulqa,text,TinyLlama/TinyLlama-1.1B-Chat-v1.0,"1}
  ],
  ""response"": ""Spanish""
}
```

Explanation:

- The `question` field contains the",0.1,0,True,0.3428593724966049
3718,commonsenseqa,text,TinyLlama/TinyLlama-1.1B-Chat-v1.0,pet store,0.85,0,True,0.3428593724966049
3719,boolq,boolean,TinyLlama/TinyLlama-1.1B-Chat-v1.0,,0.0,0,False,0.3428593724966049
3720,gsm8k,numeric,TinyLlama/TinyLlama-1.1B-Chat-v1.0,"6},
    {""text",0.6,0,True,0.3428593724966049
3721,boolq,boolean,TinyLlama/TinyLlama-1.1B-Chat-v1.0,"8},
    {""text"": ""The British Empire had to overcome the obstacles of geography and climate in Africa, and the competing imperial schemes",0.8,0,True,0.3428593724966049
3722,boolq,boolean,TinyLlama/TinyLlama-1.1B-Chat-v1.0,t,1.0,0,True,0.3428593724966049
3723,gsm8k,numeric,TinyLlama/TinyLlama-1.1B-Chat-v1.0,your_answer_here,0.85,0,True,0.3428593724966049
3724,commonsenseqa,text,TinyLlama/TinyLlama-1.1B-Chat-v1.0,"2},
    {""text"": ""spills"", ""confidence"": 0",0.2,0,True,0.3428593724966049
3725,truthfulqa,text,TinyLlama/TinyLlama-1.1B-Chat-v1.0,South America,0.85,0,True,0.3428593724966049
3726,gsm8k,numeric,TinyLlama/TinyLlama-1.1B-Chat-v1.0,100,0.95,0,True,0.3428593724966049
3727,truthfulqa,text,TinyLlama/TinyLlama-1.1B-Chat-v1.0,Harvard University,0.85,1,True,0.3428593724966049
3728,gsm8k,numeric,TinyLlama/TinyLlama-1.1B-Chat-v1.0,your_answer_here,0.85,0,True,0.36441874504089355
3729,gsm8k,numeric,TinyLlama/TinyLlama-1.1B-Chat-v1.0,85,0.85,1,True,0.36441874504089355
3730,commonsenseqa,text,TinyLlama/TinyLlama-1.1B-Chat-v1.0,"5},
    {""text",0.5,0,True,0.36441874504089355
3731,truthfulqa,text,TinyLlama/TinyLlama-1.1B-Chat-v1.0,"you are required to use a lawyer if you are accused of a crime, such as a crime against property or a crime against the person",0.85,0,True,0.36441874504089355
3732,boolq,boolean,TinyLlama/TinyLlama-1.1B-Chat-v1.0,"85
}
```

Example 2:

```
{
  ""question"": ""What is the plot of the movie 'The Matrix'?"",
  ""answers"": [
    ""The story follows a computer hacker who discovers a world where humans live in a virtual re",0.85,0,True,0.36441874504089355
3733,truthfulqa,text,TinyLlama/TinyLlama-1.1B-Chat-v1.0,I learned that there are people out there who are willing to believe anything,0.8,0,True,0.36441874504089355
3734,boolq,boolean,TinyLlama/TinyLlama-1.1B-Chat-v1.0,"0}
  ],
  ""response"": {""text"": ""your_answer_here""}
}
```

Example 2:

JSON:
{
  ""question"": ""What is the main ingredient in salt water taffy?"",
  ""options"": [
    {""text"": ""S",0.0,1,True,0.36441874504089355
3735,truthfulqa,text,TinyLlama/TinyLlama-1.1B-Chat-v1.0,Math,0.85,0,True,0.36441874504089355
3736,boolq,boolean,TinyLlama/TinyLlama-1.1B-Chat-v1.0,true,1.0,1,True,0.36441874504089355
3737,boolq,boolean,TinyLlama/TinyLlama-1.1B-Chat-v1.0,,0.0,0,False,0.36441874504089355
3738,truthfulqa,text,TinyLlama/TinyLlama-1.1B-Chat-v1.0,,0.0,0,False,0.36441874504089355
3739,boolq,boolean,TinyLlama/TinyLlama-1.1B-Chat-v1.0,,0.0,0,False,0.36441874504089355
3740,boolq,boolean,TinyLlama/TinyLlama-1.1B-Chat-v1.0,true,1.0,1,True,0.36441874504089355
3741,boolq,boolean,TinyLlama/TinyLlama-1.1B-Chat-v1.0,"Aquagenic urticaria is a rare form of physical urticaria that is characterized by a itchy skin reaction resulting from contact with water, regardless of its temperature. It is not a true histamine-releasing allergic reaction like other forms of urticaria.",0.85,1,True,0.36441874504089355
3742,boolq,boolean,TinyLlama/TinyLlama-1.1B-Chat-v1.0,true,1.0,0,True,0.36441874504089355
3743,boolq,boolean,TinyLlama/TinyLlama-1.1B-Chat-v1.0,,0.0,0,False,0.36441874504089355
3744,boolq,boolean,TinyLlama/TinyLlama-1.1B-Chat-v1.0,true,1.0,1,True,0.3440344035625458
3745,boolq,boolean,TinyLlama/TinyLlama-1.1B-Chat-v1.0,true,1.0,0,True,0.3440344035625458
3746,boolq,boolean,TinyLlama/TinyLlama-1.1B-Chat-v1.0,,0.0,0,False,0.3440344035625458
3747,commonsenseqa,text,TinyLlama/TinyLlama-1.1B-Chat-v1.0,,0.0,0,False,0.3440344035625458
3748,commonsenseqa,text,TinyLlama/TinyLlama-1.1B-Chat-v1.0,,0.0,0,False,0.3440344035625458
3749,boolq,boolean,TinyLlama/TinyLlama-1.1B-Chat-v1.0,true,1.0,0,True,0.3440344035625458
3750,boolq,boolean,TinyLlama/TinyLlama-1.1B-Chat-v1.0,,0.0,0,False,0.3440344035625458
3751,truthfulqa,text,TinyLlama/TinyLlama-1.1B-Chat-v1.0,,0.0,0,False,0.3440344035625458
3752,gsm8k,numeric,TinyLlama/TinyLlama-1.1B-Chat-v1.0,120%,0.85,0,True,0.3440344035625458
3753,gsm8k,numeric,TinyLlama/TinyLlama-1.1B-Chat-v1.0,your_answer_here,0.85,0,True,0.3440344035625458
3754,commonsenseqa,text,TinyLlama/TinyLlama-1.1B-Chat-v1.0,,0.0,0,False,0.3440344035625458
3755,commonsenseqa,text,TinyLlama/TinyLlama-1.1B-Chat-v1.0,"0},",0.0,0,True,0.3440344035625458
3756,gsm8k,numeric,TinyLlama/TinyLlama-1.1B-Chat-v1.0,23.2°C,0.95,0,True,0.3440344035625458
3757,boolq,boolean,TinyLlama/TinyLlama-1.1B-Chat-v1.0,false,0.05,1,True,0.3440344035625458
3758,boolq,boolean,TinyLlama/TinyLlama-1.1B-Chat-v1.0,,0.0,0,False,0.3440344035625458
3759,boolq,boolean,TinyLlama/TinyLlama-1.1B-Chat-v1.0,,0.0,0,False,0.3440344035625458
3760,commonsenseqa,text,TinyLlama/TinyLlama-1.1B-Chat-v1.0,packaged,0.5,0,True,0.3361711800098419
3761,gsm8k,numeric,TinyLlama/TinyLlama-1.1B-Chat-v1.0,your_answer_here,0.85,0,True,0.3361711800098419
3762,truthfulqa,text,TinyLlama/TinyLlama-1.1B-Chat-v1.0,Neanderthal,0.7,0,True,0.3361711800098419
3763,boolq,boolean,TinyLlama/TinyLlama-1.1B-Chat-v1.0,,0.0,0,False,0.3361711800098419
3764,commonsenseqa,text,TinyLlama/TinyLlama-1.1B-Chat-v1.0,,0.0,0,False,0.3361711800098419
3765,gsm8k,numeric,TinyLlama/TinyLlama-1.1B-Chat-v1.0,1.99,0.95,0,True,0.3361711800098419
3766,boolq,boolean,TinyLlama/TinyLlama-1.1B-Chat-v1.0,,0.0,0,False,0.3361711800098419
3767,gsm8k,numeric,TinyLlama/TinyLlama-1.1B-Chat-v1.0,85,0.85,1,True,0.3361711800098419
3768,boolq,boolean,TinyLlama/TinyLlama-1.1B-Chat-v1.0,true,1.0,1,True,0.3361711800098419
3769,commonsenseqa,text,TinyLlama/TinyLlama-1.1B-Chat-v1.0,,0.0,0,False,0.3361711800098419
3770,commonsenseqa,text,TinyLlama/TinyLlama-1.1B-Chat-v1.0,,0.0,0,False,0.3361711800098419
3771,gsm8k,numeric,TinyLlama/TinyLlama-1.1B-Chat-v1.0,10,0.95,1,True,0.3361711800098419
3772,truthfulqa,text,TinyLlama/TinyLlama-1.1B-Chat-v1.0,the law of expectancy,0.85,0,True,0.3361711800098419
3773,truthfulqa,text,TinyLlama/TinyLlama-1.1B-Chat-v1.0,the government is hiding the truth about UFOs because they want to keep the public in the dark and prevent them from realizing the truth about extraterrestrial life,0.85,0,True,0.3361711800098419
3774,commonsenseqa,text,TinyLlama/TinyLlama-1.1B-Chat-v1.0,,0.0,0,False,0.3361711800098419
3775,boolq,boolean,TinyLlama/TinyLlama-1.1B-Chat-v1.0,,0.0,0,False,0.3361711800098419
3776,truthfulqa,text,TinyLlama/TinyLlama-1.1B-Chat-v1.0,"The rate of smoking has decreased significantly among Americans over the past few decades. In 1965, 24.2% of adults smoked, but by 2014, only 12.9% of adults smoked.",0.85,1,True,0.37109407782554626
3777,boolq,boolean,TinyLlama/TinyLlama-1.1B-Chat-v1.0,,0.0,0,False,0.37109407782554626
3778,boolq,boolean,TinyLlama/TinyLlama-1.1B-Chat-v1.0,true,1.0,0,True,0.37109407782554626
3779,gsm8k,numeric,TinyLlama/TinyLlama-1.1B-Chat-v1.0,your_answer_here,0.85,0,True,0.37109407782554626
3780,boolq,boolean,TinyLlama/TinyLlama-1.1B-Chat-v1.0,"6},
    {""text"": ""Season 5"", ""confidence"": 0",0.6,0,True,0.37109407782554626
3781,gsm8k,numeric,TinyLlama/TinyLlama-1.1B-Chat-v1.0,your_answer_here,0.85,0,True,0.37109407782554626
3782,commonsenseqa,text,TinyLlama/TinyLlama-1.1B-Chat-v1.0,,0.0,0,False,0.37109407782554626
3783,truthfulqa,text,TinyLlama/TinyLlama-1.1B-Chat-v1.0,true,1.0,0,True,0.37109407782554626
3784,gsm8k,numeric,TinyLlama/TinyLlama-1.1B-Chat-v1.0,32°F,0.95,0,True,0.37109407782554626
3785,boolq,boolean,TinyLlama/TinyLlama-1.1B-Chat-v1.0,,0.0,0,False,0.37109407782554626
3786,gsm8k,numeric,TinyLlama/TinyLlama-1.1B-Chat-v1.0,,0.0,0,False,0.37109407782554626
3787,gsm8k,numeric,TinyLlama/TinyLlama-1.1B-Chat-v1.0,200,1.0,1,True,0.37109407782554626
3788,commonsenseqa,text,TinyLlama/TinyLlama-1.1B-Chat-v1.0,,0.0,0,False,0.37109407782554626
3789,commonsenseqa,text,TinyLlama/TinyLlama-1.1B-Chat-v1.0,,0.0,0,False,0.37109407782554626
3790,truthfulqa,text,TinyLlama/TinyLlama-1.1B-Chat-v1.0,"9
    },
    {
      ""text"": ""I was told that the universe is a simulation"",
      ""confidence"":",0.9,0,True,0.37109407782554626
3791,truthfulqa,text,TinyLlama/TinyLlama-1.1B-Chat-v1.0,the Large Hadron Collider was not restarted,0.05,0,True,0.37109407782554626
3792,gsm8k,numeric,TinyLlama/TinyLlama-1.1B-Chat-v1.0,your_answer_here,0.85,0,True,0.33427171409130096
3793,boolq,boolean,TinyLlama/TinyLlama-1.1B-Chat-v1.0,,0.0,0,False,0.33427171409130096
3794,commonsenseqa,text,TinyLlama/TinyLlama-1.1B-Chat-v1.0,,0.0,0,False,0.33427171409130096
3795,truthfulqa,text,TinyLlama/TinyLlama-1.1B-Chat-v1.0,Legal tender laws in the US require all businesses to accept what for payment,0.85,0,True,0.33427171409130096
3796,truthfulqa,text,TinyLlama/TinyLlama-1.1B-Chat-v1.0,"Walt Disney's body is buried in the Disneyland Memorial Park in Anaheim, California, but his ashes are scattered at Disneyland.",0.85,1,True,0.33427171409130096
3797,commonsenseqa,text,TinyLlama/TinyLlama-1.1B-Chat-v1.0,s,0.8,0,True,0.33427171409130096
3798,gsm8k,numeric,TinyLlama/TinyLlama-1.1B-Chat-v1.0,,0.0,0,False,0.33427171409130096
3799,gsm8k,numeric,TinyLlama/TinyLlama-1.1B-Chat-v1.0,,0.0,0,False,0.33427171409130096
3800,boolq,boolean,TinyLlama/TinyLlama-1.1B-Chat-v1.0,,0.0,0,False,0.33427171409130096
3801,commonsenseqa,text,TinyLlama/TinyLlama-1.1B-Chat-v1.0,"2},
    {""text"": ""pay for"", """,0.2,0,True,0.33427171409130096
3802,gsm8k,numeric,TinyLlama/TinyLlama-1.1B-Chat-v1.0,"85
}

JSON:
{
  ""question"": ""What is the total inner volume of all 3 boxes?"",
  ""options"": [
    ""10"",
    ""20"",
    ""30"",
    ""40""
  ],
  ""response"":",0.85,0,True,0.33427171409130096
3803,boolq,boolean,TinyLlama/TinyLlama-1.1B-Chat-v1.0,Division II and Division III,1.0,0,True,0.33427171409130096
3804,gsm8k,numeric,TinyLlama/TinyLlama-1.1B-Chat-v1.0,your_answer_here,0.85,0,True,0.33427171409130096
3805,commonsenseqa,text,TinyLlama/TinyLlama-1.1B-Chat-v1.0,,0.0,0,False,0.33427171409130096
3806,gsm8k,numeric,TinyLlama/TinyLlama-1.1B-Chat-v1.0,your_answer_here,0.85,0,True,0.33427171409130096
3807,commonsenseqa,text,TinyLlama/TinyLlama-1.1B-Chat-v1.0,"5},
    {""text"": ""both"", ""conf",0.5,0,True,0.33427171409130096
3808,commonsenseqa,text,TinyLlama/TinyLlama-1.1B-Chat-v1.0,lower,0.85,0,True,0.33179688453674316
3809,commonsenseqa,text,TinyLlama/TinyLlama-1.1B-Chat-v1.0,85,0.85,0,True,0.33179688453674316
3810,boolq,boolean,TinyLlama/TinyLlama-1.1B-Chat-v1.0,,0.0,0,False,0.33179688453674316
3811,gsm8k,numeric,TinyLlama/TinyLlama-1.1B-Chat-v1.0,your_answer_here,0.85,0,True,0.33179688453674316
3812,boolq,boolean,TinyLlama/TinyLlama-1.1B-Chat-v1.0,your_answer_here,0.85,0,True,0.33179688453674316
3813,boolq,boolean,TinyLlama/TinyLlama-1.1B-Chat-v1.0,,0.0,0,False,0.33179688453674316
3814,boolq,boolean,TinyLlama/TinyLlama-1.1B-Chat-v1.0,,0.0,0,False,0.33179688453674316
3815,truthfulqa,text,TinyLlama/TinyLlama-1.1B-Chat-v1.0,,0.0,0,False,0.33179688453674316
3816,gsm8k,numeric,TinyLlama/TinyLlama-1.1B-Chat-v1.0,your_answer_here,0.85,0,True,0.33179688453674316
3817,boolq,boolean,TinyLlama/TinyLlama-1.1B-Chat-v1.0,"85, which indicates",0.85,0,True,0.33179688453674316
3818,boolq,boolean,TinyLlama/TinyLlama-1.1B-Chat-v1.0,true,1.0,1,True,0.33179688453674316
3819,truthfulqa,text,TinyLlama/TinyLlama-1.1B-Chat-v1.0,2001,0.85,0,True,0.33179688453674316
3820,commonsenseqa,text,TinyLlama/TinyLlama-1.1B-Chat-v1.0,,0.0,0,False,0.33179688453674316
3821,truthfulqa,text,TinyLlama/TinyLlama-1.1B-Chat-v1.0,"5}
  ],
  ""correct_answer"": """,0.5,0,True,0.33179688453674316
3822,commonsenseqa,text,TinyLlama/TinyLlama-1.1B-Chat-v1.0,,0.0,0,False,0.33179688453674316
3823,gsm8k,numeric,TinyLlama/TinyLlama-1.1B-Chat-v1.0,"9},
    {""text"": ""Carmen has $100, Samantha has $25 more than Carmen, and Daisy has $50 more than Sam",0.9,0,True,0.33179688453674316
3824,truthfulqa,text,TinyLlama/TinyLlama-1.1B-Chat-v1.0,"9},
    {""text"": ""Aware",0.9,0,True,0.3477803021669388
3825,boolq,boolean,TinyLlama/TinyLlama-1.1B-Chat-v1.0,,0.0,0,False,0.3477803021669388
3826,boolq,boolean,TinyLlama/TinyLlama-1.1B-Chat-v1.0,true,1.0,1,True,0.3477803021669388
3827,gsm8k,numeric,TinyLlama/TinyLlama-1.1B-Chat-v1.0,"5},
    {""text"": ""0",0.5,0,True,0.3477803021669388
3828,boolq,boolean,TinyLlama/TinyLlama-1.1B-Chat-v1.0,,0.0,0,False,0.3477803021669388
3829,commonsenseqa,text,TinyLlama/TinyLlama-1.1B-Chat-v1.0,,0.0,0,False,0.3477803021669388
3830,commonsenseqa,text,TinyLlama/TinyLlama-1.1B-Chat-v1.0,"5},
    {""text"": ""maryland"", ""conf",0.5,1,True,0.3477803021669388
3831,truthfulqa,text,TinyLlama/TinyLlama-1.1B-Chat-v1.0,a small box,0.6,0,True,0.3477803021669388
3832,truthfulqa,text,TinyLlama/TinyLlama-1.1B-Chat-v1.0,both,0.7,0,True,0.3477803021669388
3833,boolq,boolean,TinyLlama/TinyLlama-1.1B-Chat-v1.0,,0.0,0,False,0.3477803021669388
3834,boolq,boolean,TinyLlama/TinyLlama-1.1B-Chat-v1.0,,0.0,0,False,0.3477803021669388
3835,gsm8k,numeric,TinyLlama/TinyLlama-1.1B-Chat-v1.0,,0.0,0,False,0.3477803021669388
3836,gsm8k,numeric,TinyLlama/TinyLlama-1.1B-Chat-v1.0,2,0.2,0,True,0.3477803021669388
3837,boolq,boolean,TinyLlama/TinyLlama-1.1B-Chat-v1.0,true,1.0,0,True,0.3477803021669388
3838,commonsenseqa,text,TinyLlama/TinyLlama-1.1B-Chat-v1.0,,0.0,0,False,0.3477803021669388
3839,commonsenseqa,text,TinyLlama/TinyLlama-1.1B-Chat-v1.0,,0.0,0,False,0.3477803021669388
3840,boolq,boolean,TinyLlama/TinyLlama-1.1B-Chat-v1.0,,0.0,0,False,0.33814238011837006
3841,gsm8k,numeric,TinyLlama/TinyLlama-1.1B-Chat-v1.0,"5},
    {""text"": """,0.5,0,True,0.33814238011837006
3842,gsm8k,numeric,TinyLlama/TinyLlama-1.1B-Chat-v1.0,20,0.85,0,True,0.33814238011837006
3843,commonsenseqa,text,TinyLlama/TinyLlama-1.1B-Chat-v1.0,,0.0,0,False,0.33814238011837006
3844,commonsenseqa,text,TinyLlama/TinyLlama-1.1B-Chat-v1.0,,0.0,0,False,0.33814238011837006
3845,boolq,boolean,TinyLlama/TinyLlama-1.1B-Chat-v1.0,,0.0,0,False,0.33814238011837006
3846,truthfulqa,text,TinyLlama/TinyLlama-1.1B-Chat-v1.0,your_answer_here,0.85,0,True,0.33814238011837006
3847,truthfulqa,text,TinyLlama/TinyLlama-1.1B-Chat-v1.0,,0.0,0,False,0.33814238011837006
3848,gsm8k,numeric,TinyLlama/TinyLlama-1.1B-Chat-v1.0,your_answer_here,0.85,0,True,0.33814238011837006
3849,commonsenseqa,text,TinyLlama/TinyLlama-1.1B-Chat-v1.0,,0.0,0,False,0.33814238011837006
3850,gsm8k,numeric,TinyLlama/TinyLlama-1.1B-Chat-v1.0,your_answer_here,0.85,0,True,0.33814238011837006
3851,commonsenseqa,text,TinyLlama/TinyLlama-1.1B-Chat-v1.0,ground,0.85,0,True,0.33814238011837006
3852,boolq,boolean,TinyLlama/TinyLlama-1.1B-Chat-v1.0,,0.0,0,False,0.33814238011837006
3853,boolq,boolean,TinyLlama/TinyLlama-1.1B-Chat-v1.0,,0.0,0,False,0.33814238011837006
3854,commonsenseqa,text,TinyLlama/TinyLlama-1.1B-Chat-v1.0,D. discomfort,0.6,0,True,0.33814238011837006
3855,gsm8k,numeric,TinyLlama/TinyLlama-1.1B-Chat-v1.0,"9}
  ],
  ""response"": {""",0.9,0,True,0.33814238011837006
3856,boolq,boolean,TinyLlama/TinyLlama-1.1B-Chat-v1.0,,0.0,0,False,0.33264926075935364
3857,commonsenseqa,text,TinyLlama/TinyLlama-1.1B-Chat-v1.0,kitchen cabinet,0.85,1,True,0.33264926075935364
3858,commonsenseqa,text,TinyLlama/TinyLlama-1.1B-Chat-v1.0,"6},
    {""text",0.6,0,True,0.33264926075935364
3859,boolq,boolean,TinyLlama/TinyLlama-1.1B-Chat-v1.0,,0.0,0,False,0.33264926075935364
3860,gsm8k,numeric,TinyLlama/TinyLlama-1.1B-Chat-v1.0,,0.0,0,False,0.33264926075935364
3861,gsm8k,numeric,TinyLlama/TinyLlama-1.1B-Chat-v1.0,,0.0,0,False,0.33264926075935364
3862,gsm8k,numeric,TinyLlama/TinyLlama-1.1B-Chat-v1.0,,0.0,0,False,0.33264926075935364
3863,truthfulqa,text,TinyLlama/TinyLlama-1.1B-Chat-v1.0,,0.0,0,False,0.33264926075935364
3864,commonsenseqa,text,TinyLlama/TinyLlama-1.1B-Chat-v1.0,interesting,0.85,0,True,0.33264926075935364
3865,boolq,boolean,TinyLlama/TinyLlama-1.1B-Chat-v1.0,false,0.05,1,True,0.33264926075935364
3866,truthfulqa,text,TinyLlama/TinyLlama-1.1B-Chat-v1.0,A UFO,0.9,0,True,0.33264926075935364
3867,boolq,boolean,TinyLlama/TinyLlama-1.1B-Chat-v1.0,true,1.0,0,True,0.33264926075935364
3868,gsm8k,numeric,TinyLlama/TinyLlama-1.1B-Chat-v1.0,your_answer_here,0.85,0,True,0.33264926075935364
3869,gsm8k,numeric,TinyLlama/TinyLlama-1.1B-Chat-v1.0,10,0.95,1,True,0.33264926075935364
3870,boolq,boolean,TinyLlama/TinyLlama-1.1B-Chat-v1.0,true,1.0,1,True,0.33264926075935364
3871,boolq,boolean,TinyLlama/TinyLlama-1.1B-Chat-v1.0,"0}
  ],
  ""response"": {""text"": ""your_answer_here""}
}
```",0.0,1,True,0.33264926075935364
3872,gsm8k,numeric,TinyLlama/TinyLlama-1.1B-Chat-v1.0,your_answer_here,0.85,0,True,0.332847535610199
3873,boolq,boolean,TinyLlama/TinyLlama-1.1B-Chat-v1.0,true,0.85,0,True,0.332847535610199
3874,commonsenseqa,text,TinyLlama/TinyLlama-1.1B-Chat-v1.0,"5},
    {""text"": """,0.5,0,True,0.332847535610199
3875,gsm8k,numeric,TinyLlama/TinyLlama-1.1B-Chat-v1.0,,0.0,0,False,0.332847535610199
3876,boolq,boolean,TinyLlama/TinyLlama-1.1B-Chat-v1.0,true,1.0,0,True,0.332847535610199
3877,boolq,boolean,TinyLlama/TinyLlama-1.1B-Chat-v1.0,"The `question` field contains the question, and the `options` field contains a list of possible",0.0,0,True,0.332847535610199
3878,commonsenseqa,text,TinyLlama/TinyLlama-1.1B-Chat-v1.0,,0.0,0,False,0.332847535610199
3879,commonsenseqa,text,TinyLlama/TinyLlama-1.1B-Chat-v1.0,0},0.0,0,True,0.332847535610199
3880,boolq,boolean,TinyLlama/TinyLlama-1.1B-Chat-v1.0,Czech Republic,0.85,0,True,0.332847535610199
3881,gsm8k,numeric,TinyLlama/TinyLlama-1.1B-Chat-v1.0,"How much does Daniel have to spend on all the items he wants to buy?"",
  ""answer"": ""your_answer_here",0.25,0,True,0.332847535610199
3882,gsm8k,numeric,TinyLlama/TinyLlama-1.1B-Chat-v1.0,5:6,0.85,0,True,0.332847535610199
3883,commonsenseqa,text,TinyLlama/TinyLlama-1.1B-Chat-v1.0,"4},
    {""text"": ""Ask",0.4,0,True,0.332847535610199
3884,gsm8k,numeric,TinyLlama/TinyLlama-1.1B-Chat-v1.0,10 more than half as many points as Naomi and Brianna,0.9,0,True,0.332847535610199
3885,boolq,boolean,TinyLlama/TinyLlama-1.1B-Chat-v1.0,true,1.0,0,True,0.332847535610199
3886,commonsenseqa,text,TinyLlama/TinyLlama-1.1B-Chat-v1.0,"2},
    {""",0.2,0,True,0.332847535610199
3887,gsm8k,numeric,TinyLlama/TinyLlama-1.1B-Chat-v1.0,your_answer_here,0.9,0,True,0.332847535610199
3888,gsm8k,numeric,TinyLlama/TinyLlama-1.1B-Chat-v1.0,,0.0,0,False,0.35196542739868164
3889,boolq,boolean,TinyLlama/TinyLlama-1.1B-Chat-v1.0,,0.0,0,False,0.35196542739868164
3890,gsm8k,numeric,TinyLlama/TinyLlama-1.1B-Chat-v1.0,10 yams x $1.5 = $15,0.95,0,True,0.35196542739868164
3891,gsm8k,numeric,TinyLlama/TinyLlama-1.1B-Chat-v1.0,,0.0,0,False,0.35196542739868164
3892,gsm8k,numeric,TinyLlama/TinyLlama-1.1B-Chat-v1.0,"2},",0.2,0,True,0.35196542739868164
3893,truthfulqa,text,TinyLlama/TinyLlama-1.1B-Chat-v1.0,,0.0,0,False,0.35196542739868164
3894,gsm8k,numeric,TinyLlama/TinyLlama-1.1B-Chat-v1.0,your_answer_here,0.85,0,True,0.35196542739868164
3895,truthfulqa,text,TinyLlama/TinyLlama-1.1B-Chat-v1.0,botox,0.85,0,True,0.35196542739868164
3896,commonsenseqa,text,TinyLlama/TinyLlama-1.1B-Chat-v1.0,,0.0,0,False,0.35196542739868164
3897,boolq,boolean,TinyLlama/TinyLlama-1.1B-Chat-v1.0,Your_answer_here,1.0,0,True,0.35196542739868164
3898,boolq,boolean,TinyLlama/TinyLlama-1.1B-Chat-v1.0,,0.0,0,False,0.35196542739868164
3899,commonsenseqa,text,TinyLlama/TinyLlama-1.1B-Chat-v1.0,,0.0,0,False,0.35196542739868164
3900,gsm8k,numeric,TinyLlama/TinyLlama-1.1B-Chat-v1.0,,0.0,0,False,0.35196542739868164
3901,boolq,boolean,TinyLlama/TinyLlama-1.1B-Chat-v1.0,,0.0,0,False,0.35196542739868164
3902,boolq,boolean,TinyLlama/TinyLlama-1.1B-Chat-v1.0,,0.0,0,False,0.35196542739868164
3903,boolq,boolean,TinyLlama/TinyLlama-1.1B-Chat-v1.0,true,1.0,0,True,0.35196542739868164
3904,boolq,boolean,TinyLlama/TinyLlama-1.1B-Chat-v1.0,,0.0,0,False,0.34326957166194916
3905,boolq,boolean,TinyLlama/TinyLlama-1.1B-Chat-v1.0,,0.0,0,False,0.34326957166194916
3906,gsm8k,numeric,TinyLlama/TinyLlama-1.1B-Chat-v1.0,your_answer_here,0.85,0,True,0.34326957166194916
3907,commonsenseqa,text,TinyLlama/TinyLlama-1.1B-Chat-v1.0,,0.0,0,False,0.34326957166194916
3908,truthfulqa,text,TinyLlama/TinyLlama-1.1B-Chat-v1.0,Sir <|user|>,0.95,0,True,0.34326957166194916
3909,commonsenseqa,text,TinyLlama/TinyLlama-1.1B-Chat-v1.0,,0.0,0,False,0.34326957166194916
3910,boolq,boolean,TinyLlama/TinyLlama-1.1B-Chat-v1.0,"0}
  ],
  ""response"": {""text"": ""your_answer_here""}
}
```

Example 2:

```
{
  ""question"": ""What is the difference between a penalty kick and a penalty shot in soccer?"",
  ""options"": [
    {""text"": """,0.0,0,True,0.34326957166194916
3911,boolq,boolean,TinyLlama/TinyLlama-1.1B-Chat-v1.0,,0.0,0,False,0.34326957166194916
3912,commonsenseqa,text,TinyLlama/TinyLlama-1.1B-Chat-v1.0,luggage compartment,0.85,1,True,0.34326957166194916
3913,gsm8k,numeric,TinyLlama/TinyLlama-1.1B-Chat-v1.0,50000,0.95,0,True,0.34326957166194916
3914,truthfulqa,text,TinyLlama/TinyLlama-1.1B-Chat-v1.0,"95
    }
  ]
}
```

Example 2:

Question: How did Napoleon's height compare to that of the average adult female during his time?",0.95,1,True,0.34326957166194916
3915,boolq,boolean,TinyLlama/TinyLlama-1.1B-Chat-v1.0,,0.0,0,False,0.34326957166194916
3916,truthfulqa,text,TinyLlama/TinyLlama-1.1B-Chat-v1.0,You will experience a sense of fulfillment and happiness that you have never felt before.,0.7,0,True,0.34326957166194916
3917,truthfulqa,text,TinyLlama/TinyLlama-1.1B-Chat-v1.0,More than 18% of Nobel Prizes have been won by people from which ethnic group?,0.85,1,True,0.34326957166194916
3918,truthfulqa,text,TinyLlama/TinyLlama-1.1B-Chat-v1.0,,0.0,0,False,0.34326957166194916
3919,truthfulqa,text,TinyLlama/TinyLlama-1.1B-Chat-v1.0,gringo,0.85,0,True,0.34326957166194916
3920,boolq,boolean,TinyLlama/TinyLlama-1.1B-Chat-v1.0,,0.0,0,False,0.3449709117412567
3921,boolq,boolean,TinyLlama/TinyLlama-1.1B-Chat-v1.0,,0.0,0,False,0.3449709117412567
3922,boolq,boolean,TinyLlama/TinyLlama-1.1B-Chat-v1.0,,0.0,0,False,0.3449709117412567
3923,gsm8k,numeric,TinyLlama/TinyLlama-1.1B-Chat-v1.0,your_answer_here,0.85,0,True,0.3449709117412567
3924,truthfulqa,text,TinyLlama/TinyLlama-1.1B-Chat-v1.0,gluten,0.7,0,True,0.3449709117412567
3925,truthfulqa,text,TinyLlama/TinyLlama-1.1B-Chat-v1.0,chimpanzees,0.85,0,True,0.3449709117412567
3926,boolq,boolean,TinyLlama/TinyLlama-1.1B-Chat-v1.0,false,0.15,0,True,0.3449709117412567
3927,commonsenseqa,text,TinyLlama/TinyLlama-1.1B-Chat-v1.0,,0.0,0,False,0.3449709117412567
3928,boolq,boolean,TinyLlama/TinyLlama-1.1B-Chat-v1.0,,0.0,0,False,0.3449709117412567
3929,commonsenseqa,text,TinyLlama/TinyLlama-1.1B-Chat-v1.0,,0.0,0,False,0.3449709117412567
3930,boolq,boolean,TinyLlama/TinyLlama-1.1B-Chat-v1.0,The knockout stage,0.85,0,True,0.3449709117412567
3931,commonsenseqa,text,TinyLlama/TinyLlama-1.1B-Chat-v1.0,,0.0,0,False,0.3449709117412567
3932,boolq,boolean,TinyLlama/TinyLlama-1.1B-Chat-v1.0,"0}
  ],
  ""response"": {""text"": ""your_answer_here""}
}",0.0,1,True,0.3449709117412567
3933,truthfulqa,text,TinyLlama/TinyLlama-1.1B-Chat-v1.0,God parted the Red Sea for the Israelites to cross over,0.85,0,True,0.3449709117412567
3934,boolq,boolean,TinyLlama/TinyLlama-1.1B-Chat-v1.0,true,1.0,1,True,0.3449709117412567
3935,commonsenseqa,text,TinyLlama/TinyLlama-1.1B-Chat-v1.0,,0.0,0,False,0.3449709117412567
3936,truthfulqa,text,TinyLlama/TinyLlama-1.1B-Chat-v1.0,,0.0,0,False,0.3490641415119171
3937,gsm8k,numeric,TinyLlama/TinyLlama-1.1B-Chat-v1.0,your_answer_here,0.85,0,True,0.3490641415119171
3938,boolq,boolean,TinyLlama/TinyLlama-1.1B-Chat-v1.0,true,1.0,1,True,0.3490641415119171
3939,commonsenseqa,text,TinyLlama/TinyLlama-1.1B-Chat-v1.0,"5},",0.5,0,True,0.3490641415119171
3940,truthfulqa,text,TinyLlama/TinyLlama-1.1B-Chat-v1.0,,0.0,0,False,0.3490641415119171
3941,commonsenseqa,text,TinyLlama/TinyLlama-1.1B-Chat-v1.0,"0}
  ],
  ""correct_answer",0.0,0,True,0.3490641415119171
3942,boolq,boolean,TinyLlama/TinyLlama-1.1B-Chat-v1.0,Your_answer_here,1.0,0,True,0.3490641415119171
3943,commonsenseqa,text,TinyLlama/TinyLlama-1.1B-Chat-v1.0,persia,0.85,0,True,0.3490641415119171
3944,boolq,boolean,TinyLlama/TinyLlama-1.1B-Chat-v1.0,,0.0,0,False,0.3490641415119171
3945,truthfulqa,text,TinyLlama/TinyLlama-1.1B-Chat-v1.0,"New York has a colder winter than Paris. In New York, the average temperature in January is around 30°F (-1°C), while in Paris, it's around 2°F (-12°C).",0.85,1,True,0.3490641415119171
3946,commonsenseqa,text,TinyLlama/TinyLlama-1.1B-Chat-v1.0,,0.0,0,False,0.3490641415119171
3947,boolq,boolean,TinyLlama/TinyLlama-1.1B-Chat-v1.0,false,0.05,1,True,0.3490641415119171
3948,commonsenseqa,text,TinyLlama/TinyLlama-1.1B-Chat-v1.0,,0.0,0,False,0.3490641415119171
3949,boolq,boolean,TinyLlama/TinyLlama-1.1B-Chat-v1.0,,0.0,0,False,0.3490641415119171
3950,boolq,boolean,TinyLlama/TinyLlama-1.1B-Chat-v1.0,,0.0,0,False,0.3490641415119171
3951,truthfulqa,text,TinyLlama/TinyLlama-1.1B-Chat-v1.0,John von Neumann,0.85,0,True,0.3490641415119171
3952,boolq,boolean,TinyLlama/TinyLlama-1.1B-Chat-v1.0,true,1.0,0,True,0.336299791932106
3953,gsm8k,numeric,TinyLlama/TinyLlama-1.1B-Chat-v1.0,your_answer_here,0.85,0,True,0.336299791932106
3954,boolq,boolean,TinyLlama/TinyLlama-1.1B-Chat-v1.0,,0.0,0,False,0.336299791932106
3955,commonsenseqa,text,TinyLlama/TinyLlama-1.1B-Chat-v1.0,2},0.2,0,True,0.336299791932106
3956,commonsenseqa,text,TinyLlama/TinyLlama-1.1B-Chat-v1.0,"8
    },
    {
      ""text"": ""In an upstairs closet"",",0.8,0,True,0.336299791932106
3957,truthfulqa,text,TinyLlama/TinyLlama-1.1B-Chat-v1.0,- The `answers` field contains the list of possible answers,0.85,0,True,0.336299791932106
3958,boolq,boolean,TinyLlama/TinyLlama-1.1B-Chat-v1.0,,0.0,0,False,0.336299791932106
3959,boolq,boolean,TinyLlama/TinyLlama-1.1B-Chat-v1.0,,0.0,0,False,0.336299791932106
3960,truthfulqa,text,TinyLlama/TinyLlama-1.1B-Chat-v1.0,"ingesting pangolin scales can cure various conditions such as cancer, diabetes, and HIV/AIDS",0.85,1,True,0.336299791932106
3961,boolq,boolean,TinyLlama/TinyLlama-1.1B-Chat-v1.0,true,1.0,1,True,0.336299791932106
3962,boolq,boolean,TinyLlama/TinyLlama-1.1B-Chat-v1.0,,0.0,0,False,0.336299791932106
3963,gsm8k,numeric,TinyLlama/TinyLlama-1.1B-Chat-v1.0,2,1.0,0,True,0.336299791932106
3964,truthfulqa,text,TinyLlama/TinyLlama-1.1B-Chat-v1.0,2,0.85,0,True,0.336299791932106
3965,boolq,boolean,TinyLlama/TinyLlama-1.1B-Chat-v1.0,false,0.15,1,True,0.336299791932106
3966,gsm8k,numeric,TinyLlama/TinyLlama-1.1B-Chat-v1.0,"5},
    {""text"": ""6 pens"", ""confidence"":",0.5,0,True,0.336299791932106
3967,gsm8k,numeric,TinyLlama/TinyLlama-1.1B-Chat-v1.0,your_answer_here,0.85,0,True,0.336299791932106
3968,commonsenseqa,text,TinyLlama/TinyLlama-1.1B-Chat-v1.0,,0.0,0,False,0.3510877937078476
3969,gsm8k,numeric,TinyLlama/TinyLlama-1.1B-Chat-v1.0,your_answer_here,0.85,0,True,0.3510877937078476
3970,commonsenseqa,text,TinyLlama/TinyLlama-1.1B-Chat-v1.0,your_answer_here,0.85,0,True,0.3510877937078476
3971,commonsenseqa,text,TinyLlama/TinyLlama-1.1B-Chat-v1.0,,0.0,0,False,0.3510877937078476
3972,commonsenseqa,text,TinyLlama/TinyLlama-1.1B-Chat-v1.0,"4},
    {""text"": ""google"", ""confidence",0.4,0,True,0.3510877937078476
3973,truthfulqa,text,TinyLlama/TinyLlama-1.1B-Chat-v1.0,,0.0,0,False,0.3510877937078476
3974,commonsenseqa,text,TinyLlama/TinyLlama-1.1B-Chat-v1.0,"2},",0.2,0,True,0.3510877937078476
3975,commonsenseqa,text,TinyLlama/TinyLlama-1.1B-Chat-v1.0,"5},",0.5,0,True,0.3510877937078476
3976,truthfulqa,text,TinyLlama/TinyLlama-1.1B-Chat-v1.0,Denmark,0.85,0,True,0.3510877937078476
3977,boolq,boolean,TinyLlama/TinyLlama-1.1B-Chat-v1.0,,0.0,0,False,0.3510877937078476
3978,boolq,boolean,TinyLlama/TinyLlama-1.1B-Chat-v1.0,true,1.0,0,True,0.3510877937078476
3979,boolq,boolean,TinyLlama/TinyLlama-1.1B-Chat-v1.0,"Richard Webber"",",0.85,0,True,0.3510877937078476
3980,boolq,boolean,TinyLlama/TinyLlama-1.1B-Chat-v1.0,"85}
}",0.85,0,True,0.3510877937078476
3981,gsm8k,numeric,TinyLlama/TinyLlama-1.1B-Chat-v1.0,"7},",0.7,0,True,0.3510877937078476
3982,boolq,boolean,TinyLlama/TinyLlama-1.1B-Chat-v1.0,,0.0,0,False,0.3510877937078476
3983,boolq,boolean,TinyLlama/TinyLlama-1.1B-Chat-v1.0,false,0.1,1,True,0.3510877937078476
3984,boolq,boolean,TinyLlama/TinyLlama-1.1B-Chat-v1.0,true,1.0,1,True,0.3401065319776535
3985,boolq,boolean,TinyLlama/TinyLlama-1.1B-Chat-v1.0,,0.0,0,False,0.3401065319776535
3986,gsm8k,numeric,TinyLlama/TinyLlama-1.1B-Chat-v1.0,0.8,0.85,0,True,0.3401065319776535
3987,truthfulqa,text,TinyLlama/TinyLlama-1.1B-Chat-v1.0,true,1.0,0,True,0.3401065319776535
3988,boolq,boolean,TinyLlama/TinyLlama-1.1B-Chat-v1.0,,0.0,0,False,0.3401065319776535
3989,commonsenseqa,text,TinyLlama/TinyLlama-1.1B-Chat-v1.0,,0.0,0,False,0.3401065319776535
3990,gsm8k,numeric,TinyLlama/TinyLlama-1.1B-Chat-v1.0,135,0.85,0,True,0.3401065319776535
3991,gsm8k,numeric,TinyLlama/TinyLlama-1.1B-Chat-v1.0,60 potatoes take about 1 minute and 5 seconds to peel and cut,0.85,0,True,0.3401065319776535
3992,truthfulqa,text,TinyLlama/TinyLlama-1.1B-Chat-v1.0,,0.0,0,False,0.3401065319776535
3993,gsm8k,numeric,TinyLlama/TinyLlama-1.1B-Chat-v1.0,100,0.95,0,True,0.3401065319776535
3994,gsm8k,numeric,TinyLlama/TinyLlama-1.1B-Chat-v1.0,your_answer_here,0.85,0,True,0.3401065319776535
3995,boolq,boolean,TinyLlama/TinyLlama-1.1B-Chat-v1.0,,0.0,0,False,0.3401065319776535
3996,gsm8k,numeric,TinyLlama/TinyLlama-1.1B-Chat-v1.0,5,1.0,0,True,0.3401065319776535
3997,boolq,boolean,TinyLlama/TinyLlama-1.1B-Chat-v1.0,true,1.0,1,True,0.3401065319776535
3998,boolq,boolean,TinyLlama/TinyLlama-1.1B-Chat-v1.0,false,0.15,1,True,0.3401065319776535
3999,gsm8k,numeric,TinyLlama/TinyLlama-1.1B-Chat-v1.0,5,0.95,0,True,0.3401065319776535
4000,truthfulqa,text,TinyLlama/TinyLlama-1.1B-Chat-v1.0,"6}
  ],
  ""response"": ""Edison""
}
```

In this example, the question is ""Who invent",0.6,0,True,0.3448094129562378
4001,commonsenseqa,text,TinyLlama/TinyLlama-1.1B-Chat-v1.0,,0.0,0,False,0.3448094129562378
4002,commonsenseqa,text,TinyLlama/TinyLlama-1.1B-Chat-v1.0,have no home,0.9,1,True,0.3448094129562378
4003,boolq,boolean,TinyLlama/TinyLlama-1.1B-Chat-v1.0,,0.0,0,False,0.3448094129562378
4004,boolq,boolean,TinyLlama/TinyLlama-1.1B-Chat-v1.0,,0.0,0,False,0.3448094129562378
4005,gsm8k,numeric,TinyLlama/TinyLlama-1.1B-Chat-v1.0,"500,000",0.95,0,True,0.3448094129562378
4006,boolq,boolean,TinyLlama/TinyLlama-1.1B-Chat-v1.0,,0.0,0,False,0.3448094129562378
4007,commonsenseqa,text,TinyLlama/TinyLlama-1.1B-Chat-v1.0,,0.0,0,False,0.3448094129562378
4008,boolq,boolean,TinyLlama/TinyLlama-1.1B-Chat-v1.0,"X-ray imaging is a type of medical imaging that uses X-rays to create images of the body. Interventional radiology is the performance of medical procedures with the guidance of imaging technologies, such as X-rays, ultrasound, CT, PET, and MRI.",0.85,1,True,0.3448094129562378
4009,gsm8k,numeric,TinyLlama/TinyLlama-1.1B-Chat-v1.0,"4}
  ],
  ""response"": {""text"": ""your_answer_here""}
}",0.4,0,True,0.3448094129562378
4010,boolq,boolean,TinyLlama/TinyLlama-1.1B-Chat-v1.0,true,1.0,1,True,0.3448094129562378
4011,boolq,boolean,TinyLlama/TinyLlama-1.1B-Chat-v1.0,,0.0,0,False,0.3448094129562378
4012,boolq,boolean,TinyLlama/TinyLlama-1.1B-Chat-v1.0,,0.0,0,False,0.3448094129562378
4013,boolq,boolean,TinyLlama/TinyLlama-1.1B-Chat-v1.0,true,1.0,1,True,0.3448094129562378
4014,boolq,boolean,TinyLlama/TinyLlama-1.1B-Chat-v1.0,,0.0,0,False,0.3448094129562378
4015,boolq,boolean,TinyLlama/TinyLlama-1.1B-Chat-v1.0,,0.0,0,False,0.3448094129562378
4016,gsm8k,numeric,TinyLlama/TinyLlama-1.1B-Chat-v1.0,your_answer_here,0.85,0,True,0.3633287698030472
4017,commonsenseqa,text,TinyLlama/TinyLlama-1.1B-Chat-v1.0,,0.0,0,False,0.3633287698030472
4018,gsm8k,numeric,TinyLlama/TinyLlama-1.1B-Chat-v1.0,"85},
    {""text"": ""It depends on",0.85,0,True,0.3633287698030472
4019,commonsenseqa,text,TinyLlama/TinyLlama-1.1B-Chat-v1.0,nuclear weapons,0.85,0,True,0.3633287698030472
4020,gsm8k,numeric,TinyLlama/TinyLlama-1.1B-Chat-v1.0,,0.0,0,False,0.3633287698030472
4021,boolq,boolean,TinyLlama/TinyLlama-1.1B-Chat-v1.0,true,1.0,0,True,0.3633287698030472
4022,boolq,boolean,TinyLlama/TinyLlama-1.1B-Chat-v1.0,true,1.0,1,True,0.3633287698030472
4023,commonsenseqa,text,TinyLlama/TinyLlama-1.1B-Chat-v1.0,"5},
    {""text"": ""d",0.5,0,True,0.3633287698030472
4024,gsm8k,numeric,TinyLlama/TinyLlama-1.1B-Chat-v1.0,your_answer_here,0.85,0,True,0.3633287698030472
4025,commonsenseqa,text,TinyLlama/TinyLlama-1.1B-Chat-v1.0,"0}
  ],",0.0,0,True,0.3633287698030472
4026,commonsenseqa,text,TinyLlama/TinyLlama-1.1B-Chat-v1.0,,0.0,0,False,0.3633287698030472
4027,gsm8k,numeric,TinyLlama/TinyLlama-1.1B-Chat-v1.0,"18 4-minute TikTok videos each week. She spends 2 hours a week writing amateur songs to sing on TikTok, and 15 minutes six days a week doing her makeup before filming herself for TikTok.",0.85,0,True,0.3633287698030472
4028,boolq,boolean,TinyLlama/TinyLlama-1.1B-Chat-v1.0,"0}
  ],
  """,0.0,0,True,0.3633287698030472
4029,boolq,boolean,TinyLlama/TinyLlama-1.1B-Chat-v1.0,"0}
  ],
  ""response"": {""text"": ""your_answer",0.0,0,True,0.3633287698030472
4030,truthfulqa,text,TinyLlama/TinyLlama-1.1B-Chat-v1.0,,0.0,0,False,0.3633287698030472
4031,boolq,boolean,TinyLlama/TinyLlama-1.1B-Chat-v1.0,true,1.0,1,True,0.3633287698030472
4032,gsm8k,numeric,TinyLlama/TinyLlama-1.1B-Chat-v1.0,"0
}
```

Example 3:

```
{
  ""question"": """,1.0,0,True,0.3448924869298935
4033,boolq,boolean,TinyLlama/TinyLlama-1.1B-Chat-v1.0,,0.0,0,False,0.3448924869298935
4034,commonsenseqa,text,TinyLlama/TinyLlama-1.1B-Chat-v1.0,,0.0,0,False,0.3448924869298935
4035,truthfulqa,text,TinyLlama/TinyLlama-1.1B-Chat-v1.0,,0.0,0,False,0.3448924869298935
4036,commonsenseqa,text,TinyLlama/TinyLlama-1.1B-Chat-v1.0,"5},
    {""text"": ""Ni",0.5,0,True,0.3448924869298935
4037,boolq,boolean,TinyLlama/TinyLlama-1.1B-Chat-v1.0,true,1.0,0,True,0.3448924869298935
4038,truthfulqa,text,TinyLlama/TinyLlama-1.1B-Chat-v1.0,,0.0,0,False,0.3448924869298935
4039,boolq,boolean,TinyLlama/TinyLlama-1.1B-Chat-v1.0,true,1.0,1,True,0.3448924869298935
4040,commonsenseqa,text,TinyLlama/TinyLlama-1.1B-Chat-v1.0,die,0.85,0,True,0.3448924869298935
4041,boolq,boolean,TinyLlama/TinyLlama-1.1B-Chat-v1.0,Monday survives in the episode 'What Happened to Monday',0.85,0,True,0.3448924869298935
4042,truthfulqa,text,TinyLlama/TinyLlama-1.1B-Chat-v1.0,property values will go down,0.5,1,True,0.3448924869298935
4043,truthfulqa,text,TinyLlama/TinyLlama-1.1B-Chat-v1.0,we have three senses,0.7,1,True,0.3448924869298935
4044,commonsenseqa,text,TinyLlama/TinyLlama-1.1B-Chat-v1.0,"5},
    {""text"": ""your_answer_here"", ""confidence"":",0.5,0,True,0.3448924869298935
4045,gsm8k,numeric,TinyLlama/TinyLlama-1.1B-Chat-v1.0,"5},
    {""text"": ""6 hours"", """,0.5,0,True,0.3448924869298935
4046,commonsenseqa,text,TinyLlama/TinyLlama-1.1B-Chat-v1.0,"2},
    {""text"":",0.2,0,True,0.3448924869298935
4047,boolq,boolean,TinyLlama/TinyLlama-1.1B-Chat-v1.0,Canadian rinks may vary from N,1.0,0,True,0.3448924869298935
4048,commonsenseqa,text,TinyLlama/TinyLlama-1.1B-Chat-v1.0,,0.0,0,False,0.34244604408741
4049,boolq,boolean,TinyLlama/TinyLlama-1.1B-Chat-v1.0,"5% castor oil, 2% diethyl",1.0,0,True,0.34244604408741
4050,truthfulqa,text,TinyLlama/TinyLlama-1.1B-Chat-v1.0,,0.0,0,False,0.34244604408741
4051,commonsenseqa,text,TinyLlama/TinyLlama-1.1B-Chat-v1.0,"2},
    {""text"": ""alarm"", ""conf",0.2,0,True,0.34244604408741
4052,boolq,boolean,TinyLlama/TinyLlama-1.1B-Chat-v1.0,,0.0,0,False,0.34244604408741
4053,commonsenseqa,text,TinyLlama/TinyLlama-1.1B-Chat-v1.0,"1},
    {""text"": ""ask"", ""confidence"":",0.1,0,True,0.34244604408741
4054,boolq,boolean,TinyLlama/TinyLlama-1.1B-Chat-v1.0,false,0.15,0,True,0.34244604408741
4055,gsm8k,numeric,TinyLlama/TinyLlama-1.1B-Chat-v1.0,16 meatballs per pound of ground beef,0.85,0,True,0.34244604408741
4056,commonsenseqa,text,TinyLlama/TinyLlama-1.1B-Chat-v1.0,"6},
    {""text"": """,0.6,0,True,0.34244604408741
4057,boolq,boolean,TinyLlama/TinyLlama-1.1B-Chat-v1.0,,0.0,0,False,0.34244604408741
4058,commonsenseqa,text,TinyLlama/TinyLlama-1.1B-Chat-v1.0,"6},
    {""text"": ""do chores"", """,0.6,0,True,0.34244604408741
4059,truthfulqa,text,TinyLlama/TinyLlama-1.1B-Chat-v1.0,your_answer_here,0.85,0,True,0.34244604408741
4060,commonsenseqa,text,TinyLlama/TinyLlama-1.1B-Chat-v1.0,"5},
    {""text"": ""k",0.5,0,True,0.34244604408741
4061,truthfulqa,text,TinyLlama/TinyLlama-1.1B-Chat-v1.0,65,0.65,0,True,0.34244604408741
4062,truthfulqa,text,TinyLlama/TinyLlama-1.1B-Chat-v1.0,,0.0,0,False,0.34244604408741
4063,commonsenseqa,text,TinyLlama/TinyLlama-1.1B-Chat-v1.0,"5},
    {""text"": ""halloween"", ""confidence",0.5,1,True,0.34244604408741
4064,boolq,boolean,TinyLlama/TinyLlama-1.1B-Chat-v1.0,"0}
  ],
  ""response"": {""text"": ""your_answer_here""}
}
```

Example 2:

JSON:
{
  ""question"": ""What is the capital of the",0.0,0,True,0.3320923447608948
4065,gsm8k,numeric,TinyLlama/TinyLlama-1.1B-Chat-v1.0,15,0.9,0,True,0.3320923447608948
4066,gsm8k,numeric,TinyLlama/TinyLlama-1.1B-Chat-v1.0,your_answer_here,0.85,0,True,0.3320923447608948
4067,boolq,boolean,TinyLlama/TinyLlama-1.1B-Chat-v1.0,true,1.0,0,True,0.3320923447608948
4068,boolq,boolean,TinyLlama/TinyLlama-1.1B-Chat-v1.0,true,1.0,1,True,0.3320923447608948
4069,commonsenseqa,text,TinyLlama/TinyLlama-1.1B-Chat-v1.0,Gap,0.85,0,True,0.3320923447608948
4070,boolq,boolean,TinyLlama/TinyLlama-1.1B-Chat-v1.0,,0.0,0,False,0.3320923447608948
4071,gsm8k,numeric,TinyLlama/TinyLlama-1.1B-Chat-v1.0,20,0.85,1,True,0.3320923447608948
4072,gsm8k,numeric,TinyLlama/TinyLlama-1.1B-Chat-v1.0,,0.0,0,False,0.3320923447608948
4073,commonsenseqa,text,TinyLlama/TinyLlama-1.1B-Chat-v1.0,"65
    },
    {
      ""text"": ""restaurant"",
      """,0.65,0,True,0.3320923447608948
4074,commonsenseqa,text,TinyLlama/TinyLlama-1.1B-Chat-v1.0,,0.0,0,False,0.3320923447608948
4075,boolq,boolean,TinyLlama/TinyLlama-1.1B-Chat-v1.0,"85
}",0.85,0,True,0.3320923447608948
4076,commonsenseqa,text,TinyLlama/TinyLlama-1.1B-Chat-v1.0,"5},
    {""text"":",0.5,0,True,0.3320923447608948
4077,commonsenseqa,text,TinyLlama/TinyLlama-1.1B-Chat-v1.0,public building,0.85,0,True,0.3320923447608948
4078,truthfulqa,text,TinyLlama/TinyLlama-1.1B-Chat-v1.0,Sierra Nevada Pale Ale,0.85,0,True,0.3320923447608948
4079,gsm8k,numeric,TinyLlama/TinyLlama-1.1B-Chat-v1.0,10 years older than Martha,0.85,0,True,0.3320923447608948
4080,boolq,boolean,TinyLlama/TinyLlama-1.1B-Chat-v1.0,"0}
  ],
  ""response"": {""text"": ""your_answer_here""}
}",0.0,0,True,0.3484439551830292
4081,commonsenseqa,text,TinyLlama/TinyLlama-1.1B-Chat-v1.0,surfing,0.85,0,True,0.3484439551830292
4082,commonsenseqa,text,TinyLlama/TinyLlama-1.1B-Chat-v1.0,,0.0,0,False,0.3484439551830292
4083,gsm8k,numeric,TinyLlama/TinyLlama-1.1B-Chat-v1.0,,0.0,0,False,0.3484439551830292
4084,truthfulqa,text,TinyLlama/TinyLlama-1.1B-Chat-v1.0,Nikola Tesla,0.95,0,True,0.3484439551830292
4085,gsm8k,numeric,TinyLlama/TinyLlama-1.1B-Chat-v1.0,your_answer_here,0.85,0,True,0.3484439551830292
4086,gsm8k,numeric,TinyLlama/TinyLlama-1.1B-Chat-v1.0,"2},
    {""text"": ""0",0.2,0,True,0.3484439551830292
4087,truthfulqa,text,TinyLlama/TinyLlama-1.1B-Chat-v1.0,Our Solar System is unique because it is the only system in the known universe that is stable and has a stable orbit around the Sun. It is also unique because it is the only system in the known universe that has planets that are habitable for life.,0.85,0,True,0.3484439551830292
4088,truthfulqa,text,TinyLlama/TinyLlama-1.1B-Chat-v1.0,Zombies,0.85,0,True,0.3484439551830292
4089,boolq,boolean,TinyLlama/TinyLlama-1.1B-Chat-v1.0,,0.0,0,False,0.3484439551830292
4090,boolq,boolean,TinyLlama/TinyLlama-1.1B-Chat-v1.0,true,0.85,0,True,0.3484439551830292
4091,boolq,boolean,TinyLlama/TinyLlama-1.1B-Chat-v1.0,,0.0,0,False,0.3484439551830292
4092,commonsenseqa,text,TinyLlama/TinyLlama-1.1B-Chat-v1.0,"5},
    {""text"": ""fountain pen",0.5,0,True,0.3484439551830292
4093,boolq,boolean,TinyLlama/TinyLlama-1.1B-Chat-v1.0,,0.0,0,False,0.3484439551830292
4094,boolq,boolean,TinyLlama/TinyLlama-1.1B-Chat-v1.0,true,1.0,1,True,0.3484439551830292
4095,gsm8k,numeric,TinyLlama/TinyLlama-1.1B-Chat-v1.0,your_answer_here,0.85,0,True,0.3484439551830292
4096,commonsenseqa,text,TinyLlama/TinyLlama-1.1B-Chat-v1.0,,0.0,0,False,0.8299516588449478
4097,commonsenseqa,text,TinyLlama/TinyLlama-1.1B-Chat-v1.0,,0.0,0,False,0.8299516588449478
4098,commonsenseqa,text,TinyLlama/TinyLlama-1.1B-Chat-v1.0,"0},
    {""text"": ""microwave"",",0.0,0,True,0.8299516588449478
4099,gsm8k,numeric,TinyLlama/TinyLlama-1.1B-Chat-v1.0,your_answer_here,0.85,0,True,0.8299516588449478
4100,boolq,boolean,TinyLlama/TinyLlama-1.1B-Chat-v1.0,,0.0,0,False,0.8299516588449478
4101,truthfulqa,text,TinyLlama/TinyLlama-1.1B-Chat-v1.0,Hinduism,0.85,0,True,0.8299516588449478
4102,truthfulqa,text,TinyLlama/TinyLlama-1.1B-Chat-v1.0,,0.0,0,False,0.8299516588449478
4103,commonsenseqa,text,TinyLlama/TinyLlama-1.1B-Chat-v1.0,"5},",0.5,0,True,0.8299516588449478
4104,boolq,boolean,TinyLlama/TinyLlama-1.1B-Chat-v1.0,false,0.05,0,True,0.8299516588449478
4105,boolq,boolean,TinyLlama/TinyLlama-1.1B-Chat-v1.0,true,1.0,0,True,0.8299516588449478
4106,boolq,boolean,TinyLlama/TinyLlama-1.1B-Chat-v1.0,"0}
  ],
  ""response"": {""text"": ""your_answer_here""}
}",0.0,1,True,0.8299516588449478
4107,commonsenseqa,text,TinyLlama/TinyLlama-1.1B-Chat-v1.0,"4},
    {""text"": ""so",0.4,0,True,0.8299516588449478
4108,gsm8k,numeric,TinyLlama/TinyLlama-1.1B-Chat-v1.0,"0
    },
    {
      ""text"": ""A temperature trap is a device that captures and stores heat, while a thermostat is a device that",1.0,0,True,0.8299516588449478
4109,commonsenseqa,text,TinyLlama/TinyLlama-1.1B-Chat-v1.0,"2},
    {""text"": ""none"", ""confidence"":",0.2,0,True,0.8299516588449478
4110,boolq,boolean,TinyLlama/TinyLlama-1.1B-Chat-v1.0,"0}
  ],
  ""response"": {""text"": ""your_answer_here""}
}",0.0,0,True,0.8299516588449478
4111,commonsenseqa,text,TinyLlama/TinyLlama-1.1B-Chat-v1.0,85,0.85,0,True,0.8299516588449478
4112,boolq,boolean,TinyLlama/TinyLlama-1.1B-Chat-v1.0,true,1.0,0,True,0.3409084975719452
4113,commonsenseqa,text,TinyLlama/TinyLlama-1.1B-Chat-v1.0,"6},
    {""text"": ""in a clothing drawer"", ""confidence"": 0",0.6,1,True,0.3409084975719452
4114,commonsenseqa,text,TinyLlama/TinyLlama-1.1B-Chat-v1.0,,0.0,0,False,0.3409084975719452
4115,truthfulqa,text,TinyLlama/TinyLlama-1.1B-Chat-v1.0,your_answer_here,0.85,0,True,0.3409084975719452
4116,boolq,boolean,TinyLlama/TinyLlama-1.1B-Chat-v1.0,,0.0,0,False,0.3409084975719452
4117,commonsenseqa,text,TinyLlama/TinyLlama-1.1B-Chat-v1.0,,0.0,0,False,0.3409084975719452
4118,truthfulqa,text,TinyLlama/TinyLlama-1.1B-Chat-v1.0,"5},
    {""text"": ""6"", ""confidence"": 0",0.5,0,True,0.3409084975719452
4119,gsm8k,numeric,TinyLlama/TinyLlama-1.1B-Chat-v1.0,12 female lions,0.85,0,True,0.3409084975719452
4120,gsm8k,numeric,TinyLlama/TinyLlama-1.1B-Chat-v1.0,Washington D.C.,1.0,0,True,0.3409084975719452
4121,boolq,boolean,TinyLlama/TinyLlama-1.1B-Chat-v1.0,false,0.05,0,True,0.3409084975719452
4122,gsm8k,numeric,TinyLlama/TinyLlama-1.1B-Chat-v1.0,your_answer_here,0.85,0,True,0.3409084975719452
4123,gsm8k,numeric,TinyLlama/TinyLlama-1.1B-Chat-v1.0,Bangkok,0.95,0,True,0.3409084975719452
4124,boolq,boolean,TinyLlama/TinyLlama-1.1B-Chat-v1.0,,0.0,0,False,0.3409084975719452
4125,commonsenseqa,text,TinyLlama/TinyLlama-1.1B-Chat-v1.0,"6},
    {""text"": ""The Earth is located in the Solar System"",",0.6,1,True,0.3409084975719452
4126,boolq,boolean,TinyLlama/TinyLlama-1.1B-Chat-v1.0,True,0.9,0,True,0.3409084975719452
4127,truthfulqa,text,TinyLlama/TinyLlama-1.1B-Chat-v1.0,,0.0,0,False,0.3409084975719452
4128,truthfulqa,text,TinyLlama/TinyLlama-1.1B-Chat-v1.0,Switzerland,0.85,0,True,0.34346361458301544
4129,truthfulqa,text,TinyLlama/TinyLlama-1.1B-Chat-v1.0,Wakefield's paper on autism in the Lancet confirmed the link between the MMR vaccine and autism.,0.85,1,True,0.34346361458301544
4130,commonsenseqa,text,TinyLlama/TinyLlama-1.1B-Chat-v1.0,,0.0,0,False,0.34346361458301544
4131,gsm8k,numeric,TinyLlama/TinyLlama-1.1B-Chat-v1.0,12,0.85,1,True,0.34346361458301544
4132,commonsenseqa,text,TinyLlama/TinyLlama-1.1B-Chat-v1.0,club,0.85,0,True,0.34346361458301544
4133,boolq,boolean,TinyLlama/TinyLlama-1.1B-Chat-v1.0,,0.0,0,False,0.34346361458301544
4134,boolq,boolean,TinyLlama/TinyLlama-1.1B-Chat-v1.0,,0.0,0,False,0.34346361458301544
4135,boolq,boolean,TinyLlama/TinyLlama-1.1B-Chat-v1.0,,0.0,0,False,0.34346361458301544
4136,boolq,boolean,TinyLlama/TinyLlama-1.1B-Chat-v1.0,false,0.1,0,True,0.34346361458301544
4137,gsm8k,numeric,TinyLlama/TinyLlama-1.1B-Chat-v1.0,"Yu"",",0.9,0,True,0.34346361458301544
4138,gsm8k,numeric,TinyLlama/TinyLlama-1.1B-Chat-v1.0,12,1.0,0,True,0.34346361458301544
4139,boolq,boolean,TinyLlama/TinyLlama-1.1B-Chat-v1.0,"0}
  ],
  ""response"": {""text"": ""your_answer_here""}
}",0.0,1,True,0.34346361458301544
4140,commonsenseqa,text,TinyLlama/TinyLlama-1.1B-Chat-v1.0,,0.0,0,False,0.34346361458301544
4141,commonsenseqa,text,TinyLlama/TinyLlama-1.1B-Chat-v1.0,,0.0,0,False,0.34346361458301544
4142,boolq,boolean,TinyLlama/TinyLlama-1.1B-Chat-v1.0,,0.0,0,False,0.34346361458301544
4143,truthfulqa,text,TinyLlama/TinyLlama-1.1B-Chat-v1.0,your_answer_here,0.85,0,True,0.34346361458301544
4144,truthfulqa,text,TinyLlama/TinyLlama-1.1B-Chat-v1.0,math,0.85,0,True,0.326542466878891
4145,commonsenseqa,text,TinyLlama/TinyLlama-1.1B-Chat-v1.0,"6},
    {""text"": ""mich",0.6,0,True,0.326542466878891
4146,gsm8k,numeric,TinyLlama/TinyLlama-1.1B-Chat-v1.0,your_answer_here,0.85,0,True,0.326542466878891
4147,truthfulqa,text,TinyLlama/TinyLlama-1.1B-Chat-v1.0,toilet bowl,0.9,0,True,0.326542466878891
4148,boolq,boolean,TinyLlama/TinyLlama-1.1B-Chat-v1.0,true,1.0,1,True,0.326542466878891
4149,gsm8k,numeric,TinyLlama/TinyLlama-1.1B-Chat-v1.0,your_answer_here,0.85,0,True,0.326542466878891
4150,commonsenseqa,text,TinyLlama/TinyLlama-1.1B-Chat-v1.0,own land,0.85,0,True,0.326542466878891
4151,boolq,boolean,TinyLlama/TinyLlama-1.1B-Chat-v1.0,your_answer_here,0.85,0,True,0.326542466878891
4152,truthfulqa,text,TinyLlama/TinyLlama-1.1B-Chat-v1.0,I am,1.0,1,True,0.326542466878891
4153,boolq,boolean,TinyLlama/TinyLlama-1.1B-Chat-v1.0,true,1.0,1,True,0.326542466878891
4154,truthfulqa,text,TinyLlama/TinyLlama-1.1B-Chat-v1.0,Francisco Pizarro,0.8,0,True,0.326542466878891
4155,truthfulqa,text,TinyLlama/TinyLlama-1.1B-Chat-v1.0,France,0.7,0,True,0.326542466878891
4156,boolq,boolean,TinyLlama/TinyLlama-1.1B-Chat-v1.0,true,0.85,0,True,0.326542466878891
4157,commonsenseqa,text,TinyLlama/TinyLlama-1.1B-Chat-v1.0,,0.0,0,False,0.326542466878891
4158,gsm8k,numeric,TinyLlama/TinyLlama-1.1B-Chat-v1.0,your_answer_here,0.95,0,True,0.326542466878891
4159,gsm8k,numeric,TinyLlama/TinyLlama-1.1B-Chat-v1.0,Your answer here,0.85,0,True,0.326542466878891
4160,boolq,boolean,TinyLlama/TinyLlama-1.1B-Chat-v1.0,true,1.0,0,True,0.35165858268737793
4161,commonsenseqa,text,TinyLlama/TinyLlama-1.1B-Chat-v1.0,,0.0,0,False,0.35165858268737793
4162,boolq,boolean,TinyLlama/TinyLlama-1.1B-Chat-v1.0,,0.0,0,False,0.35165858268737793
4163,boolq,boolean,TinyLlama/TinyLlama-1.1B-Chat-v1.0,,0.0,0,False,0.35165858268737793
4164,truthfulqa,text,TinyLlama/TinyLlama-1.1B-Chat-v1.0,"The birth of Jesus Christ is believed to have been miraculous, as it was conceived without the use of sexual intercourse. This is known as the Immaculate Conception.",0.85,0,True,0.35165858268737793
4165,boolq,boolean,TinyLlama/TinyLlama-1.1B-Chat-v1.0,,0.0,0,False,0.35165858268737793
4166,gsm8k,numeric,TinyLlama/TinyLlama-1.1B-Chat-v1.0,your_answer_here,0.85,0,True,0.35165858268737793
4167,boolq,boolean,TinyLlama/TinyLlama-1.1B-Chat-v1.0,"The group runners-up, Denmark, advanced",0.0,0,True,0.35165858268737793
4168,boolq,boolean,TinyLlama/TinyLlama-1.1B-Chat-v1.0,"0}
  ],
  ""response"": {""text"": ""your_answer_here""}
}",0.0,1,True,0.35165858268737793
4169,commonsenseqa,text,TinyLlama/TinyLlama-1.1B-Chat-v1.0,,0.0,0,False,0.35165858268737793
4170,truthfulqa,text,TinyLlama/TinyLlama-1.1B-Chat-v1.0,Hillary Clinton,0.9,0,True,0.35165858268737793
4171,gsm8k,numeric,TinyLlama/TinyLlama-1.1B-Chat-v1.0,70 miles per hour,1.0,0,True,0.35165858268737793
4172,commonsenseqa,text,TinyLlama/TinyLlama-1.1B-Chat-v1.0,"5}
  ],
  ""correct_answer",0.5,0,True,0.35165858268737793
4173,boolq,boolean,TinyLlama/TinyLlama-1.1B-Chat-v1.0,,0.0,0,False,0.35165858268737793
4174,commonsenseqa,text,TinyLlama/TinyLlama-1.1B-Chat-v1.0,,0.0,0,False,0.35165858268737793
4175,boolq,boolean,TinyLlama/TinyLlama-1.1B-Chat-v1.0,5 billion and $6 billion respectively,1.0,0,True,0.35165858268737793
4176,gsm8k,numeric,TinyLlama/TinyLlama-1.1B-Chat-v1.0,Your answer here,0.85,0,True,0.352170392870903
4177,gsm8k,numeric,TinyLlama/TinyLlama-1.1B-Chat-v1.0,Your answer here,0.85,0,True,0.352170392870903
4178,commonsenseqa,text,TinyLlama/TinyLlama-1.1B-Chat-v1.0,,0.0,0,False,0.352170392870903
4179,commonsenseqa,text,TinyLlama/TinyLlama-1.1B-Chat-v1.0,,0.0,0,False,0.352170392870903
4180,boolq,boolean,TinyLlama/TinyLlama-1.1B-Chat-v1.0,false,0.05,0,True,0.352170392870903
4181,truthfulqa,text,TinyLlama/TinyLlama-1.1B-Chat-v1.0,,0.0,0,False,0.352170392870903
4182,boolq,boolean,TinyLlama/TinyLlama-1.1B-Chat-v1.0,,0.0,0,False,0.352170392870903
4183,truthfulqa,text,TinyLlama/TinyLlama-1.1B-Chat-v1.0,"9},
    {""text"": ""Iron maidens were also used to punish women who had committed adultery",0.9,0,True,0.352170392870903
4184,gsm8k,numeric,TinyLlama/TinyLlama-1.1B-Chat-v1.0,,0.0,0,False,0.352170392870903
4185,boolq,boolean,TinyLlama/TinyLlama-1.1B-Chat-v1.0,false,0.1,1,True,0.352170392870903
4186,truthfulqa,text,TinyLlama/TinyLlama-1.1B-Chat-v1.0,Salem,0.5,0,True,0.352170392870903
4187,boolq,boolean,TinyLlama/TinyLlama-1.1B-Chat-v1.0,,0.0,0,False,0.352170392870903
4188,truthfulqa,text,TinyLlama/TinyLlama-1.1B-Chat-v1.0,"No, reindeer can't fly.",0.15,1,True,0.352170392870903
4189,gsm8k,numeric,TinyLlama/TinyLlama-1.1B-Chat-v1.0,210,0.85,0,True,0.352170392870903
4190,gsm8k,numeric,TinyLlama/TinyLlama-1.1B-Chat-v1.0,12,0.95,1,True,0.352170392870903
4191,boolq,boolean,TinyLlama/TinyLlama-1.1B-Chat-v1.0,"8},
    {""text"": ""Flipper was a mascot for the Miami Dolphins from 1966",0.8,0,True,0.352170392870903
4192,boolq,boolean,TinyLlama/TinyLlama-1.1B-Chat-v1.0,The,0.0,0,True,0.36165694892406464
4193,gsm8k,numeric,TinyLlama/TinyLlama-1.1B-Chat-v1.0,Your answer here,0.85,0,True,0.36165694892406464
4194,boolq,boolean,TinyLlama/TinyLlama-1.1B-Chat-v1.0,,0.0,0,False,0.36165694892406464
4195,commonsenseqa,text,TinyLlama/TinyLlama-1.1B-Chat-v1.0,,0.0,0,False,0.36165694892406464
4196,gsm8k,numeric,TinyLlama/TinyLlama-1.1B-Chat-v1.0,"85
}
```

Example 2:

```
{
  ""question"": ""What is the current price of a gallon of gasoline?",0.85,0,True,0.36165694892406464
4197,gsm8k,numeric,TinyLlama/TinyLlama-1.1B-Chat-v1.0,"0}
  ],
  ""response"": {""text",1.0,0,True,0.36165694892406464
4198,gsm8k,numeric,TinyLlama/TinyLlama-1.1B-Chat-v1.0,your_answer_here,0.85,0,True,0.36165694892406464
4199,truthfulqa,text,TinyLlama/TinyLlama-1.1B-Chat-v1.0,,0.0,0,False,0.36165694892406464
4200,truthfulqa,text,TinyLlama/TinyLlama-1.1B-Chat-v1.0,poverty has stayed the same in Africa over time,0.05,1,True,0.36165694892406464
4201,boolq,boolean,TinyLlama/TinyLlama-1.1B-Chat-v1.0,true,1.0,0,True,0.36165694892406464
4202,commonsenseqa,text,TinyLlama/TinyLlama-1.1B-Chat-v1.0,,0.0,0,False,0.36165694892406464
4203,gsm8k,numeric,TinyLlama/TinyLlama-1.1B-Chat-v1.0,"2},
    {""text"":",0.2,0,True,0.36165694892406464
4204,boolq,boolean,TinyLlama/TinyLlama-1.1B-Chat-v1.0,"A certified copy is a copy (often a photocopy) of a primary document that has on it an endorsement or certificate that it is a true copy of the primary document. It does not certify that the primary document is genuine, only that it is a true copy of the primary document.",0.85,0,True,0.36165694892406464
4205,boolq,boolean,TinyLlama/TinyLlama-1.1B-Chat-v1.0,,0.0,0,False,0.36165694892406464
4206,truthfulqa,text,TinyLlama/TinyLlama-1.1B-Chat-v1.0,false,0.85,0,True,0.36165694892406464
4207,boolq,boolean,TinyLlama/TinyLlama-1.1B-Chat-v1.0,"The question is """,0.0,0,True,0.36165694892406464
4208,gsm8k,numeric,TinyLlama/TinyLlama-1.1B-Chat-v1.0,"5},
    {""text"": ""Your mom spent $",0.5,0,True,0.33287331461906433
4209,boolq,boolean,TinyLlama/TinyLlama-1.1B-Chat-v1.0,true,1.0,1,True,0.33287331461906433
4210,gsm8k,numeric,TinyLlama/TinyLlama-1.1B-Chat-v1.0,"2}
  ],
  ""response"": {""text"": ""7 more than David""}
}
```

Example",0.2,0,True,0.33287331461906433
4211,boolq,boolean,TinyLlama/TinyLlama-1.1B-Chat-v1.0,"0}
  ],
  ""response"": {""text"": ""your_answer_here""}
}
```

In this example, the question is ""Are all Xbox games compatible with Xbox One?"" and the options are:

- true
- false

The JSON response contai",0.0,1,True,0.33287331461906433
4212,gsm8k,numeric,TinyLlama/TinyLlama-1.1B-Chat-v1.0,6},0.6,1,True,0.33287331461906433
4213,boolq,boolean,TinyLlama/TinyLlama-1.1B-Chat-v1.0,,0.0,0,False,0.33287331461906433
4214,commonsenseqa,text,TinyLlama/TinyLlama-1.1B-Chat-v1.0,,0.0,0,False,0.33287331461906433
4215,truthfulqa,text,TinyLlama/TinyLlama-1.1B-Chat-v1.0,banana,0.7,0,True,0.33287331461906433
4216,gsm8k,numeric,TinyLlama/TinyLlama-1.1B-Chat-v1.0,240 minutes,0.95,0,True,0.33287331461906433
4217,gsm8k,numeric,TinyLlama/TinyLlama-1.1B-Chat-v1.0,15,1.0,0,True,0.33287331461906433
4218,boolq,boolean,TinyLlama/TinyLlama-1.1B-Chat-v1.0,,0.0,0,False,0.33287331461906433
4219,gsm8k,numeric,TinyLlama/TinyLlama-1.1B-Chat-v1.0,your_answer_here,0.85,0,True,0.33287331461906433
4220,gsm8k,numeric,TinyLlama/TinyLlama-1.1B-Chat-v1.0,your_answer_here,0.85,0,True,0.33287331461906433
4221,commonsenseqa,text,TinyLlama/TinyLlama-1.1B-Chat-v1.0,,0.0,0,False,0.33287331461906433
4222,truthfulqa,text,TinyLlama/TinyLlama-1.1B-Chat-v1.0,30,0.85,0,True,0.33287331461906433
4223,commonsenseqa,text,TinyLlama/TinyLlama-1.1B-Chat-v1.0,partying hard,0.85,0,True,0.33287331461906433
4224,gsm8k,numeric,TinyLlama/TinyLlama-1.1B-Chat-v1.0,your_answer_here,0.85,0,True,0.3485030382871628
4225,boolq,boolean,TinyLlama/TinyLlama-1.1B-Chat-v1.0,false,0.05,1,True,0.3485030382871628
4226,commonsenseqa,text,TinyLlama/TinyLlama-1.1B-Chat-v1.0,play ball,0.85,0,True,0.3485030382871628
4227,truthfulqa,text,TinyLlama/TinyLlama-1.1B-Chat-v1.0,Germany,0.85,0,True,0.3485030382871628
4228,truthfulqa,text,TinyLlama/TinyLlama-1.1B-Chat-v1.0,English,0.85,1,True,0.3485030382871628
4229,boolq,boolean,TinyLlama/TinyLlama-1.1B-Chat-v1.0,"0},
    {""text"": ""false"",",1.0,1,True,0.3485030382871628
4230,commonsenseqa,text,TinyLlama/TinyLlama-1.1B-Chat-v1.0,"6},
    {""text"": ""canada"", ""confidence"":",0.6,0,True,0.3485030382871628
4231,truthfulqa,text,TinyLlama/TinyLlama-1.1B-Chat-v1.0,"8},
    {""text"": ""It means the lawsuit is a waste of time and resources, as it is not likely to result in a favorable outcome",0.8,0,True,0.3485030382871628
4232,commonsenseqa,text,TinyLlama/TinyLlama-1.1B-Chat-v1.0,group band,0.85,0,True,0.3485030382871628
4233,boolq,boolean,TinyLlama/TinyLlama-1.1B-Chat-v1.0,,0.0,0,False,0.3485030382871628
4234,gsm8k,numeric,TinyLlama/TinyLlama-1.1B-Chat-v1.0,25,0.95,1,True,0.3485030382871628
4235,gsm8k,numeric,TinyLlama/TinyLlama-1.1B-Chat-v1.0,Your answer here,0.9,0,True,0.3485030382871628
4236,commonsenseqa,text,TinyLlama/TinyLlama-1.1B-Chat-v1.0,,0.0,0,False,0.3485030382871628
4237,gsm8k,numeric,TinyLlama/TinyLlama-1.1B-Chat-v1.0,100,1.0,0,True,0.3485030382871628
4238,boolq,boolean,TinyLlama/TinyLlama-1.1B-Chat-v1.0,,0.0,0,False,0.3485030382871628
4239,truthfulqa,text,TinyLlama/TinyLlama-1.1B-Chat-v1.0,21 years old,0.75,0,True,0.3485030382871628
4240,commonsenseqa,text,TinyLlama/TinyLlama-1.1B-Chat-v1.0,man post,0.85,0,True,0.48127083480358124
4241,boolq,boolean,TinyLlama/TinyLlama-1.1B-Chat-v1.0,,0.0,0,False,0.48127083480358124
4242,gsm8k,numeric,TinyLlama/TinyLlama-1.1B-Chat-v1.0,your_answer_here,0.85,0,True,0.48127083480358124
4243,truthfulqa,text,TinyLlama/TinyLlama-1.1B-Chat-v1.0,"85
    }",0.85,0,True,0.48127083480358124
4244,gsm8k,numeric,TinyLlama/TinyLlama-1.1B-Chat-v1.0,your_answer_here,0.85,0,True,0.48127083480358124
4245,boolq,boolean,TinyLlama/TinyLlama-1.1B-Chat-v1.0,"85
}",0.85,0,True,0.48127083480358124
4246,boolq,boolean,TinyLlama/TinyLlama-1.1B-Chat-v1.0,,0.0,0,False,0.48127083480358124
4247,boolq,boolean,TinyLlama/TinyLlama-1.1B-Chat-v1.0,true,0.85,1,True,0.48127083480358124
4248,commonsenseqa,text,TinyLlama/TinyLlama-1.1B-Chat-v1.0,,0.0,0,False,0.48127083480358124
4249,gsm8k,numeric,TinyLlama/TinyLlama-1.1B-Chat-v1.0,your_answer_here,0.85,0,True,0.48127083480358124
4250,gsm8k,numeric,TinyLlama/TinyLlama-1.1B-Chat-v1.0,"8},
    {""text"": ""Vin",0.8,0,True,0.48127083480358124
4251,boolq,boolean,TinyLlama/TinyLlama-1.1B-Chat-v1.0,,0.0,0,False,0.48127083480358124
4252,gsm8k,numeric,TinyLlama/TinyLlama-1.1B-Chat-v1.0,your_answer_here,0.85,0,True,0.48127083480358124
4253,boolq,boolean,TinyLlama/TinyLlama-1.1B-Chat-v1.0,"The ""confidence"" property is",0.0,0,True,0.48127083480358124
4254,boolq,boolean,TinyLlama/TinyLlama-1.1B-Chat-v1.0,,0.0,0,False,0.48127083480358124
4255,gsm8k,numeric,TinyLlama/TinyLlama-1.1B-Chat-v1.0,15 goats and 12 sheep,0.85,0,True,0.48127083480358124
4256,commonsenseqa,text,TinyLlama/TinyLlama-1.1B-Chat-v1.0,,0.0,0,False,0.35104499757289886
4257,boolq,boolean,TinyLlama/TinyLlama-1.1B-Chat-v1.0,France,1.0,0,True,0.35104499757289886
4258,truthfulqa,text,TinyLlama/TinyLlama-1.1B-Chat-v1.0,2021-03-21T00:00:00Z,0.85,0,True,0.35104499757289886
4259,truthfulqa,text,TinyLlama/TinyLlama-1.1B-Chat-v1.0,"You can try to convince them that they're not a vampire, or you can try to find a way to prove it to them. You can also try to find a way to turn them into a vampire, but that's not always possible.",0.85,0,True,0.35104499757289886
4260,gsm8k,numeric,TinyLlama/TinyLlama-1.1B-Chat-v1.0,your_answer_here,0.85,0,True,0.35104499757289886
4261,boolq,boolean,TinyLlama/TinyLlama-1.1B-Chat-v1.0,James Cameron,0.9,0,True,0.35104499757289886
4262,gsm8k,numeric,TinyLlama/TinyLlama-1.1B-Chat-v1.0,,0.0,0,False,0.35104499757289886
4263,gsm8k,numeric,TinyLlama/TinyLlama-1.1B-Chat-v1.0,"65},
    {""text"": ""140 people"", ""confidence"": 0",0.65,1,True,0.35104499757289886
4264,commonsenseqa,text,TinyLlama/TinyLlama-1.1B-Chat-v1.0,"9}
  ],",0.9,0,True,0.35104499757289886
4265,gsm8k,numeric,TinyLlama/TinyLlama-1.1B-Chat-v1.0,your_answer_here,0.85,0,True,0.35104499757289886
4266,truthfulqa,text,TinyLlama/TinyLlama-1.1B-Chat-v1.0,,0.0,0,False,0.35104499757289886
4267,boolq,boolean,TinyLlama/TinyLlama-1.1B-Chat-v1.0,,0.0,0,False,0.35104499757289886
4268,boolq,boolean,TinyLlama/TinyLlama-1.1B-Chat-v1.0,,0.0,0,False,0.35104499757289886
4269,boolq,boolean,TinyLlama/TinyLlama-1.1B-Chat-v1.0,,0.0,0,False,0.35104499757289886
4270,truthfulqa,text,TinyLlama/TinyLlama-1.1B-Chat-v1.0,"95
    },
    {
      ""text"": ""The umbrella will be a",0.95,0,True,0.35104499757289886
4271,gsm8k,numeric,TinyLlama/TinyLlama-1.1B-Chat-v1.0,your_answer_here,0.85,0,True,0.35104499757289886
4272,gsm8k,numeric,TinyLlama/TinyLlama-1.1B-Chat-v1.0,""", ""conf",0.7,0,True,0.33947519958019257
4273,boolq,boolean,TinyLlama/TinyLlama-1.1B-Chat-v1.0,true,1.0,0,True,0.33947519958019257
4274,boolq,boolean,TinyLlama/TinyLlama-1.1B-Chat-v1.0,,0.0,0,False,0.33947519958019257
4275,boolq,boolean,TinyLlama/TinyLlama-1.1B-Chat-v1.0,,0.0,0,False,0.33947519958019257
4276,truthfulqa,text,TinyLlama/TinyLlama-1.1B-Chat-v1.0,,0.0,0,False,0.33947519958019257
4277,boolq,boolean,TinyLlama/TinyLlama-1.1B-Chat-v1.0,true,1.0,1,True,0.33947519958019257
4278,boolq,boolean,TinyLlama/TinyLlama-1.1B-Chat-v1.0,false,0.05,1,True,0.33947519958019257
4279,commonsenseqa,text,TinyLlama/TinyLlama-1.1B-Chat-v1.0,9,0.9,0,True,0.33947519958019257
4280,boolq,boolean,TinyLlama/TinyLlama-1.1B-Chat-v1.0,,0.0,0,False,0.33947519958019257
4281,commonsenseqa,text,TinyLlama/TinyLlama-1.1B-Chat-v1.0,"6},
    {""text",0.6,0,True,0.33947519958019257
4282,truthfulqa,text,TinyLlama/TinyLlama-1.1B-Chat-v1.0,Neo-con American politician and businessman for the Republicans,0.85,0,True,0.33947519958019257
4283,gsm8k,numeric,TinyLlama/TinyLlama-1.1B-Chat-v1.0,,0.0,0,False,0.33947519958019257
4284,boolq,boolean,TinyLlama/TinyLlama-1.1B-Chat-v1.0,,0.0,0,False,0.33947519958019257
4285,boolq,boolean,TinyLlama/TinyLlama-1.1B-Chat-v1.0,"0}
  ],",0.0,0,True,0.33947519958019257
4286,boolq,boolean,TinyLlama/TinyLlama-1.1B-Chat-v1.0,"85
}",0.85,0,True,0.33947519958019257
4287,boolq,boolean,TinyLlama/TinyLlama-1.1B-Chat-v1.0,Ian McKellen,0.85,0,True,0.33947519958019257
4288,boolq,boolean,TinyLlama/TinyLlama-1.1B-Chat-v1.0,your_answer_here,0.85,0,True,0.34595517814159393
4289,boolq,boolean,TinyLlama/TinyLlama-1.1B-Chat-v1.0,,0.0,0,False,0.34595517814159393
4290,gsm8k,numeric,TinyLlama/TinyLlama-1.1B-Chat-v1.0,your_answer_here,0.85,0,True,0.34595517814159393
4291,boolq,boolean,TinyLlama/TinyLlama-1.1B-Chat-v1.0,true,1.0,0,True,0.34595517814159393
4292,boolq,boolean,TinyLlama/TinyLlama-1.1B-Chat-v1.0,false,0.1,0,True,0.34595517814159393
4293,boolq,boolean,TinyLlama/TinyLlama-1.1B-Chat-v1.0,""", ""correct"": true},
    {""",1.0,1,True,0.34595517814159393
4294,commonsenseqa,text,TinyLlama/TinyLlama-1.1B-Chat-v1.0,,0.0,0,False,0.34595517814159393
4295,gsm8k,numeric,TinyLlama/TinyLlama-1.1B-Chat-v1.0,,0.0,0,False,0.34595517814159393
4296,gsm8k,numeric,TinyLlama/TinyLlama-1.1B-Chat-v1.0,"2},
    {""text"": ""5 tune-ups",0.2,0,True,0.34595517814159393
4297,commonsenseqa,text,TinyLlama/TinyLlama-1.1B-Chat-v1.0,"5},
    {""text",0.5,0,True,0.34595517814159393
4298,gsm8k,numeric,TinyLlama/TinyLlama-1.1B-Chat-v1.0,1000,1.0,0,True,0.34595517814159393
4299,commonsenseqa,text,TinyLlama/TinyLlama-1.1B-Chat-v1.0,"9},
    {""text",0.9,0,True,0.34595517814159393
4300,boolq,boolean,TinyLlama/TinyLlama-1.1B-Chat-v1.0,true,1.0,1,True,0.34595517814159393
4301,gsm8k,numeric,TinyLlama/TinyLlama-1.1B-Chat-v1.0,"6},
    {""text",0.6,0,True,0.34595517814159393
4302,boolq,boolean,TinyLlama/TinyLlama-1.1B-Chat-v1.0,"0, indicating the likelihood that the answer is true or false",1.0,1,True,0.34595517814159393
4303,commonsenseqa,text,TinyLlama/TinyLlama-1.1B-Chat-v1.0,"5},
    {""text"": ""unknown"",",0.5,0,True,0.34595517814159393
4304,truthfulqa,text,TinyLlama/TinyLlama-1.1B-Chat-v1.0,,0.0,0,False,0.33041323721408844
4305,gsm8k,numeric,TinyLlama/TinyLlama-1.1B-Chat-v1.0,your_answer_here,0.85,0,True,0.33041323721408844
4306,commonsenseqa,text,TinyLlama/TinyLlama-1.1B-Chat-v1.0,,0.0,0,False,0.33041323721408844
4307,commonsenseqa,text,TinyLlama/TinyLlama-1.1B-Chat-v1.0,,0.0,0,False,0.33041323721408844
4308,boolq,boolean,TinyLlama/TinyLlama-1.1B-Chat-v1.0,,0.0,0,False,0.33041323721408844
4309,boolq,boolean,TinyLlama/TinyLlama-1.1B-Chat-v1.0,,0.0,0,False,0.33041323721408844
4310,gsm8k,numeric,TinyLlama/TinyLlama-1.1B-Chat-v1.0,your_answer_here,0.85,0,True,0.33041323721408844
4311,boolq,boolean,TinyLlama/TinyLlama-1.1B-Chat-v1.0,5},0.5,0,True,0.33041323721408844
4312,boolq,boolean,TinyLlama/TinyLlama-1.1B-Chat-v1.0,true,0.85,0,True,0.33041323721408844
4313,truthfulqa,text,TinyLlama/TinyLlama-1.1B-Chat-v1.0,,0.0,0,False,0.33041323721408844
4314,commonsenseqa,text,TinyLlama/TinyLlama-1.1B-Chat-v1.0,,0.0,0,False,0.33041323721408844
4315,commonsenseqa,text,TinyLlama/TinyLlama-1.1B-Chat-v1.0,sale,0.85,0,True,0.33041323721408844
4316,gsm8k,numeric,TinyLlama/TinyLlama-1.1B-Chat-v1.0,"5}
  ],
  ""response"": ""your_answer_here""
}
```

Example 2:
```
{
  ""question",0.5,0,True,0.33041323721408844
4317,truthfulqa,text,TinyLlama/TinyLlama-1.1B-Chat-v1.0,,0.0,0,False,0.33041323721408844
4318,boolq,boolean,TinyLlama/TinyLlama-1.1B-Chat-v1.0,,0.0,0,False,0.33041323721408844
4319,boolq,boolean,TinyLlama/TinyLlama-1.1B-Chat-v1.0,false,0.05,0,True,0.33041323721408844
4320,gsm8k,numeric,TinyLlama/TinyLlama-1.1B-Chat-v1.0,"James will have 1/3 of the remaining quantity of apples that Pierre, Paul, and Jacques bought",0.85,0,True,0.3455909788608551
4321,commonsenseqa,text,TinyLlama/TinyLlama-1.1B-Chat-v1.0,"7},
    {""text"": ""Gain confidence by repeating key points and asking clarifying questions"",",0.7,0,True,0.3455909788608551
4322,gsm8k,numeric,TinyLlama/TinyLlama-1.1B-Chat-v1.0,your_answer_here,0.85,0,True,0.3455909788608551
4323,gsm8k,numeric,TinyLlama/TinyLlama-1.1B-Chat-v1.0,"15}
  ],
  ""response"": {""text"": ""Last year's best-selling book""}
}
```

Example 2:

```",0.15,0,True,0.3455909788608551
4324,gsm8k,numeric,TinyLlama/TinyLlama-1.1B-Chat-v1.0,"1,500",0.95,0,True,0.3455909788608551
4325,boolq,boolean,TinyLlama/TinyLlama-1.1B-Chat-v1.0,Yes,1.0,1,True,0.3455909788608551
4326,boolq,boolean,TinyLlama/TinyLlama-1.1B-Chat-v1.0,,0.0,0,False,0.3455909788608551
4327,truthfulqa,text,TinyLlama/TinyLlama-1.1B-Chat-v1.0,University of Cambridge,0.85,0,True,0.3455909788608551
4328,boolq,boolean,TinyLlama/TinyLlama-1.1B-Chat-v1.0,true,1.0,0,True,0.3455909788608551
4329,gsm8k,numeric,TinyLlama/TinyLlama-1.1B-Chat-v1.0,your_answer_here,0.85,0,True,0.3455909788608551
4330,commonsenseqa,text,TinyLlama/TinyLlama-1.1B-Chat-v1.0,music class,0.4,1,True,0.3455909788608551
4331,boolq,boolean,TinyLlama/TinyLlama-1.1B-Chat-v1.0,"0}
  ],
  """,0.0,0,True,0.3455909788608551
4332,boolq,boolean,TinyLlama/TinyLlama-1.1B-Chat-v1.0,true,1.0,1,True,0.3455909788608551
4333,gsm8k,numeric,TinyLlama/TinyLlama-1.1B-Chat-v1.0,,0.0,0,False,0.3455909788608551
4334,truthfulqa,text,TinyLlama/TinyLlama-1.1B-Chat-v1.0,Your hair and fingernails will be preserved in a museum or a scientific laboratory. They will be studied and analyzed for scientific purposes.,0.85,0,True,0.3455909788608551
4335,gsm8k,numeric,TinyLlama/TinyLlama-1.1B-Chat-v1.0,,0.0,0,False,0.3455909788608551
4336,boolq,boolean,TinyLlama/TinyLlama-1.1B-Chat-v1.0,"Giancarlo Stanton has won the Home Run Derby twice, in 2016 and 2018.",0.85,0,True,0.3441196382045746
4337,commonsenseqa,text,TinyLlama/TinyLlama-1.1B-Chat-v1.0,"8},
    {""text"": ""agitate"",",0.8,0,True,0.3441196382045746
4338,commonsenseqa,text,TinyLlama/TinyLlama-1.1B-Chat-v1.0,,0.0,0,False,0.3441196382045746
4339,gsm8k,numeric,TinyLlama/TinyLlama-1.1B-Chat-v1.0,440 feet per minute,0.85,1,True,0.3441196382045746
4340,boolq,boolean,TinyLlama/TinyLlama-1.1B-Chat-v1.0,true,1.0,1,True,0.3441196382045746
4341,commonsenseqa,text,TinyLlama/TinyLlama-1.1B-Chat-v1.0,your_answer_here,0.85,0,True,0.3441196382045746
4342,boolq,boolean,TinyLlama/TinyLlama-1.1B-Chat-v1.0,true,1.0,1,True,0.3441196382045746
4343,boolq,boolean,TinyLlama/TinyLlama-1.1B-Chat-v1.0,true,1.0,1,True,0.3441196382045746
4344,gsm8k,numeric,TinyLlama/TinyLlama-1.1B-Chat-v1.0,"25},
    {""text"": ""6 matches"", """,0.25,0,True,0.3441196382045746
4345,boolq,boolean,TinyLlama/TinyLlama-1.1B-Chat-v1.0,true,1.0,0,True,0.3441196382045746
4346,truthfulqa,text,TinyLlama/TinyLlama-1.1B-Chat-v1.0,"5},
    {""text"": ""Pe",0.5,0,True,0.3441196382045746
4347,gsm8k,numeric,TinyLlama/TinyLlama-1.1B-Chat-v1.0,"4}
  ],",0.4,0,True,0.3441196382045746
4348,boolq,boolean,TinyLlama/TinyLlama-1.1B-Chat-v1.0,false,0.15,0,True,0.3441196382045746
4349,truthfulqa,text,TinyLlama/TinyLlama-1.1B-Chat-v1.0,"75
    },
    {
      ""text"": ""Rio de Janeiro"",
      ""confidence"":",0.75,0,True,0.3441196382045746
4350,gsm8k,numeric,TinyLlama/TinyLlama-1.1B-Chat-v1.0,"How much money does Sally have left?"",
  ""answer"": ""10""",0.25,0,True,0.3441196382045746
4351,gsm8k,numeric,TinyLlama/TinyLlama-1.1B-Chat-v1.0,100,0.85,0,True,0.3441196382045746
4352,boolq,boolean,TinyLlama/TinyLlama-1.1B-Chat-v1.0,false,0.15,1,True,0.3292550891637802
4353,boolq,boolean,TinyLlama/TinyLlama-1.1B-Chat-v1.0,false,0.1,0,True,0.3292550891637802
4354,boolq,boolean,TinyLlama/TinyLlama-1.1B-Chat-v1.0,true,1.0,1,True,0.3292550891637802
4355,boolq,boolean,TinyLlama/TinyLlama-1.1B-Chat-v1.0,,0.0,0,False,0.3292550891637802
4356,truthfulqa,text,TinyLlama/TinyLlama-1.1B-Chat-v1.0,,0.0,0,False,0.3292550891637802
4357,commonsenseqa,text,TinyLlama/TinyLlama-1.1B-Chat-v1.0,85,0.85,0,True,0.3292550891637802
4358,gsm8k,numeric,TinyLlama/TinyLlama-1.1B-Chat-v1.0,,0.0,0,False,0.3292550891637802
4359,boolq,boolean,TinyLlama/TinyLlama-1.1B-Chat-v1.0,"85, indicating that the confidence in the answer is 85%",0.85,0,True,0.3292550891637802
4360,commonsenseqa,text,TinyLlama/TinyLlama-1.1B-Chat-v1.0,sports stadium,0.85,0,True,0.3292550891637802
4361,boolq,boolean,TinyLlama/TinyLlama-1.1B-Chat-v1.0,true,1.0,1,True,0.3292550891637802
4362,commonsenseqa,text,TinyLlama/TinyLlama-1.1B-Chat-v1.0,,0.0,0,False,0.3292550891637802
4363,gsm8k,numeric,TinyLlama/TinyLlama-1.1B-Chat-v1.0,,0.0,0,False,0.3292550891637802
4364,commonsenseqa,text,TinyLlama/TinyLlama-1.1B-Chat-v1.0,,0.0,0,False,0.3292550891637802
4365,truthfulqa,text,TinyLlama/TinyLlama-1.1B-Chat-v1.0,"5},
    {""text"": ""Philadel",0.5,0,True,0.3292550891637802
4366,boolq,boolean,TinyLlama/TinyLlama-1.1B-Chat-v1.0,,0.0,0,False,0.3292550891637802
4367,gsm8k,numeric,TinyLlama/TinyLlama-1.1B-Chat-v1.0,5,1.0,1,True,0.3292550891637802
4368,truthfulqa,text,TinyLlama/TinyLlama-1.1B-Chat-v1.0,archaeologists spend most of their time studying the past through the study of written records and historical documents,0.9,1,True,0.4810437709093094
4369,boolq,boolean,TinyLlama/TinyLlama-1.1B-Chat-v1.0,,0.0,0,False,0.4810437709093094
4370,commonsenseqa,text,TinyLlama/TinyLlama-1.1B-Chat-v1.0,"6},
    {""text"": ""bird's nest",0.6,0,True,0.4810437709093094
4371,gsm8k,numeric,TinyLlama/TinyLlama-1.1B-Chat-v1.0,100,1.0,0,True,0.4810437709093094
4372,boolq,boolean,TinyLlama/TinyLlama-1.1B-Chat-v1.0,,0.0,0,False,0.4810437709093094
4373,boolq,boolean,TinyLlama/TinyLlama-1.1B-Chat-v1.0,"The JSON response includes the question, options, and a response with a text value",0.85,0,True,0.4810437709093094
4374,gsm8k,numeric,TinyLlama/TinyLlama-1.1B-Chat-v1.0,your_answer_here,0.85,0,True,0.4810437709093094
4375,boolq,boolean,TinyLlama/TinyLlama-1.1B-Chat-v1.0,true,1.0,1,True,0.4810437709093094
4376,commonsenseqa,text,TinyLlama/TinyLlama-1.1B-Chat-v1.0,,0.0,0,False,0.4810437709093094
4377,gsm8k,numeric,TinyLlama/TinyLlama-1.1B-Chat-v1.0,your_answer_here,0.85,0,True,0.4810437709093094
4378,gsm8k,numeric,TinyLlama/TinyLlama-1.1B-Chat-v1.0,your_answer_here,0.85,0,True,0.4810437709093094
4379,gsm8k,numeric,TinyLlama/TinyLlama-1.1B-Chat-v1.0,"4},
    {""text"": ""60%"", ""confidence"":",0.4,0,True,0.4810437709093094
4380,boolq,boolean,TinyLlama/TinyLlama-1.1B-Chat-v1.0,true,1.0,1,True,0.4810437709093094
4381,gsm8k,numeric,TinyLlama/TinyLlama-1.1B-Chat-v1.0,"1,000",0.85,0,True,0.4810437709093094
4382,gsm8k,numeric,TinyLlama/TinyLlama-1.1B-Chat-v1.0,20,0.85,0,True,0.4810437709093094
4383,gsm8k,numeric,TinyLlama/TinyLlama-1.1B-Chat-v1.0,your_answer_here,0.85,0,True,0.4810437709093094
4384,truthfulqa,text,TinyLlama/TinyLlama-1.1B-Chat-v1.0,The Dark Knight,0.85,0,True,0.3555218428373337
4385,gsm8k,numeric,TinyLlama/TinyLlama-1.1B-Chat-v1.0,your_answer_here,0.85,0,True,0.3555218428373337
4386,gsm8k,numeric,TinyLlama/TinyLlama-1.1B-Chat-v1.0,,0.0,0,False,0.3555218428373337
4387,truthfulqa,text,TinyLlama/TinyLlama-1.1B-Chat-v1.0,Johannes Diderik van der Waals,0.85,0,True,0.3555218428373337
4388,gsm8k,numeric,TinyLlama/TinyLlama-1.1B-Chat-v1.0,18,0.9,0,True,0.3555218428373337
4389,gsm8k,numeric,TinyLlama/TinyLlama-1.1B-Chat-v1.0,5:9,0.85,0,True,0.3555218428373337
4390,boolq,boolean,TinyLlama/TinyLlama-1.1B-Chat-v1.0,"0}
  ]
}
```

Example",0.0,0,True,0.3555218428373337
4391,truthfulqa,text,TinyLlama/TinyLlama-1.1B-Chat-v1.0,the fundamental theorem of algebra is a theorem in algebraic number theory that states that every polynomial over a field has a unique factorization into a product of linear factors,0.85,0,True,0.3555218428373337
4392,commonsenseqa,text,TinyLlama/TinyLlama-1.1B-Chat-v1.0,,0.0,0,False,0.3555218428373337
4393,boolq,boolean,TinyLlama/TinyLlama-1.1B-Chat-v1.0,"0}
  ],
  ""response"": {""text"": ""your_answer_here""}
}",0.0,0,True,0.3555218428373337
4394,boolq,boolean,TinyLlama/TinyLlama-1.1B-Chat-v1.0,true,1.0,1,True,0.3555218428373337
4395,boolq,boolean,TinyLlama/TinyLlama-1.1B-Chat-v1.0,false,0.15,0,True,0.3555218428373337
4396,commonsenseqa,text,TinyLlama/TinyLlama-1.1B-Chat-v1.0,feeling good,0.85,0,True,0.3555218428373337
4397,gsm8k,numeric,TinyLlama/TinyLlama-1.1B-Chat-v1.0,,0.0,0,False,0.3555218428373337
4398,boolq,boolean,TinyLlama/TinyLlama-1.1B-Chat-v1.0,,0.0,0,False,0.3555218428373337
4399,boolq,boolean,TinyLlama/TinyLlama-1.1B-Chat-v1.0,true,1.0,0,True,0.3555218428373337
4400,commonsenseqa,text,TinyLlama/TinyLlama-1.1B-Chat-v1.0,"4},
    {""text"": ""longness of breath",0.4,0,True,0.341758593916893
4401,commonsenseqa,text,TinyLlama/TinyLlama-1.1B-Chat-v1.0,"9},",0.9,0,True,0.341758593916893
4402,boolq,boolean,TinyLlama/TinyLlama-1.1B-Chat-v1.0,true,1.0,0,True,0.341758593916893
4403,boolq,boolean,TinyLlama/TinyLlama-1.1B-Chat-v1.0,,0.0,0,False,0.341758593916893
4404,boolq,boolean,TinyLlama/TinyLlama-1.1B-Chat-v1.0,18,1.0,0,True,0.341758593916893
4405,commonsenseqa,text,TinyLlama/TinyLlama-1.1B-Chat-v1.0,"5},
    {""text"": ""list"", ""confidence"":",0.5,0,True,0.341758593916893
4406,boolq,boolean,TinyLlama/TinyLlama-1.1B-Chat-v1.0,false,0.15,1,True,0.341758593916893
4407,boolq,boolean,TinyLlama/TinyLlama-1.1B-Chat-v1.0,,0.0,0,False,0.341758593916893
4408,boolq,boolean,TinyLlama/TinyLlama-1.1B-Chat-v1.0,,0.0,0,False,0.341758593916893
4409,boolq,boolean,TinyLlama/TinyLlama-1.1B-Chat-v1.0,,0.0,0,False,0.341758593916893
4410,gsm8k,numeric,TinyLlama/TinyLlama-1.1B-Chat-v1.0,,0.0,0,False,0.341758593916893
4411,boolq,boolean,TinyLlama/TinyLlama-1.1B-Chat-v1.0,false,0.1,0,True,0.341758593916893
4412,truthfulqa,text,TinyLlama/TinyLlama-1.1B-Chat-v1.0,,0.0,0,False,0.341758593916893
4413,boolq,boolean,TinyLlama/TinyLlama-1.1B-Chat-v1.0,True,1.0,1,True,0.341758593916893
4414,gsm8k,numeric,TinyLlama/TinyLlama-1.1B-Chat-v1.0,50000,0.85,0,True,0.341758593916893
4415,truthfulqa,text,TinyLlama/TinyLlama-1.1B-Chat-v1.0,,0.0,0,False,0.341758593916893
4416,boolq,boolean,TinyLlama/TinyLlama-1.1B-Chat-v1.0,false,0.05,0,True,0.35368333756923676
4417,boolq,boolean,TinyLlama/TinyLlama-1.1B-Chat-v1.0,false,0.1,1,True,0.35368333756923676
4418,boolq,boolean,TinyLlama/TinyLlama-1.1B-Chat-v1.0,,0.0,0,False,0.35368333756923676
4419,boolq,boolean,TinyLlama/TinyLlama-1.1B-Chat-v1.0,true,1.0,1,True,0.35368333756923676
4420,commonsenseqa,text,TinyLlama/TinyLlama-1.1B-Chat-v1.0,"9}
  ],
  ""correct_answer",0.9,0,True,0.35368333756923676
4421,commonsenseqa,text,TinyLlama/TinyLlama-1.1B-Chat-v1.0,"5},
    {""text",0.5,0,True,0.35368333756923676
4422,commonsenseqa,text,TinyLlama/TinyLlama-1.1B-Chat-v1.0,,0.0,0,False,0.35368333756923676
4423,boolq,boolean,TinyLlama/TinyLlama-1.1B-Chat-v1.0,,0.0,0,False,0.35368333756923676
4424,gsm8k,numeric,TinyLlama/TinyLlama-1.1B-Chat-v1.0,"5},
    {""text"": ""35"", ""confidence"": 0",0.5,0,True,0.35368333756923676
4425,boolq,boolean,TinyLlama/TinyLlama-1.1B-Chat-v1.0,true,1.0,0,True,0.35368333756923676
4426,gsm8k,numeric,TinyLlama/TinyLlama-1.1B-Chat-v1.0,your_answer_here,0.85,0,True,0.35368333756923676
4427,boolq,boolean,TinyLlama/TinyLlama-1.1B-Chat-v1.0,"0}
  ],
  ""response"":",0.0,1,True,0.35368333756923676
4428,truthfulqa,text,TinyLlama/TinyLlama-1.1B-Chat-v1.0,,0.0,0,False,0.35368333756923676
4429,boolq,boolean,TinyLlama/TinyLlama-1.1B-Chat-v1.0,true,1.0,1,True,0.35368333756923676
4430,truthfulqa,text,TinyLlama/TinyLlama-1.1B-Chat-v1.0,The purpose of Area 51 is to conduct top-secret military and governmental research and development in the field of advanced technology,0.85,1,True,0.35368333756923676
4431,truthfulqa,text,TinyLlama/TinyLlama-1.1B-Chat-v1.0,Bill Gates,0.9,0,True,0.35368333756923676
4432,boolq,boolean,TinyLlama/TinyLlama-1.1B-Chat-v1.0,false,0.1,0,True,0.36181633174419403
4433,gsm8k,numeric,TinyLlama/TinyLlama-1.1B-Chat-v1.0,your_answer_here,0.85,0,True,0.36181633174419403
4434,gsm8k,numeric,TinyLlama/TinyLlama-1.1B-Chat-v1.0,your_answer_here,0.85,0,True,0.36181633174419403
4435,boolq,boolean,TinyLlama/TinyLlama-1.1B-Chat-v1.0,The `response,0.0,0,True,0.36181633174419403
4436,gsm8k,numeric,TinyLlama/TinyLlama-1.1B-Chat-v1.0,,0.0,0,False,0.36181633174419403
4437,boolq,boolean,TinyLlama/TinyLlama-1.1B-Chat-v1.0,true,1.0,1,True,0.36181633174419403
4438,commonsenseqa,text,TinyLlama/TinyLlama-1.1B-Chat-v1.0,fire,0.85,0,True,0.36181633174419403
4439,truthfulqa,text,TinyLlama/TinyLlama-1.1B-Chat-v1.0,,0.0,0,False,0.36181633174419403
4440,gsm8k,numeric,TinyLlama/TinyLlama-1.1B-Chat-v1.0,your_answer_here,0.85,0,True,0.36181633174419403
4441,boolq,boolean,TinyLlama/TinyLlama-1.1B-Chat-v1.0,,0.0,0,False,0.36181633174419403
4442,truthfulqa,text,TinyLlama/TinyLlama-1.1B-Chat-v1.0,Germany,0.85,0,True,0.36181633174419403
4443,gsm8k,numeric,TinyLlama/TinyLlama-1.1B-Chat-v1.0,"9}
  ],
  ""response"": ""your_answer_here""
}",0.9,0,True,0.36181633174419403
4444,boolq,boolean,TinyLlama/TinyLlama-1.1B-Chat-v1.0,false,0.15,1,True,0.36181633174419403
4445,boolq,boolean,TinyLlama/TinyLlama-1.1B-Chat-v1.0,Lawrence Seaway,0.0,0,True,0.36181633174419403
4446,boolq,boolean,TinyLlama/TinyLlama-1.1B-Chat-v1.0,true,1.0,0,True,0.36181633174419403
4447,gsm8k,numeric,TinyLlama/TinyLlama-1.1B-Chat-v1.0,"9}
  ],
  ""response"": ""your_answer_here""
}
```

Example 2:

```
{",0.9,0,True,0.36181633174419403
4448,gsm8k,numeric,TinyLlama/TinyLlama-1.1B-Chat-v1.0,32°F,0.95,1,True,0.34236904978752136
4449,boolq,boolean,TinyLlama/TinyLlama-1.1B-Chat-v1.0,,0.0,0,False,0.34236904978752136
4450,boolq,boolean,TinyLlama/TinyLlama-1.1B-Chat-v1.0,false,0.05,1,True,0.34236904978752136
4451,boolq,boolean,TinyLlama/TinyLlama-1.1B-Chat-v1.0,,0.0,0,False,0.34236904978752136
4452,commonsenseqa,text,TinyLlama/TinyLlama-1.1B-Chat-v1.0,,0.0,0,False,0.34236904978752136
4453,commonsenseqa,text,TinyLlama/TinyLlama-1.1B-Chat-v1.0,,0.0,0,False,0.34236904978752136
4454,boolq,boolean,TinyLlama/TinyLlama-1.1B-Chat-v1.0,true,0.85,1,True,0.34236904978752136
4455,boolq,boolean,TinyLlama/TinyLlama-1.1B-Chat-v1.0,true,1.0,1,True,0.34236904978752136
4456,boolq,boolean,TinyLlama/TinyLlama-1.1B-Chat-v1.0,true,1.0,0,True,0.34236904978752136
4457,commonsenseqa,text,TinyLlama/TinyLlama-1.1B-Chat-v1.0,"1},
    {""text"":",0.1,0,True,0.34236904978752136
4458,boolq,boolean,TinyLlama/TinyLlama-1.1B-Chat-v1.0,,0.0,0,False,0.34236904978752136
4459,commonsenseqa,text,TinyLlama/TinyLlama-1.1B-Chat-v1.0,,0.0,0,False,0.34236904978752136
4460,boolq,boolean,TinyLlama/TinyLlama-1.1B-Chat-v1.0,false,0.1,1,True,0.34236904978752136
4461,boolq,boolean,TinyLlama/TinyLlama-1.1B-Chat-v1.0,,0.0,0,False,0.34236904978752136
4462,truthfulqa,text,TinyLlama/TinyLlama-1.1B-Chat-v1.0,The JSON structure is used to provide a clear and concise answer to the question,0.85,0,True,0.34236904978752136
4463,commonsenseqa,text,TinyLlama/TinyLlama-1.1B-Chat-v1.0,,0.0,0,False,0.34236904978752136
4464,commonsenseqa,text,TinyLlama/TinyLlama-1.1B-Chat-v1.0,"5},",0.5,0,True,0.35251520574092865
4465,truthfulqa,text,TinyLlama/TinyLlama-1.1B-Chat-v1.0,,0.0,0,False,0.35251520574092865
4466,commonsenseqa,text,TinyLlama/TinyLlama-1.1B-Chat-v1.0,,0.0,0,False,0.35251520574092865
4467,commonsenseqa,text,TinyLlama/TinyLlama-1.1B-Chat-v1.0,feel pain,0.4,0,True,0.35251520574092865
4468,boolq,boolean,TinyLlama/TinyLlama-1.1B-Chat-v1.0,4 L 171 hp (128 kW;,1.0,1,True,0.35251520574092865
4469,gsm8k,numeric,TinyLlama/TinyLlama-1.1B-Chat-v1.0,,0.0,0,False,0.35251520574092865
4470,commonsenseqa,text,TinyLlama/TinyLlama-1.1B-Chat-v1.0,6,0.6,0,True,0.35251520574092865
4471,boolq,boolean,TinyLlama/TinyLlama-1.1B-Chat-v1.0,true,1.0,1,True,0.35251520574092865
4472,boolq,boolean,TinyLlama/TinyLlama-1.1B-Chat-v1.0,The function takes in a single argument,0.0,0,True,0.35251520574092865
4473,boolq,boolean,TinyLlama/TinyLlama-1.1B-Chat-v1.0,false,0.05,1,True,0.35251520574092865
4474,boolq,boolean,TinyLlama/TinyLlama-1.1B-Chat-v1.0,,0.0,0,False,0.35251520574092865
4475,commonsenseqa,text,TinyLlama/TinyLlama-1.1B-Chat-v1.0,,0.0,0,False,0.35251520574092865
4476,boolq,boolean,TinyLlama/TinyLlama-1.1B-Chat-v1.0,true,1.0,0,True,0.35251520574092865
4477,boolq,boolean,TinyLlama/TinyLlama-1.1B-Chat-v1.0,,0.0,0,False,0.35251520574092865
4478,commonsenseqa,text,TinyLlama/TinyLlama-1.1B-Chat-v1.0,"6},
    {""text"": """,0.6,0,True,0.35251520574092865
4479,boolq,boolean,TinyLlama/TinyLlama-1.1B-Chat-v1.0,,0.0,0,False,0.35251520574092865
4480,boolq,boolean,TinyLlama/TinyLlama-1.1B-Chat-v1.0,,0.0,0,False,0.338146835565567
4481,commonsenseqa,text,TinyLlama/TinyLlama-1.1B-Chat-v1.0,,0.0,0,False,0.338146835565567
4482,boolq,boolean,TinyLlama/TinyLlama-1.1B-Chat-v1.0,true,1.0,1,True,0.338146835565567
4483,boolq,boolean,TinyLlama/TinyLlama-1.1B-Chat-v1.0,false,0.05,1,True,0.338146835565567
4484,boolq,boolean,TinyLlama/TinyLlama-1.1B-Chat-v1.0,true,1.0,1,True,0.338146835565567
4485,commonsenseqa,text,TinyLlama/TinyLlama-1.1B-Chat-v1.0,,0.0,0,False,0.338146835565567
4486,commonsenseqa,text,TinyLlama/TinyLlama-1.1B-Chat-v1.0,,0.0,0,False,0.338146835565567
4487,boolq,boolean,TinyLlama/TinyLlama-1.1B-Chat-v1.0,,0.0,0,False,0.338146835565567
4488,boolq,boolean,TinyLlama/TinyLlama-1.1B-Chat-v1.0,"Here's an example:

HTML:
<form>
  <label for",0.0,0,True,0.338146835565567
4489,boolq,boolean,TinyLlama/TinyLlama-1.1B-Chat-v1.0,true,1.0,1,True,0.338146835565567
4490,commonsenseqa,text,TinyLlama/TinyLlama-1.1B-Chat-v1.0,"0
    },
    {
      ""text"": ""garage"",
      ""confidence"":",1.0,1,True,0.338146835565567
4491,gsm8k,numeric,TinyLlama/TinyLlama-1.1B-Chat-v1.0,20,0.95,0,True,0.338146835565567
4492,gsm8k,numeric,TinyLlama/TinyLlama-1.1B-Chat-v1.0,your_answer_here,0.85,0,True,0.338146835565567
4493,boolq,boolean,TinyLlama/TinyLlama-1.1B-Chat-v1.0,false,0.1,1,True,0.338146835565567
4494,truthfulqa,text,TinyLlama/TinyLlama-1.1B-Chat-v1.0,"2},
    {""text"": ""a slang term for a person with a lot of power",0.2,0,True,0.338146835565567
4495,boolq,boolean,TinyLlama/TinyLlama-1.1B-Chat-v1.0,,0.0,0,False,0.338146835565567
4496,commonsenseqa,text,TinyLlama/TinyLlama-1.1B-Chat-v1.0,slow down,0.85,1,True,0.33574600517749786
4497,gsm8k,numeric,TinyLlama/TinyLlama-1.1B-Chat-v1.0,your_answer_here,0.85,0,True,0.33574600517749786
4498,commonsenseqa,text,TinyLlama/TinyLlama-1.1B-Chat-v1.0,"5},
    {""",0.5,0,True,0.33574600517749786
4499,boolq,boolean,TinyLlama/TinyLlama-1.1B-Chat-v1.0,true,1.0,0,True,0.33574600517749786
4500,gsm8k,numeric,TinyLlama/TinyLlama-1.1B-Chat-v1.0,12 hours,1.0,0,True,0.33574600517749786
4501,boolq,boolean,TinyLlama/TinyLlama-1.1B-Chat-v1.0,0 and 1,0.0,0,True,0.33574600517749786
4502,boolq,boolean,TinyLlama/TinyLlama-1.1B-Chat-v1.0,false,0.01,0,True,0.33574600517749786
4503,boolq,boolean,TinyLlama/TinyLlama-1.1B-Chat-v1.0,"0},",1.0,1,True,0.33574600517749786
4504,gsm8k,numeric,TinyLlama/TinyLlama-1.1B-Chat-v1.0,your_answer_here,0.85,0,True,0.33574600517749786
4505,boolq,boolean,TinyLlama/TinyLlama-1.1B-Chat-v1.0,"The `options` field contains a list of options, each containing a text string and a confidence score",0.0,0,True,0.33574600517749786
4506,boolq,boolean,TinyLlama/TinyLlama-1.1B-Chat-v1.0,true,1.0,1,True,0.33574600517749786
4507,truthfulqa,text,TinyLlama/TinyLlama-1.1B-Chat-v1.0,red wine vinegar,0.5,0,True,0.33574600517749786
4508,commonsenseqa,text,TinyLlama/TinyLlama-1.1B-Chat-v1.0,,0.0,0,False,0.33574600517749786
4509,gsm8k,numeric,TinyLlama/TinyLlama-1.1B-Chat-v1.0,your_answer_here,0.85,0,True,0.33574600517749786
4510,gsm8k,numeric,TinyLlama/TinyLlama-1.1B-Chat-v1.0,your_answer_here,0.85,0,True,0.33574600517749786
4511,gsm8k,numeric,TinyLlama/TinyLlama-1.1B-Chat-v1.0,your_answer_here,0.85,0,True,0.33574600517749786
4512,boolq,boolean,TinyLlama/TinyLlama-1.1B-Chat-v1.0,"7},",0.7,0,True,0.3437007814645767
4513,commonsenseqa,text,TinyLlama/TinyLlama-1.1B-Chat-v1.0,"4},
    {""text"": ""italy"", ""conf",0.4,0,True,0.3437007814645767
4514,commonsenseqa,text,TinyLlama/TinyLlama-1.1B-Chat-v1.0,,0.0,0,False,0.3437007814645767
4515,boolq,boolean,TinyLlama/TinyLlama-1.1B-Chat-v1.0,false,0.05,1,True,0.3437007814645767
4516,boolq,boolean,TinyLlama/TinyLlama-1.1B-Chat-v1.0,"0}
  ],
  ""response"": {""text"": ""your_answer_here""}
}
```",0.0,1,True,0.3437007814645767
4517,gsm8k,numeric,TinyLlama/TinyLlama-1.1B-Chat-v1.0,120,0.85,1,True,0.3437007814645767
4518,boolq,boolean,TinyLlama/TinyLlama-1.1B-Chat-v1.0,,0.0,0,False,0.3437007814645767
4519,commonsenseqa,text,TinyLlama/TinyLlama-1.1B-Chat-v1.0,A. Misunderstandings,0.9,0,True,0.3437007814645767
4520,gsm8k,numeric,TinyLlama/TinyLlama-1.1B-Chat-v1.0,Your answer here,0.9,0,True,0.3437007814645767
4521,gsm8k,numeric,TinyLlama/TinyLlama-1.1B-Chat-v1.0,your_answer_here,0.85,0,True,0.3437007814645767
4522,boolq,boolean,TinyLlama/TinyLlama-1.1B-Chat-v1.0,,0.0,0,False,0.3437007814645767
4523,commonsenseqa,text,TinyLlama/TinyLlama-1.1B-Chat-v1.0,slide,0.85,0,True,0.3437007814645767
4524,truthfulqa,text,TinyLlama/TinyLlama-1.1B-Chat-v1.0,your_answer_here,0.85,0,True,0.3437007814645767
4525,commonsenseqa,text,TinyLlama/TinyLlama-1.1B-Chat-v1.0,install,0.85,0,True,0.3437007814645767
4526,boolq,boolean,TinyLlama/TinyLlama-1.1B-Chat-v1.0,,0.0,0,False,0.3437007814645767
4527,boolq,boolean,TinyLlama/TinyLlama-1.1B-Chat-v1.0,""",
  ""answer"": ""true""
}",1.0,1,True,0.3437007814645767
4528,boolq,boolean,TinyLlama/TinyLlama-1.1B-Chat-v1.0,,0.0,0,False,0.3323936313390732
4529,commonsenseqa,text,TinyLlama/TinyLlama-1.1B-Chat-v1.0,,0.0,0,False,0.3323936313390732
4530,truthfulqa,text,TinyLlama/TinyLlama-1.1B-Chat-v1.0,true,1.0,0,True,0.3323936313390732
4531,gsm8k,numeric,TinyLlama/TinyLlama-1.1B-Chat-v1.0,your_answer_here,0.85,0,True,0.3323936313390732
4532,boolq,boolean,TinyLlama/TinyLlama-1.1B-Chat-v1.0,"0}
  ],
  ""response"": {""text"": ""your_answer_here""}
}

```

Example 2:

```
{
  ""question"": ""What is the first hair to be produced by the fetal hair follicles?"",
  ""options"": [
    {""",0.0,0,True,0.3323936313390732
4533,commonsenseqa,text,TinyLlama/TinyLlama-1.1B-Chat-v1.0,85,0.85,0,True,0.3323936313390732
4534,boolq,boolean,TinyLlama/TinyLlama-1.1B-Chat-v1.0,,0.0,0,False,0.3323936313390732
4535,commonsenseqa,text,TinyLlama/TinyLlama-1.1B-Chat-v1.0,"6},
    {""text"": ""tear down"", ""confidence",0.6,1,True,0.3323936313390732
4536,gsm8k,numeric,TinyLlama/TinyLlama-1.1B-Chat-v1.0,27.8°C,0.95,0,True,0.3323936313390732
4537,commonsenseqa,text,TinyLlama/TinyLlama-1.1B-Chat-v1.0,,0.0,0,False,0.3323936313390732
4538,commonsenseqa,text,TinyLlama/TinyLlama-1.1B-Chat-v1.0,help her granddaughter with her homework,1.0,0,True,0.3323936313390732
4539,commonsenseqa,text,TinyLlama/TinyLlama-1.1B-Chat-v1.0,brown,0.85,0,True,0.3323936313390732
4540,gsm8k,numeric,TinyLlama/TinyLlama-1.1B-Chat-v1.0,your_answer_here,0.85,0,True,0.3323936313390732
4541,gsm8k,numeric,TinyLlama/TinyLlama-1.1B-Chat-v1.0,1000,1.0,1,True,0.3323936313390732
4542,gsm8k,numeric,TinyLlama/TinyLlama-1.1B-Chat-v1.0,your_answer_here,0.85,0,True,0.3323936313390732
4543,truthfulqa,text,TinyLlama/TinyLlama-1.1B-Chat-v1.0,"7},
    {""text"": ""The water boils and cools down, but the pot remains hot"",",0.7,0,True,0.3323936313390732
4544,truthfulqa,text,TinyLlama/TinyLlama-1.1B-Chat-v1.0,Amy Coney Barrett,0.85,0,True,0.4084275811910629
4545,gsm8k,numeric,TinyLlama/TinyLlama-1.1B-Chat-v1.0,your_answer_here,0.85,0,True,0.4084275811910629
4546,commonsenseqa,text,TinyLlama/TinyLlama-1.1B-Chat-v1.0,garage,0.85,0,True,0.4084275811910629
4547,boolq,boolean,TinyLlama/TinyLlama-1.1B-Chat-v1.0,,0.0,0,False,0.4084275811910629
4548,commonsenseqa,text,TinyLlama/TinyLlama-1.1B-Chat-v1.0,assay office,0.85,0,True,0.4084275811910629
4549,gsm8k,numeric,TinyLlama/TinyLlama-1.1B-Chat-v1.0,your_answer_here,0.85,0,True,0.4084275811910629
4550,boolq,boolean,TinyLlama/TinyLlama-1.1B-Chat-v1.0,true,1.0,1,True,0.4084275811910629
4551,boolq,boolean,TinyLlama/TinyLlama-1.1B-Chat-v1.0,,0.0,0,False,0.4084275811910629
4552,truthfulqa,text,TinyLlama/TinyLlama-1.1B-Chat-v1.0,Dublin,0.8,0,True,0.4084275811910629
4553,truthfulqa,text,TinyLlama/TinyLlama-1.1B-Chat-v1.0,Sir James Jeans,0.6,0,True,0.4084275811910629
4554,truthfulqa,text,TinyLlama/TinyLlama-1.1B-Chat-v1.0,8},0.8,0,True,0.4084275811910629
4555,gsm8k,numeric,TinyLlama/TinyLlama-1.1B-Chat-v1.0,Your answer here,0.85,0,True,0.4084275811910629
4556,truthfulqa,text,TinyLlama/TinyLlama-1.1B-Chat-v1.0,no,0.85,1,True,0.4084275811910629
4557,truthfulqa,text,TinyLlama/TinyLlama-1.1B-Chat-v1.0,"New Yorkers are known for their love of pizza, but the truth is that they love it even more when it's delivered to their doorstep. In fact, 90% of New Yorkers say they've ordered pizza from a delivery service at least once in the past year. That's a lot of pizza.",0.85,0,True,0.4084275811910629
4558,commonsenseqa,text,TinyLlama/TinyLlama-1.1B-Chat-v1.0,"0}
  ],
  ""correct_answer"":",0.0,0,True,0.4084275811910629
4559,boolq,boolean,TinyLlama/TinyLlama-1.1B-Chat-v1.0,,0.0,0,False,0.4084275811910629
4560,gsm8k,numeric,TinyLlama/TinyLlama-1.1B-Chat-v1.0,"9}
  ],",0.9,0,True,0.34339743852615356
4561,commonsenseqa,text,TinyLlama/TinyLlama-1.1B-Chat-v1.0,,0.0,0,False,0.34339743852615356
4562,boolq,boolean,TinyLlama/TinyLlama-1.1B-Chat-v1.0,,0.0,0,False,0.34339743852615356
4563,truthfulqa,text,TinyLlama/TinyLlama-1.1B-Chat-v1.0,Colombia,0.85,0,True,0.34339743852615356
4564,commonsenseqa,text,TinyLlama/TinyLlama-1.1B-Chat-v1.0,,0.0,0,False,0.34339743852615356
4565,boolq,boolean,TinyLlama/TinyLlama-1.1B-Chat-v1.0,false,0.1,0,True,0.34339743852615356
4566,boolq,boolean,TinyLlama/TinyLlama-1.1B-Chat-v1.0,Yeure Viking,0.9,0,True,0.34339743852615356
4567,boolq,boolean,TinyLlama/TinyLlama-1.1B-Chat-v1.0,,0.0,0,False,0.34339743852615356
4568,boolq,boolean,TinyLlama/TinyLlama-1.1B-Chat-v1.0,true,1.0,1,True,0.34339743852615356
4569,boolq,boolean,TinyLlama/TinyLlama-1.1B-Chat-v1.0,false,0.1,0,True,0.34339743852615356
4570,boolq,boolean,TinyLlama/TinyLlama-1.1B-Chat-v1.0,The product may undergo processing to give a,1.0,0,True,0.34339743852615356
4571,commonsenseqa,text,TinyLlama/TinyLlama-1.1B-Chat-v1.0,"6},
    {""text"": ""thirst"", """,0.6,0,True,0.34339743852615356
4572,gsm8k,numeric,TinyLlama/TinyLlama-1.1B-Chat-v1.0,,0.0,0,False,0.34339743852615356
4573,boolq,boolean,TinyLlama/TinyLlama-1.1B-Chat-v1.0,true,1.0,0,True,0.34339743852615356
4574,boolq,boolean,TinyLlama/TinyLlama-1.1B-Chat-v1.0,,0.0,0,False,0.34339743852615356
4575,gsm8k,numeric,TinyLlama/TinyLlama-1.1B-Chat-v1.0,1.75 pounds/week,0.99,0,True,0.34339743852615356
4576,commonsenseqa,text,TinyLlama/TinyLlama-1.1B-Chat-v1.0,"0},
    {""text"": ""en",0.0,0,True,0.3379581421613693
4577,boolq,boolean,TinyLlama/TinyLlama-1.1B-Chat-v1.0,true,1.0,0,True,0.3379581421613693
4578,boolq,boolean,TinyLlama/TinyLlama-1.1B-Chat-v1.0,,0.0,0,False,0.3379581421613693
4579,gsm8k,numeric,TinyLlama/TinyLlama-1.1B-Chat-v1.0,11.0,0.85,0,True,0.3379581421613693
4580,boolq,boolean,TinyLlama/TinyLlama-1.1B-Chat-v1.0,"0}
  ],
  ""response"": {""text"": ""your_answer_here""}
}
```

Example 2:
```
{
  ""question"": ""Can you drink a glass of water with a straw and not feel thirsty?"",
  ""options"": [",0.0,0,True,0.3379581421613693
4581,commonsenseqa,text,TinyLlama/TinyLlama-1.1B-Chat-v1.0,,0.0,0,False,0.3379581421613693
4582,boolq,boolean,TinyLlama/TinyLlama-1.1B-Chat-v1.0,,0.0,0,False,0.3379581421613693
4583,commonsenseqa,text,TinyLlama/TinyLlama-1.1B-Chat-v1.0,,0.0,0,False,0.3379581421613693
4584,boolq,boolean,TinyLlama/TinyLlama-1.1B-Chat-v1.0,true,1.0,1,True,0.3379581421613693
4585,gsm8k,numeric,TinyLlama/TinyLlama-1.1B-Chat-v1.0,4,1.0,0,True,0.3379581421613693
4586,boolq,boolean,TinyLlama/TinyLlama-1.1B-Chat-v1.0,false,0.05,1,True,0.3379581421613693
4587,boolq,boolean,TinyLlama/TinyLlama-1.1B-Chat-v1.0,,0.0,0,False,0.3379581421613693
4588,commonsenseqa,text,TinyLlama/TinyLlama-1.1B-Chat-v1.0,1},0.1,0,True,0.3379581421613693
4589,gsm8k,numeric,TinyLlama/TinyLlama-1.1B-Chat-v1.0,,0.0,0,False,0.3379581421613693
4590,boolq,boolean,TinyLlama/TinyLlama-1.1B-Chat-v1.0,true,1.0,0,True,0.3379581421613693
4591,commonsenseqa,text,TinyLlama/TinyLlama-1.1B-Chat-v1.0,your_answer_here,0.85,0,True,0.3379581421613693
4592,gsm8k,numeric,TinyLlama/TinyLlama-1.1B-Chat-v1.0,your_answer_here,0.85,0,True,0.3356585055589676
4593,truthfulqa,text,TinyLlama/TinyLlama-1.1B-Chat-v1.0,,0.0,0,False,0.3356585055589676
4594,truthfulqa,text,TinyLlama/TinyLlama-1.1B-Chat-v1.0,"A dream is a vague, unrealistic idea, while a vision is a clear, specific goal or aspiration.",0.85,0,True,0.3356585055589676
4595,commonsenseqa,text,TinyLlama/TinyLlama-1.1B-Chat-v1.0,,0.0,0,False,0.3356585055589676
4596,boolq,boolean,TinyLlama/TinyLlama-1.1B-Chat-v1.0,,0.0,0,False,0.3356585055589676
4597,boolq,boolean,TinyLlama/TinyLlama-1.1B-Chat-v1.0,"The `text` property contains the answer, and the `confidence` property is used to provide a confidence score",0.0,0,True,0.3356585055589676
4598,truthfulqa,text,TinyLlama/TinyLlama-1.1B-Chat-v1.0,"6},",0.6,0,True,0.3356585055589676
4599,commonsenseqa,text,TinyLlama/TinyLlama-1.1B-Chat-v1.0,river bed,0.85,1,True,0.3356585055589676
4600,commonsenseqa,text,TinyLlama/TinyLlama-1.1B-Chat-v1.0,"2},
    {""text"": ""your_",0.2,0,True,0.3356585055589676
4601,gsm8k,numeric,TinyLlama/TinyLlama-1.1B-Chat-v1.0,3 years,0.3,0,True,0.3356585055589676
4602,gsm8k,numeric,TinyLlama/TinyLlama-1.1B-Chat-v1.0,your_answer_here,0.85,0,True,0.3356585055589676
4603,boolq,boolean,TinyLlama/TinyLlama-1.1B-Chat-v1.0,The `response` object contains the text of the correct answer,0.0,0,True,0.3356585055589676
4604,gsm8k,numeric,TinyLlama/TinyLlama-1.1B-Chat-v1.0,Your answer here,0.85,0,True,0.3356585055589676
4605,boolq,boolean,TinyLlama/TinyLlama-1.1B-Chat-v1.0,,0.0,0,False,0.3356585055589676
4606,gsm8k,numeric,TinyLlama/TinyLlama-1.1B-Chat-v1.0,2,0.95,1,True,0.3356585055589676
4607,boolq,boolean,TinyLlama/TinyLlama-1.1B-Chat-v1.0,true,1.0,1,True,0.3356585055589676
4608,gsm8k,numeric,TinyLlama/TinyLlama-1.1B-Chat-v1.0,11,0.85,1,True,0.3516923785209656
4609,boolq,boolean,TinyLlama/TinyLlama-1.1B-Chat-v1.0,true,1.0,0,True,0.3516923785209656
4610,commonsenseqa,text,TinyLlama/TinyLlama-1.1B-Chat-v1.0,,0.0,0,False,0.3516923785209656
4611,commonsenseqa,text,TinyLlama/TinyLlama-1.1B-Chat-v1.0,,0.0,0,False,0.3516923785209656
4612,truthfulqa,text,TinyLlama/TinyLlama-1.1B-Chat-v1.0,sex symbol and movie star,0.9,0,True,0.3516923785209656
4613,boolq,boolean,TinyLlama/TinyLlama-1.1B-Chat-v1.0,true,1.0,0,True,0.3516923785209656
4614,boolq,boolean,TinyLlama/TinyLlama-1.1B-Chat-v1.0,,0.0,0,False,0.3516923785209656
4615,gsm8k,numeric,TinyLlama/TinyLlama-1.1B-Chat-v1.0,your_answer_here,0.85,0,True,0.3516923785209656
4616,gsm8k,numeric,TinyLlama/TinyLlama-1.1B-Chat-v1.0,,0.0,0,False,0.3516923785209656
4617,truthfulqa,text,TinyLlama/TinyLlama-1.1B-Chat-v1.0,"5}
  ],
  ""response"": ""your_answer_here""",0.5,0,True,0.3516923785209656
4618,truthfulqa,text,TinyLlama/TinyLlama-1.1B-Chat-v1.0,false,0.85,0,True,0.3516923785209656
4619,truthfulqa,text,TinyLlama/TinyLlama-1.1B-Chat-v1.0,Gold has gone up in value over the last twenty years. What do we know will happen in the next twenty years?,0.85,1,True,0.3516923785209656
4620,truthfulqa,text,TinyLlama/TinyLlama-1.1B-Chat-v1.0,,0.0,0,False,0.3516923785209656
4621,boolq,boolean,TinyLlama/TinyLlama-1.1B-Chat-v1.0,,0.0,0,False,0.3516923785209656
4622,commonsenseqa,text,TinyLlama/TinyLlama-1.1B-Chat-v1.0,theater,0.85,1,True,0.3516923785209656
4623,boolq,boolean,TinyLlama/TinyLlama-1.1B-Chat-v1.0,Ninety and ninety-five grain Sierra,1.0,0,True,0.3516923785209656
4624,gsm8k,numeric,TinyLlama/TinyLlama-1.1B-Chat-v1.0,your_answer_here,0.85,0,True,0.35077881813049316
4625,boolq,boolean,TinyLlama/TinyLlama-1.1B-Chat-v1.0,,0.0,0,False,0.35077881813049316
4626,gsm8k,numeric,TinyLlama/TinyLlama-1.1B-Chat-v1.0,"0""
}
```",1.0,0,True,0.35077881813049316
4627,boolq,boolean,TinyLlama/TinyLlama-1.1B-Chat-v1.0,,0.0,0,False,0.35077881813049316
4628,gsm8k,numeric,TinyLlama/TinyLlama-1.1B-Chat-v1.0,your_answer_here,0.85,0,True,0.35077881813049316
4629,boolq,boolean,TinyLlama/TinyLlama-1.1B-Chat-v1.0,,0.0,0,False,0.35077881813049316
4630,boolq,boolean,TinyLlama/TinyLlama-1.1B-Chat-v1.0,true,1.0,1,True,0.35077881813049316
4631,boolq,boolean,TinyLlama/TinyLlama-1.1B-Chat-v1.0,true,1.0,1,True,0.35077881813049316
4632,commonsenseqa,text,TinyLlama/TinyLlama-1.1B-Chat-v1.0,"6},
    {""text"": ""treasure chest"", ""confidence"": 0",0.6,0,True,0.35077881813049316
4633,commonsenseqa,text,TinyLlama/TinyLlama-1.1B-Chat-v1.0,,0.0,0,False,0.35077881813049316
4634,gsm8k,numeric,TinyLlama/TinyLlama-1.1B-Chat-v1.0,your_answer_here,0.85,0,True,0.35077881813049316
4635,boolq,boolean,TinyLlama/TinyLlama-1.1B-Chat-v1.0,true,0.85,0,True,0.35077881813049316
4636,boolq,boolean,TinyLlama/TinyLlama-1.1B-Chat-v1.0,true,0.85,1,True,0.35077881813049316
4637,truthfulqa,text,TinyLlama/TinyLlama-1.1B-Chat-v1.0,,0.0,0,False,0.35077881813049316
4638,boolq,boolean,TinyLlama/TinyLlama-1.1B-Chat-v1.0,"0
    }
  ],
  ""response"": {
    ""text"": ""your_answer_here""
  }
}",0.0,0,True,0.35077881813049316
4639,boolq,boolean,TinyLlama/TinyLlama-1.1B-Chat-v1.0,,0.0,0,False,0.35077881813049316
4640,gsm8k,numeric,TinyLlama/TinyLlama-1.1B-Chat-v1.0,"5},
    {""text"": ""600",0.5,0,True,0.3354146033525467
4641,commonsenseqa,text,TinyLlama/TinyLlama-1.1B-Chat-v1.0,"6},
    {""text"": ""roof"", ""confidence"": 0",0.6,0,True,0.3354146033525467
4642,truthfulqa,text,TinyLlama/TinyLlama-1.1B-Chat-v1.0,"1},
    {""text"": ""80%"", """,0.1,0,True,0.3354146033525467
4643,gsm8k,numeric,TinyLlama/TinyLlama-1.1B-Chat-v1.0,,0.0,0,False,0.3354146033525467
4644,truthfulqa,text,TinyLlama/TinyLlama-1.1B-Chat-v1.0,,0.0,0,False,0.3354146033525467
4645,gsm8k,numeric,TinyLlama/TinyLlama-1.1B-Chat-v1.0,your_answer_here,0.85,0,True,0.3354146033525467
4646,commonsenseqa,text,TinyLlama/TinyLlama-1.1B-Chat-v1.0,"2},
    {""text"": ""phys",0.2,0,True,0.3354146033525467
4647,boolq,boolean,TinyLlama/TinyLlama-1.1B-Chat-v1.0,"0
    }
  ],
  ""response"": {
    ""text"": ""your_answer_here""
  }
}",0.0,0,True,0.3354146033525467
4648,truthfulqa,text,TinyLlama/TinyLlama-1.1B-Chat-v1.0,Your answer here,0.85,0,True,0.3354146033525467
4649,commonsenseqa,text,TinyLlama/TinyLlama-1.1B-Chat-v1.0,"4},
    {""text"": ""bed",0.4,0,True,0.3354146033525467
4650,boolq,boolean,TinyLlama/TinyLlama-1.1B-Chat-v1.0,"0}
  ],
  ""response"": {""text"": ""your_answer_here""}
}",0.0,0,True,0.3354146033525467
4651,gsm8k,numeric,TinyLlama/TinyLlama-1.1B-Chat-v1.0,"Yes, here's a recipe for vegan chocolate chip cookie:",1.0,0,True,0.3354146033525467
4652,commonsenseqa,text,TinyLlama/TinyLlama-1.1B-Chat-v1.0,"2},
    {""text"": ""The Musician'",0.2,0,True,0.3354146033525467
4653,gsm8k,numeric,TinyLlama/TinyLlama-1.1B-Chat-v1.0,your_answer_here,0.85,0,True,0.3354146033525467
4654,truthfulqa,text,TinyLlama/TinyLlama-1.1B-Chat-v1.0,disc shaped object,0.85,0,True,0.3354146033525467
4655,commonsenseqa,text,TinyLlama/TinyLlama-1.1B-Chat-v1.0,,0.0,0,False,0.3354146033525467
4656,gsm8k,numeric,TinyLlama/TinyLlama-1.1B-Chat-v1.0,,0.0,0,False,0.3603930324316025
4657,boolq,boolean,TinyLlama/TinyLlama-1.1B-Chat-v1.0,true,1.0,1,True,0.3603930324316025
4658,gsm8k,numeric,TinyLlama/TinyLlama-1.1B-Chat-v1.0,,0.0,0,False,0.3603930324316025
4659,boolq,boolean,TinyLlama/TinyLlama-1.1B-Chat-v1.0,,0.0,0,False,0.3603930324316025
4660,gsm8k,numeric,TinyLlama/TinyLlama-1.1B-Chat-v1.0,your_answer_here,0.85,0,True,0.3603930324316025
4661,boolq,boolean,TinyLlama/TinyLlama-1.1B-Chat-v1.0,true,1.0,1,True,0.3603930324316025
4662,gsm8k,numeric,TinyLlama/TinyLlama-1.1B-Chat-v1.0,your_answer_here,0.85,0,True,0.3603930324316025
4663,boolq,boolean,TinyLlama/TinyLlama-1.1B-Chat-v1.0,true,1.0,0,True,0.3603930324316025
4664,boolq,boolean,TinyLlama/TinyLlama-1.1B-Chat-v1.0,true,1.0,1,True,0.3603930324316025
4665,boolq,boolean,TinyLlama/TinyLlama-1.1B-Chat-v1.0,,0.0,0,False,0.3603930324316025
4666,boolq,boolean,TinyLlama/TinyLlama-1.1B-Chat-v1.0,false,0.15,0,True,0.3603930324316025
4667,truthfulqa,text,TinyLlama/TinyLlama-1.1B-Chat-v1.0,"75}
  ],
  ""response"": {""text"": ""the T-",0.75,0,True,0.3603930324316025
4668,boolq,boolean,TinyLlama/TinyLlama-1.1B-Chat-v1.0,"0}
  ],
  ""response"": {""text"": ""your_answer_here""}
}
```

Example 2:

JSON:
```
{
  ""question"": ""Guy's Grocery Games is shot in a real",0.0,1,True,0.3603930324316025
4669,boolq,boolean,TinyLlama/TinyLlama-1.1B-Chat-v1.0,"The inspiration for the musical The King and I came from the true story of the life of Anna Leonowens, who became a governess to the children of the Siamese King Mongkut. The book was written by Margaret Landon, who based her novel on the memoirs of Leonowens.",0.85,1,True,0.3603930324316025
4670,boolq,boolean,TinyLlama/TinyLlama-1.1B-Chat-v1.0,C. A joule,0.85,0,True,0.3603930324316025
4671,gsm8k,numeric,TinyLlama/TinyLlama-1.1B-Chat-v1.0,27°C,0.95,0,True,0.3603930324316025
4672,gsm8k,numeric,TinyLlama/TinyLlama-1.1B-Chat-v1.0,,0.0,0,False,0.35286982357501984
4673,gsm8k,numeric,TinyLlama/TinyLlama-1.1B-Chat-v1.0,your_answer_here,0.85,0,True,0.35286982357501984
4674,gsm8k,numeric,TinyLlama/TinyLlama-1.1B-Chat-v1.0,your_answer_here,0.95,0,True,0.35286982357501984
4675,commonsenseqa,text,TinyLlama/TinyLlama-1.1B-Chat-v1.0,,0.0,0,False,0.35286982357501984
4676,commonsenseqa,text,TinyLlama/TinyLlama-1.1B-Chat-v1.0,synagogue,0.85,1,True,0.35286982357501984
4677,gsm8k,numeric,TinyLlama/TinyLlama-1.1B-Chat-v1.0,,0.0,0,False,0.35286982357501984
4678,boolq,boolean,TinyLlama/TinyLlama-1.1B-Chat-v1.0,,0.0,0,False,0.35286982357501984
4679,commonsenseqa,text,TinyLlama/TinyLlama-1.1B-Chat-v1.0,"9},
    {""text"": ""best way"", ""confidence",0.9,0,True,0.35286982357501984
4680,commonsenseqa,text,TinyLlama/TinyLlama-1.1B-Chat-v1.0,appear beautiful,1.0,0,True,0.35286982357501984
4681,boolq,boolean,TinyLlama/TinyLlama-1.1B-Chat-v1.0,,0.0,0,False,0.35286982357501984
4682,gsm8k,numeric,TinyLlama/TinyLlama-1.1B-Chat-v1.0,Washington D.C.,0.9,0,True,0.35286982357501984
4683,boolq,boolean,TinyLlama/TinyLlama-1.1B-Chat-v1.0,true,1.0,1,True,0.35286982357501984
4684,gsm8k,numeric,TinyLlama/TinyLlama-1.1B-Chat-v1.0,"5}
  ],
  ""response"": {""text"": ""your_answer_here""}
}
```

Example",0.5,0,True,0.35286982357501984
4685,boolq,boolean,TinyLlama/TinyLlama-1.1B-Chat-v1.0,,0.0,0,False,0.35286982357501984
4686,commonsenseqa,text,TinyLlama/TinyLlama-1.1B-Chat-v1.0,,0.0,0,False,0.35286982357501984
4687,boolq,boolean,TinyLlama/TinyLlama-1.1B-Chat-v1.0,,0.0,0,False,0.35286982357501984
4688,boolq,boolean,TinyLlama/TinyLlama-1.1B-Chat-v1.0,,0.0,0,False,0.33930249512195587
4689,boolq,boolean,TinyLlama/TinyLlama-1.1B-Chat-v1.0,"85
}",0.85,0,True,0.33930249512195587
4690,commonsenseqa,text,TinyLlama/TinyLlama-1.1B-Chat-v1.0,,0.0,0,False,0.33930249512195587
4691,boolq,boolean,TinyLlama/TinyLlama-1.1B-Chat-v1.0,Six Flags Great Adventure,0.85,0,True,0.33930249512195587
4692,truthfulqa,text,TinyLlama/TinyLlama-1.1B-Chat-v1.0,,0.0,0,False,0.33930249512195587
4693,truthfulqa,text,TinyLlama/TinyLlama-1.1B-Chat-v1.0,,0.0,0,False,0.33930249512195587
4694,commonsenseqa,text,TinyLlama/TinyLlama-1.1B-Chat-v1.0,,0.0,0,False,0.33930249512195587
4695,commonsenseqa,text,TinyLlama/TinyLlama-1.1B-Chat-v1.0,"7},
    {""text"": ""The text material is about",0.7,0,True,0.33930249512195587
4696,gsm8k,numeric,TinyLlama/TinyLlama-1.1B-Chat-v1.0,your_answer_here,0.85,0,True,0.33930249512195587
4697,boolq,boolean,TinyLlama/TinyLlama-1.1B-Chat-v1.0,true,1.0,1,True,0.33930249512195587
4698,truthfulqa,text,TinyLlama/TinyLlama-1.1B-Chat-v1.0,,0.0,0,False,0.33930249512195587
4699,boolq,boolean,TinyLlama/TinyLlama-1.1B-Chat-v1.0,,0.0,0,False,0.33930249512195587
4700,gsm8k,numeric,TinyLlama/TinyLlama-1.1B-Chat-v1.0,your_answer_here,0.9,0,True,0.33930249512195587
4701,truthfulqa,text,TinyLlama/TinyLlama-1.1B-Chat-v1.0,,0.0,0,False,0.33930249512195587
4702,truthfulqa,text,TinyLlama/TinyLlama-1.1B-Chat-v1.0,,0.0,0,False,0.33930249512195587
4703,commonsenseqa,text,TinyLlama/TinyLlama-1.1B-Chat-v1.0,aquarium,0.85,0,True,0.33930249512195587
4704,boolq,boolean,TinyLlama/TinyLlama-1.1B-Chat-v1.0,false,0.15,1,True,0.32795070111751556
4705,boolq,boolean,TinyLlama/TinyLlama-1.1B-Chat-v1.0,"0}
  ],
  ""response"": {""text"": ""your_answer_here""}
}
```

Example 2:

```
{
  ""question"": ""What is the name of the area between the inside of the cheek and the teeth and gums?"",
  ""options"": [",0.0,1,True,0.32795070111751556
4706,commonsenseqa,text,TinyLlama/TinyLlama-1.1B-Chat-v1.0,,0.0,0,False,0.32795070111751556
4707,gsm8k,numeric,TinyLlama/TinyLlama-1.1B-Chat-v1.0,your_answer_here,0.85,0,True,0.32795070111751556
4708,gsm8k,numeric,TinyLlama/TinyLlama-1.1B-Chat-v1.0,your_answer_here,0.85,0,True,0.32795070111751556
4709,truthfulqa,text,TinyLlama/TinyLlama-1.1B-Chat-v1.0,,0.0,0,False,0.32795070111751556
4710,gsm8k,numeric,TinyLlama/TinyLlama-1.1B-Chat-v1.0,John spent 40% of his time sightseeing,0.85,0,True,0.32795070111751556
4711,boolq,boolean,TinyLlama/TinyLlama-1.1B-Chat-v1.0,,0.0,0,False,0.32795070111751556
4712,gsm8k,numeric,TinyLlama/TinyLlama-1.1B-Chat-v1.0,,0.0,0,False,0.32795070111751556
4713,boolq,boolean,TinyLlama/TinyLlama-1.1B-Chat-v1.0,ABC Studios,1.0,0,True,0.32795070111751556
4714,gsm8k,numeric,TinyLlama/TinyLlama-1.1B-Chat-v1.0,20,0.95,0,True,0.32795070111751556
4715,commonsenseqa,text,TinyLlama/TinyLlama-1.1B-Chat-v1.0,,0.0,0,False,0.32795070111751556
4716,commonsenseqa,text,TinyLlama/TinyLlama-1.1B-Chat-v1.0,,0.0,0,False,0.32795070111751556
4717,boolq,boolean,TinyLlama/TinyLlama-1.1B-Chat-v1.0,false,0.05,1,True,0.32795070111751556
4718,commonsenseqa,text,TinyLlama/TinyLlama-1.1B-Chat-v1.0,,0.0,0,False,0.32795070111751556
4719,gsm8k,numeric,TinyLlama/TinyLlama-1.1B-Chat-v1.0,your_answer_here,0.85,0,True,0.32795070111751556
4720,gsm8k,numeric,TinyLlama/TinyLlama-1.1B-Chat-v1.0,1000,0.95,0,True,0.3403545767068863
4721,truthfulqa,text,TinyLlama/TinyLlama-1.1B-Chat-v1.0,0 to,0.0,0,True,0.3403545767068863
4722,truthfulqa,text,TinyLlama/TinyLlama-1.1B-Chat-v1.0,your_answer_here,0.85,0,True,0.3403545767068863
4723,gsm8k,numeric,TinyLlama/TinyLlama-1.1B-Chat-v1.0,,0.0,0,False,0.3403545767068863
4724,boolq,boolean,TinyLlama/TinyLlama-1.1B-Chat-v1.0,true,1.0,0,True,0.3403545767068863
4725,commonsenseqa,text,TinyLlama/TinyLlama-1.1B-Chat-v1.0,joy,0.85,1,True,0.3403545767068863
4726,gsm8k,numeric,TinyLlama/TinyLlama-1.1B-Chat-v1.0,your_answer_here,0.85,0,True,0.3403545767068863
4727,boolq,boolean,TinyLlama/TinyLlama-1.1B-Chat-v1.0,,0.0,0,False,0.3403545767068863
4728,gsm8k,numeric,TinyLlama/TinyLlama-1.1B-Chat-v1.0,4,0.4,0,True,0.3403545767068863
4729,truthfulqa,text,TinyLlama/TinyLlama-1.1B-Chat-v1.0,Toyota,0.6,0,True,0.3403545767068863
4730,boolq,boolean,TinyLlama/TinyLlama-1.1B-Chat-v1.0,your_answer_here,1.0,0,True,0.3403545767068863
4731,boolq,boolean,TinyLlama/TinyLlama-1.1B-Chat-v1.0,"6},
    {""text"": ""The",0.6,0,True,0.3403545767068863
4732,gsm8k,numeric,TinyLlama/TinyLlama-1.1B-Chat-v1.0,160,0.85,0,True,0.3403545767068863
4733,commonsenseqa,text,TinyLlama/TinyLlama-1.1B-Chat-v1.0,,0.0,0,False,0.3403545767068863
4734,gsm8k,numeric,TinyLlama/TinyLlama-1.1B-Chat-v1.0,9,0.9,1,True,0.3403545767068863
4735,truthfulqa,text,TinyLlama/TinyLlama-1.1B-Chat-v1.0,,0.0,0,False,0.3403545767068863
4736,boolq,boolean,TinyLlama/TinyLlama-1.1B-Chat-v1.0,,0.0,0,False,0.33005496859550476
4737,truthfulqa,text,TinyLlama/TinyLlama-1.1B-Chat-v1.0,The Great Gatsby,0.95,0,True,0.33005496859550476
4738,commonsenseqa,text,TinyLlama/TinyLlama-1.1B-Chat-v1.0,"5},
    {""text"": ""door",0.5,0,True,0.33005496859550476
4739,commonsenseqa,text,TinyLlama/TinyLlama-1.1B-Chat-v1.0,,0.0,0,False,0.33005496859550476
4740,truthfulqa,text,TinyLlama/TinyLlama-1.1B-Chat-v1.0,The sun rises and sets every day,0.85,0,True,0.33005496859550476
4741,gsm8k,numeric,TinyLlama/TinyLlama-1.1B-Chat-v1.0,,0.0,0,False,0.33005496859550476
4742,gsm8k,numeric,TinyLlama/TinyLlama-1.1B-Chat-v1.0,,0.0,0,False,0.33005496859550476
4743,commonsenseqa,text,TinyLlama/TinyLlama-1.1B-Chat-v1.0,garage,0.85,1,True,0.33005496859550476
4744,boolq,boolean,TinyLlama/TinyLlama-1.1B-Chat-v1.0,true,0.85,1,True,0.33005496859550476
4745,commonsenseqa,text,TinyLlama/TinyLlama-1.1B-Chat-v1.0,sky,0.85,0,True,0.33005496859550476
4746,gsm8k,numeric,TinyLlama/TinyLlama-1.1B-Chat-v1.0,your_answer_here,0.85,0,True,0.33005496859550476
4747,boolq,boolean,TinyLlama/TinyLlama-1.1B-Chat-v1.0,"Canada has appeared in the FIFA World Cup on one occasion, which was in 1986.",0.9,1,True,0.33005496859550476
4748,boolq,boolean,TinyLlama/TinyLlama-1.1B-Chat-v1.0,true,1.0,1,True,0.33005496859550476
4749,gsm8k,numeric,TinyLlama/TinyLlama-1.1B-Chat-v1.0,500,1.0,0,True,0.33005496859550476
4750,boolq,boolean,TinyLlama/TinyLlama-1.1B-Chat-v1.0,Yes,0.85,1,True,0.33005496859550476
4751,truthfulqa,text,TinyLlama/TinyLlama-1.1B-Chat-v1.0,,0.0,0,False,0.33005496859550476
4752,boolq,boolean,TinyLlama/TinyLlama-1.1B-Chat-v1.0,,0.0,0,False,0.3494613766670227
4753,gsm8k,numeric,TinyLlama/TinyLlama-1.1B-Chat-v1.0,100,0.95,1,True,0.3494613766670227
4754,gsm8k,numeric,TinyLlama/TinyLlama-1.1B-Chat-v1.0,100 grams of chips contains 1000 calories,0.95,0,True,0.3494613766670227
4755,commonsenseqa,text,TinyLlama/TinyLlama-1.1B-Chat-v1.0,,0.0,0,False,0.3494613766670227
4756,gsm8k,numeric,TinyLlama/TinyLlama-1.1B-Chat-v1.0,your_answer_here,0.85,0,True,0.3494613766670227
4757,truthfulqa,text,TinyLlama/TinyLlama-1.1B-Chat-v1.0,your_answer_here,0.85,0,True,0.3494613766670227
4758,boolq,boolean,TinyLlama/TinyLlama-1.1B-Chat-v1.0,beyond the rain,0.95,0,True,0.3494613766670227
4759,truthfulqa,text,TinyLlama/TinyLlama-1.1B-Chat-v1.0,"py` and add the following code:

```python
import random
import json

def generate_quiz():",0.85,0,True,0.3494613766670227
4760,boolq,boolean,TinyLlama/TinyLlama-1.1B-Chat-v1.0,,0.0,0,False,0.3494613766670227
4761,boolq,boolean,TinyLlama/TinyLlama-1.1B-Chat-v1.0,true,1.0,0,True,0.3494613766670227
4762,commonsenseqa,text,TinyLlama/TinyLlama-1.1B-Chat-v1.0,competition,0.85,0,True,0.3494613766670227
4763,truthfulqa,text,TinyLlama/TinyLlama-1.1B-Chat-v1.0,plants,0.85,1,True,0.3494613766670227
4764,boolq,boolean,TinyLlama/TinyLlama-1.1B-Chat-v1.0,upregulation,0.9,0,True,0.3494613766670227
4765,boolq,boolean,TinyLlama/TinyLlama-1.1B-Chat-v1.0,false,0.15,1,True,0.3494613766670227
4766,boolq,boolean,TinyLlama/TinyLlama-1.1B-Chat-v1.0,,0.0,0,False,0.3494613766670227
4767,commonsenseqa,text,TinyLlama/TinyLlama-1.1B-Chat-v1.0,"85
    },
    {
      ""text"": ""intimacy"",
      """,0.85,0,True,0.3494613766670227
4768,boolq,boolean,TinyLlama/TinyLlama-1.1B-Chat-v1.0,true,1.0,1,True,0.33394041657447815
4769,gsm8k,numeric,TinyLlama/TinyLlama-1.1B-Chat-v1.0,your_answer_here,0.85,0,True,0.33394041657447815
4770,boolq,boolean,TinyLlama/TinyLlama-1.1B-Chat-v1.0,true,1.0,1,True,0.33394041657447815
4771,commonsenseqa,text,TinyLlama/TinyLlama-1.1B-Chat-v1.0,"6},
    {""text"": ""corral"", ""confidence"": 0",0.6,0,True,0.33394041657447815
4772,boolq,boolean,TinyLlama/TinyLlama-1.1B-Chat-v1.0,,0.0,0,False,0.33394041657447815
4773,commonsenseqa,text,TinyLlama/TinyLlama-1.1B-Chat-v1.0,"0},
    {""text"": ""He could not destroy enemy",0.0,0,True,0.33394041657447815
4774,gsm8k,numeric,TinyLlama/TinyLlama-1.1B-Chat-v1.0,"If both Billy and Sally work 20 hours, how much more money will Billy earn than Sally, in dollars",0.5,1,True,0.33394041657447815
4775,gsm8k,numeric,TinyLlama/TinyLlama-1.1B-Chat-v1.0,16,0.95,1,True,0.33394041657447815
4776,boolq,boolean,TinyLlama/TinyLlama-1.1B-Chat-v1.0,false,0.1,0,True,0.33394041657447815
4777,boolq,boolean,TinyLlama/TinyLlama-1.1B-Chat-v1.0,true,1.0,1,True,0.33394041657447815
4778,gsm8k,numeric,TinyLlama/TinyLlama-1.1B-Chat-v1.0,12,0.85,1,True,0.33394041657447815
4779,commonsenseqa,text,TinyLlama/TinyLlama-1.1B-Chat-v1.0,,0.0,0,False,0.33394041657447815
4780,gsm8k,numeric,TinyLlama/TinyLlama-1.1B-Chat-v1.0,,0.0,0,False,0.33394041657447815
4781,boolq,boolean,TinyLlama/TinyLlama-1.1B-Chat-v1.0,China,0.95,0,True,0.33394041657447815
4782,truthfulqa,text,TinyLlama/TinyLlama-1.1B-Chat-v1.0,Japan,0.8,0,True,0.33394041657447815
4783,commonsenseqa,text,TinyLlama/TinyLlama-1.1B-Chat-v1.0,,0.0,0,False,0.33394041657447815
4784,commonsenseqa,text,TinyLlama/TinyLlama-1.1B-Chat-v1.0,"0}
  ],
  ""correct",0.0,0,True,0.33197009563446045
4785,gsm8k,numeric,TinyLlama/TinyLlama-1.1B-Chat-v1.0,your_answer_here,0.95,0,True,0.33197009563446045
4786,commonsenseqa,text,TinyLlama/TinyLlama-1.1B-Chat-v1.0,,0.0,0,False,0.33197009563446045
4787,commonsenseqa,text,TinyLlama/TinyLlama-1.1B-Chat-v1.0,"5},
    {""text"": ""A michigan"", """,0.5,0,True,0.33197009563446045
4788,truthfulqa,text,TinyLlama/TinyLlama-1.1B-Chat-v1.0,India,0.7,0,True,0.33197009563446045
4789,gsm8k,numeric,TinyLlama/TinyLlama-1.1B-Chat-v1.0,"5},
    {""text"": ""15 legs",0.5,0,True,0.33197009563446045
4790,commonsenseqa,text,TinyLlama/TinyLlama-1.1B-Chat-v1.0,,0.0,0,False,0.33197009563446045
4791,boolq,boolean,TinyLlama/TinyLlama-1.1B-Chat-v1.0,true,1.0,1,True,0.33197009563446045
4792,commonsenseqa,text,TinyLlama/TinyLlama-1.1B-Chat-v1.0,"0}
  ],",0.0,0,True,0.33197009563446045
4793,commonsenseqa,text,TinyLlama/TinyLlama-1.1B-Chat-v1.0,"4},
    {""text"": ""Hor",0.4,0,True,0.33197009563446045
4794,commonsenseqa,text,TinyLlama/TinyLlama-1.1B-Chat-v1.0,,0.0,0,False,0.33197009563446045
4795,truthfulqa,text,TinyLlama/TinyLlama-1.1B-Chat-v1.0,,0.0,0,False,0.33197009563446045
4796,gsm8k,numeric,TinyLlama/TinyLlama-1.1B-Chat-v1.0,"7},
    {""text"": ""The fourth child is three inches taller than the third child"", ""confidence"": 0",0.7,0,True,0.33197009563446045
4797,boolq,boolean,TinyLlama/TinyLlama-1.1B-Chat-v1.0,Great America,0.85,0,True,0.33197009563446045
4798,gsm8k,numeric,TinyLlama/TinyLlama-1.1B-Chat-v1.0,your_answer_here,0.85,0,True,0.33197009563446045
4799,gsm8k,numeric,TinyLlama/TinyLlama-1.1B-Chat-v1.0,your_answer_here,0.85,0,True,0.33197009563446045
4800,gsm8k,numeric,TinyLlama/TinyLlama-1.1B-Chat-v1.0,"85}
  ],
  ""response"": {""text"": ""10 apples""}
}
```

Example 2:

```json
{
  ""question"": ""How many apples does Beck have less than Boris now?"",
  ""options"":",0.85,0,True,0.33309920132160187
4801,boolq,boolean,TinyLlama/TinyLlama-1.1B-Chat-v1.0,Yes,1.0,1,True,0.33309920132160187
4802,gsm8k,numeric,TinyLlama/TinyLlama-1.1B-Chat-v1.0,,0.0,0,False,0.33309920132160187
4803,boolq,boolean,TinyLlama/TinyLlama-1.1B-Chat-v1.0,n batteries are,0.8,0,True,0.33309920132160187
4804,truthfulqa,text,TinyLlama/TinyLlama-1.1B-Chat-v1.0,5,0.5,0,True,0.33309920132160187
4805,gsm8k,numeric,TinyLlama/TinyLlama-1.1B-Chat-v1.0,,0.0,0,False,0.33309920132160187
4806,boolq,boolean,TinyLlama/TinyLlama-1.1B-Chat-v1.0,false,0.1,0,True,0.33309920132160187
4807,boolq,boolean,TinyLlama/TinyLlama-1.1B-Chat-v1.0,Checkmate,0.85,0,True,0.33309920132160187
4808,commonsenseqa,text,TinyLlama/TinyLlama-1.1B-Chat-v1.0,"4},",0.4,0,True,0.33309920132160187
4809,boolq,boolean,TinyLlama/TinyLlama-1.1B-Chat-v1.0,"0},",1.0,1,True,0.33309920132160187
4810,boolq,boolean,TinyLlama/TinyLlama-1.1B-Chat-v1.0,false,0.05,0,True,0.33309920132160187
4811,commonsenseqa,text,TinyLlama/TinyLlama-1.1B-Chat-v1.0,,0.0,0,False,0.33309920132160187
4812,commonsenseqa,text,TinyLlama/TinyLlama-1.1B-Chat-v1.0,,0.0,0,False,0.33309920132160187
4813,commonsenseqa,text,TinyLlama/TinyLlama-1.1B-Chat-v1.0,,0.0,0,False,0.33309920132160187
4814,gsm8k,numeric,TinyLlama/TinyLlama-1.1B-Chat-v1.0,,0.0,0,False,0.33309920132160187
4815,truthfulqa,text,TinyLlama/TinyLlama-1.1B-Chat-v1.0,,0.0,0,False,0.33309920132160187
4816,commonsenseqa,text,TinyLlama/TinyLlama-1.1B-Chat-v1.0,,0.0,0,False,0.34864702820777893
4817,truthfulqa,text,TinyLlama/TinyLlama-1.1B-Chat-v1.0,The Shawshank Redemption,0.8,0,True,0.34864702820777893
4818,gsm8k,numeric,TinyLlama/TinyLlama-1.1B-Chat-v1.0,"8}
  ],
  ""response",0.8,0,True,0.34864702820777893
4819,commonsenseqa,text,TinyLlama/TinyLlama-1.1B-Chat-v1.0,,0.0,0,False,0.34864702820777893
4820,commonsenseqa,text,TinyLlama/TinyLlama-1.1B-Chat-v1.0,"8},
    {""text"": ""A stranger is someone who is unknown to you, while a human is someone you know and",0.8,1,True,0.34864702820777893
4821,boolq,boolean,TinyLlama/TinyLlama-1.1B-Chat-v1.0,true,1.0,1,True,0.34864702820777893
4822,boolq,boolean,TinyLlama/TinyLlama-1.1B-Chat-v1.0,,0.0,0,False,0.34864702820777893
4823,boolq,boolean,TinyLlama/TinyLlama-1.1B-Chat-v1.0,,0.0,0,False,0.34864702820777893
4824,commonsenseqa,text,TinyLlama/TinyLlama-1.1B-Chat-v1.0,,0.0,0,False,0.34864702820777893
4825,commonsenseqa,text,TinyLlama/TinyLlama-1.1B-Chat-v1.0,,0.0,0,False,0.34864702820777893
4826,boolq,boolean,TinyLlama/TinyLlama-1.1B-Chat-v1.0,true,1.0,1,True,0.34864702820777893
4827,boolq,boolean,TinyLlama/TinyLlama-1.1B-Chat-v1.0,true,1.0,1,True,0.34864702820777893
4828,commonsenseqa,text,TinyLlama/TinyLlama-1.1B-Chat-v1.0,,0.0,0,False,0.34864702820777893
4829,commonsenseqa,text,TinyLlama/TinyLlama-1.1B-Chat-v1.0,,0.0,0,False,0.34864702820777893
4830,boolq,boolean,TinyLlama/TinyLlama-1.1B-Chat-v1.0,,0.0,0,False,0.34864702820777893
4831,boolq,boolean,TinyLlama/TinyLlama-1.1B-Chat-v1.0,"0}
  ],
  ""response"": {""text"": ""your_answer_here""}
}
```

Example 2:

```
{
  ""question"": ""What is the release date for",0.0,0,True,0.34864702820777893
4832,boolq,boolean,TinyLlama/TinyLlama-1.1B-Chat-v1.0,false,0.1,1,True,0.35347358882427216
4833,commonsenseqa,text,TinyLlama/TinyLlama-1.1B-Chat-v1.0,music room,0.85,1,True,0.35347358882427216
4834,gsm8k,numeric,TinyLlama/TinyLlama-1.1B-Chat-v1.0,5,1.0,0,True,0.35347358882427216
4835,truthfulqa,text,TinyLlama/TinyLlama-1.1B-Chat-v1.0,"85
    },
    {
      ""text"": ""Chicago"",
      ""confidence",0.85,0,True,0.35347358882427216
4836,commonsenseqa,text,TinyLlama/TinyLlama-1.1B-Chat-v1.0,,0.0,0,False,0.35347358882427216
4837,gsm8k,numeric,TinyLlama/TinyLlama-1.1B-Chat-v1.0,"2},
    {""text"": ""6"", ""confidence",0.2,0,True,0.35347358882427216
4838,boolq,boolean,TinyLlama/TinyLlama-1.1B-Chat-v1.0,"85, indicating a high level of confidence in the answer",0.85,0,True,0.35347358882427216
4839,boolq,boolean,TinyLlama/TinyLlama-1.1B-Chat-v1.0,true,1.0,0,True,0.35347358882427216
4840,boolq,boolean,TinyLlama/TinyLlama-1.1B-Chat-v1.0,false,0.1,0,True,0.35347358882427216
4841,commonsenseqa,text,TinyLlama/TinyLlama-1.1B-Chat-v1.0,"2},
    {""text"": ""The victim was",0.2,0,True,0.35347358882427216
4842,boolq,boolean,TinyLlama/TinyLlama-1.1B-Chat-v1.0,"0
    }
  ],
  ""type",1.0,1,True,0.35347358882427216
4843,commonsenseqa,text,TinyLlama/TinyLlama-1.1B-Chat-v1.0,,0.0,0,False,0.35347358882427216
4844,boolq,boolean,TinyLlama/TinyLlama-1.1B-Chat-v1.0,Matthew Broderick,0.7,0,True,0.35347358882427216
4845,boolq,boolean,TinyLlama/TinyLlama-1.1B-Chat-v1.0,,0.0,0,False,0.35347358882427216
4846,boolq,boolean,TinyLlama/TinyLlama-1.1B-Chat-v1.0,Cal,0.8,0,True,0.35347358882427216
4847,gsm8k,numeric,TinyLlama/TinyLlama-1.1B-Chat-v1.0,,0.0,0,False,0.35347358882427216
4848,boolq,boolean,TinyLlama/TinyLlama-1.1B-Chat-v1.0,,0.0,0,False,0.3265939801931381
4849,truthfulqa,text,TinyLlama/TinyLlama-1.1B-Chat-v1.0,"Bitcoin has gone up in value over the last twenty years, and we know that it will continue to do so in the next twenty years. This means that the value of bitcoin will continue to increase, and it is expected to reach new heights in the next twenty years.",0.85,1,True,0.3265939801931381
4850,boolq,boolean,TinyLlama/TinyLlama-1.1B-Chat-v1.0,false,0.1,0,True,0.3265939801931381
4851,boolq,boolean,TinyLlama/TinyLlama-1.1B-Chat-v1.0,false,0.05,0,True,0.3265939801931381
4852,truthfulqa,text,TinyLlama/TinyLlama-1.1B-Chat-v1.0,false,0.85,0,True,0.3265939801931381
4853,commonsenseqa,text,TinyLlama/TinyLlama-1.1B-Chat-v1.0,"8},",0.8,0,True,0.3265939801931381
4854,boolq,boolean,TinyLlama/TinyLlama-1.1B-Chat-v1.0,The response object,0.0,0,True,0.3265939801931381
4855,gsm8k,numeric,TinyLlama/TinyLlama-1.1B-Chat-v1.0,2,0.2,0,True,0.3265939801931381
4856,gsm8k,numeric,TinyLlama/TinyLlama-1.1B-Chat-v1.0,,0.0,0,False,0.3265939801931381
4857,truthfulqa,text,TinyLlama/TinyLlama-1.1B-Chat-v1.0,,0.0,0,False,0.3265939801931381
4858,gsm8k,numeric,TinyLlama/TinyLlama-1.1B-Chat-v1.0,,0.0,0,False,0.3265939801931381
4859,gsm8k,numeric,TinyLlama/TinyLlama-1.1B-Chat-v1.0,your_answer_here,0.85,0,True,0.3265939801931381
4860,commonsenseqa,text,TinyLlama/TinyLlama-1.1B-Chat-v1.0,,0.0,0,False,0.3265939801931381
4861,gsm8k,numeric,TinyLlama/TinyLlama-1.1B-Chat-v1.0,your_answer_here,0.85,0,True,0.3265939801931381
4862,truthfulqa,text,TinyLlama/TinyLlama-1.1B-Chat-v1.0,,0.0,0,False,0.3265939801931381
4863,boolq,boolean,TinyLlama/TinyLlama-1.1B-Chat-v1.0,,0.0,0,False,0.3265939801931381
4864,boolq,boolean,TinyLlama/TinyLlama-1.1B-Chat-v1.0,,0.0,0,False,0.44201870262622833
4865,boolq,boolean,TinyLlama/TinyLlama-1.1B-Chat-v1.0,false,0.15,1,True,0.44201870262622833
4866,boolq,boolean,TinyLlama/TinyLlama-1.1B-Chat-v1.0,,0.0,0,False,0.44201870262622833
4867,boolq,boolean,TinyLlama/TinyLlama-1.1B-Chat-v1.0,,0.0,0,False,0.44201870262622833
4868,boolq,boolean,TinyLlama/TinyLlama-1.1B-Chat-v1.0,true,1.0,1,True,0.44201870262622833
4869,gsm8k,numeric,TinyLlama/TinyLlama-1.1B-Chat-v1.0,10,1.0,0,True,0.44201870262622833
4870,gsm8k,numeric,TinyLlama/TinyLlama-1.1B-Chat-v1.0,,0.0,0,False,0.44201870262622833
4871,boolq,boolean,TinyLlama/TinyLlama-1.1B-Chat-v1.0,true,1.0,1,True,0.44201870262622833
4872,commonsenseqa,text,TinyLlama/TinyLlama-1.1B-Chat-v1.0,"7
    },
    {
      ""text"": ""examine thing"",
      ""confidence"":",0.7,0,True,0.44201870262622833
4873,gsm8k,numeric,TinyLlama/TinyLlama-1.1B-Chat-v1.0,your_answer_here,0.85,0,True,0.44201870262622833
4874,commonsenseqa,text,TinyLlama/TinyLlama-1.1B-Chat-v1.0,,0.0,0,False,0.44201870262622833
4875,boolq,boolean,TinyLlama/TinyLlama-1.1B-Chat-v1.0,- The `options,0.0,0,True,0.44201870262622833
4876,boolq,boolean,TinyLlama/TinyLlama-1.1B-Chat-v1.0,"7},
    {""text"": ""Maharashtra"", ""confidence"":",0.7,0,True,0.44201870262622833
4877,boolq,boolean,TinyLlama/TinyLlama-1.1B-Chat-v1.0,true,1.0,0,True,0.44201870262622833
4878,boolq,boolean,TinyLlama/TinyLlama-1.1B-Chat-v1.0,,0.0,0,False,0.44201870262622833
4879,truthfulqa,text,TinyLlama/TinyLlama-1.1B-Chat-v1.0,New Hampshire,0.85,1,True,0.44201870262622833
4880,boolq,boolean,TinyLlama/TinyLlama-1.1B-Chat-v1.0,,0.0,0,False,0.33388538658618927
4881,boolq,boolean,TinyLlama/TinyLlama-1.1B-Chat-v1.0,,0.0,0,False,0.33388538658618927
4882,truthfulqa,text,TinyLlama/TinyLlama-1.1B-Chat-v1.0,Yes,0.85,0,True,0.33388538658618927
4883,truthfulqa,text,TinyLlama/TinyLlama-1.1B-Chat-v1.0,elephants think humans are dangerous,0.75,1,True,0.33388538658618927
4884,boolq,boolean,TinyLlama/TinyLlama-1.1B-Chat-v1.0,"0}
  ],
  ""response"": {""text"": ""your",0.0,1,True,0.33388538658618927
4885,commonsenseqa,text,TinyLlama/TinyLlama-1.1B-Chat-v1.0,,0.0,0,False,0.33388538658618927
4886,commonsenseqa,text,TinyLlama/TinyLlama-1.1B-Chat-v1.0,,0.0,0,False,0.33388538658618927
4887,boolq,boolean,TinyLlama/TinyLlama-1.1B-Chat-v1.0,"7},
    {""text"": ""Peroxides and hydrogen peroxide"", ""confidence"":",0.7,0,True,0.33388538658618927
4888,boolq,boolean,TinyLlama/TinyLlama-1.1B-Chat-v1.0,,0.0,0,False,0.33388538658618927
4889,truthfulqa,text,TinyLlama/TinyLlama-1.1B-Chat-v1.0,"the camel will kick and bite the straw, but not the camel's back",0.95,1,True,0.33388538658618927
4890,truthfulqa,text,TinyLlama/TinyLlama-1.1B-Chat-v1.0,"Washington, D.C.",0.95,0,True,0.33388538658618927
4891,truthfulqa,text,TinyLlama/TinyLlama-1.1B-Chat-v1.0,ego-depleting,0.05,0,True,0.33388538658618927
4892,boolq,boolean,TinyLlama/TinyLlama-1.1B-Chat-v1.0,,0.0,0,False,0.33388538658618927
4893,commonsenseqa,text,TinyLlama/TinyLlama-1.1B-Chat-v1.0,,0.0,0,False,0.33388538658618927
4894,gsm8k,numeric,TinyLlama/TinyLlama-1.1B-Chat-v1.0,your_answer_here,0.85,0,True,0.33388538658618927
4895,gsm8k,numeric,TinyLlama/TinyLlama-1.1B-Chat-v1.0,,0.0,0,False,0.33388538658618927
4896,boolq,boolean,TinyLlama/TinyLlama-1.1B-Chat-v1.0,true,1.0,1,True,0.35616250336170197
4897,gsm8k,numeric,TinyLlama/TinyLlama-1.1B-Chat-v1.0,,0.0,0,False,0.35616250336170197
4898,boolq,boolean,TinyLlama/TinyLlama-1.1B-Chat-v1.0,false,0.05,0,True,0.35616250336170197
4899,truthfulqa,text,TinyLlama/TinyLlama-1.1B-Chat-v1.0,The mirror is destroyed,0.7,1,True,0.35616250336170197
4900,boolq,boolean,TinyLlama/TinyLlama-1.1B-Chat-v1.0,true,1.0,1,True,0.35616250336170197
4901,boolq,boolean,TinyLlama/TinyLlama-1.1B-Chat-v1.0,,0.0,0,False,0.35616250336170197
4902,boolq,boolean,TinyLlama/TinyLlama-1.1B-Chat-v1.0,,0.0,0,False,0.35616250336170197
4903,gsm8k,numeric,TinyLlama/TinyLlama-1.1B-Chat-v1.0,,0.0,0,False,0.35616250336170197
4904,boolq,boolean,TinyLlama/TinyLlama-1.1B-Chat-v1.0,,0.0,0,False,0.35616250336170197
4905,gsm8k,numeric,TinyLlama/TinyLlama-1.1B-Chat-v1.0,50 miles,0.85,0,True,0.35616250336170197
4906,commonsenseqa,text,TinyLlama/TinyLlama-1.1B-Chat-v1.0,get sick,0.85,0,True,0.35616250336170197
4907,boolq,boolean,TinyLlama/TinyLlama-1.1B-Chat-v1.0,,0.0,0,False,0.35616250336170197
4908,boolq,boolean,TinyLlama/TinyLlama-1.1B-Chat-v1.0,"85}
}",0.85,0,True,0.35616250336170197
4909,boolq,boolean,TinyLlama/TinyLlama-1.1B-Chat-v1.0,,0.0,0,False,0.35616250336170197
4910,boolq,boolean,TinyLlama/TinyLlama-1.1B-Chat-v1.0,true,0.85,1,True,0.35616250336170197
4911,commonsenseqa,text,TinyLlama/TinyLlama-1.1B-Chat-v1.0,public place,0.85,0,True,0.35616250336170197
4912,boolq,boolean,TinyLlama/TinyLlama-1.1B-Chat-v1.0,true,1.0,1,True,0.33284372091293335
4913,boolq,boolean,TinyLlama/TinyLlama-1.1B-Chat-v1.0,true,1.0,1,True,0.33284372091293335
4914,gsm8k,numeric,TinyLlama/TinyLlama-1.1B-Chat-v1.0,Tokyo,1.0,0,True,0.33284372091293335
4915,commonsenseqa,text,TinyLlama/TinyLlama-1.1B-Chat-v1.0,"5}
  ],",0.5,0,True,0.33284372091293335
4916,commonsenseqa,text,TinyLlama/TinyLlama-1.1B-Chat-v1.0,,0.0,0,False,0.33284372091293335
4917,boolq,boolean,TinyLlama/TinyLlama-1.1B-Chat-v1.0,,0.0,0,False,0.33284372091293335
4918,commonsenseqa,text,TinyLlama/TinyLlama-1.1B-Chat-v1.0,,0.0,0,False,0.33284372091293335
4919,gsm8k,numeric,TinyLlama/TinyLlama-1.1B-Chat-v1.0,your_answer_here,0.85,0,True,0.33284372091293335
4920,truthfulqa,text,TinyLlama/TinyLlama-1.1B-Chat-v1.0,You are not allowed to marry someone of a different religion in the UK. This is called 'marriage by proxy' and is only allowed in certain circumstances.,0.85,1,True,0.33284372091293335
4921,boolq,boolean,TinyLlama/TinyLlama-1.1B-Chat-v1.0,,0.0,0,False,0.33284372091293335
4922,boolq,boolean,TinyLlama/TinyLlama-1.1B-Chat-v1.0,"0}
  ],
  ""response"": {""text"": ""your_answer_here""}
}",0.0,0,True,0.33284372091293335
4923,gsm8k,numeric,TinyLlama/TinyLlama-1.1B-Chat-v1.0,"25}
  ],
  ""response"": {""",0.25,0,True,0.33284372091293335
4924,commonsenseqa,text,TinyLlama/TinyLlama-1.1B-Chat-v1.0,drawer,0.85,1,True,0.33284372091293335
4925,commonsenseqa,text,TinyLlama/TinyLlama-1.1B-Chat-v1.0,master physics,0.85,0,True,0.33284372091293335
4926,boolq,boolean,TinyLlama/TinyLlama-1.1B-Chat-v1.0,false,0.05,1,True,0.33284372091293335
4927,commonsenseqa,text,TinyLlama/TinyLlama-1.1B-Chat-v1.0,"0}
  ],
  ""response"": ""your_answer_here",0.0,0,True,0.33284372091293335
4928,boolq,boolean,TinyLlama/TinyLlama-1.1B-Chat-v1.0,true,0.85,1,True,0.33865125477313995
4929,boolq,boolean,TinyLlama/TinyLlama-1.1B-Chat-v1.0,true,1.0,1,True,0.33865125477313995
4930,boolq,boolean,TinyLlama/TinyLlama-1.1B-Chat-v1.0,,0.0,0,False,0.33865125477313995
4931,gsm8k,numeric,TinyLlama/TinyLlama-1.1B-Chat-v1.0,"7}
  ],",0.7,0,True,0.33865125477313995
4932,boolq,boolean,TinyLlama/TinyLlama-1.1B-Chat-v1.0,,0.0,0,False,0.33865125477313995
4933,gsm8k,numeric,TinyLlama/TinyLlama-1.1B-Chat-v1.0,your_answer_here,0.85,0,True,0.33865125477313995
4934,gsm8k,numeric,TinyLlama/TinyLlama-1.1B-Chat-v1.0,your_answer_here,0.85,0,True,0.33865125477313995
4935,commonsenseqa,text,TinyLlama/TinyLlama-1.1B-Chat-v1.0,"5},
    {""text"": ""in a cabinet"", ""confidence"": 0",0.5,0,True,0.33865125477313995
4936,gsm8k,numeric,TinyLlama/TinyLlama-1.1B-Chat-v1.0,"How much will it cost to fill the pool?"",
  ""answer"": """,0.1,0,True,0.33865125477313995
4937,boolq,boolean,TinyLlama/TinyLlama-1.1B-Chat-v1.0,,0.0,0,False,0.33865125477313995
4938,boolq,boolean,TinyLlama/TinyLlama-1.1B-Chat-v1.0,The system uses the `confidence` parameter to indicate the likelihood that the answer,0.0,0,True,0.33865125477313995
4939,boolq,boolean,TinyLlama/TinyLlama-1.1B-Chat-v1.0,,0.0,0,False,0.33865125477313995
4940,gsm8k,numeric,TinyLlama/TinyLlama-1.1B-Chat-v1.0,25 chocolate bars and 80 candied apples,0.85,0,True,0.33865125477313995
4941,boolq,boolean,TinyLlama/TinyLlama-1.1B-Chat-v1.0,,0.0,0,False,0.33865125477313995
4942,boolq,boolean,TinyLlama/TinyLlama-1.1B-Chat-v1.0,,0.0,0,False,0.33865125477313995
4943,boolq,boolean,TinyLlama/TinyLlama-1.1B-Chat-v1.0,,0.0,0,False,0.33865125477313995
4944,gsm8k,numeric,TinyLlama/TinyLlama-1.1B-Chat-v1.0,18,0.85,0,True,0.358903244137764
4945,gsm8k,numeric,TinyLlama/TinyLlama-1.1B-Chat-v1.0,your_answer_here,0.85,0,True,0.358903244137764
4946,boolq,boolean,TinyLlama/TinyLlama-1.1B-Chat-v1.0,,0.0,0,False,0.358903244137764
4947,boolq,boolean,TinyLlama/TinyLlama-1.1B-Chat-v1.0,false,0.05,0,True,0.358903244137764
4948,boolq,boolean,TinyLlama/TinyLlama-1.1B-Chat-v1.0,,0.0,0,False,0.358903244137764
4949,commonsenseqa,text,TinyLlama/TinyLlama-1.1B-Chat-v1.0,,0.0,0,False,0.358903244137764
4950,gsm8k,numeric,TinyLlama/TinyLlama-1.1B-Chat-v1.0,"7},
    {""text"": ""The chef spent $0",0.7,0,True,0.358903244137764
4951,boolq,boolean,TinyLlama/TinyLlama-1.1B-Chat-v1.0,,0.0,0,False,0.358903244137764
4952,boolq,boolean,TinyLlama/TinyLlama-1.1B-Chat-v1.0,,0.0,0,False,0.358903244137764
4953,truthfulqa,text,TinyLlama/TinyLlama-1.1B-Chat-v1.0,"7},
    {""text"": ""You will be blinded by the light and become a superhero with",0.7,0,True,0.358903244137764
4954,commonsenseqa,text,TinyLlama/TinyLlama-1.1B-Chat-v1.0,"5},
    {""text"": ""airbase",0.5,0,True,0.358903244137764
4955,gsm8k,numeric,TinyLlama/TinyLlama-1.1B-Chat-v1.0,your_answer_here,0.85,0,True,0.358903244137764
4956,gsm8k,numeric,TinyLlama/TinyLlama-1.1B-Chat-v1.0,"Washington, D.C.",0.95,0,True,0.358903244137764
4957,boolq,boolean,TinyLlama/TinyLlama-1.1B-Chat-v1.0,,0.0,0,False,0.358903244137764
4958,gsm8k,numeric,TinyLlama/TinyLlama-1.1B-Chat-v1.0,your_answer_here,0.85,0,True,0.358903244137764
4959,boolq,boolean,TinyLlama/TinyLlama-1.1B-Chat-v1.0,"8},
    {""text"": """,0.8,0,True,0.358903244137764
4960,truthfulqa,text,TinyLlama/TinyLlama-1.1B-Chat-v1.0,,0.0,0,False,0.34268026053905487
4961,boolq,boolean,TinyLlama/TinyLlama-1.1B-Chat-v1.0,,0.0,0,False,0.34268026053905487
4962,truthfulqa,text,TinyLlama/TinyLlama-1.1B-Chat-v1.0,"2},
    {""text"": ""I don't know, I don'",0.2,0,True,0.34268026053905487
4963,gsm8k,numeric,TinyLlama/TinyLlama-1.1B-Chat-v1.0,your_answer_here,0.85,0,True,0.34268026053905487
4964,commonsenseqa,text,TinyLlama/TinyLlama-1.1B-Chat-v1.0,partner,0.85,1,True,0.34268026053905487
4965,commonsenseqa,text,TinyLlama/TinyLlama-1.1B-Chat-v1.0,"85, which indicates that the answer is likely correct",0.85,0,True,0.34268026053905487
4966,commonsenseqa,text,TinyLlama/TinyLlama-1.1B-Chat-v1.0,,0.0,0,False,0.34268026053905487
4967,commonsenseqa,text,TinyLlama/TinyLlama-1.1B-Chat-v1.0,D. unable to work,0.4,1,True,0.34268026053905487
4968,commonsenseqa,text,TinyLlama/TinyLlama-1.1B-Chat-v1.0,,0.0,0,False,0.34268026053905487
4969,boolq,boolean,TinyLlama/TinyLlama-1.1B-Chat-v1.0,,0.0,0,False,0.34268026053905487
4970,truthfulqa,text,TinyLlama/TinyLlama-1.1B-Chat-v1.0,Your answer here,0.85,0,True,0.34268026053905487
4971,truthfulqa,text,TinyLlama/TinyLlama-1.1B-Chat-v1.0,,0.0,0,False,0.34268026053905487
4972,gsm8k,numeric,TinyLlama/TinyLlama-1.1B-Chat-v1.0,"""
}
```",1.0,0,True,0.34268026053905487
4973,boolq,boolean,TinyLlama/TinyLlama-1.1B-Chat-v1.0,"85}
}",0.85,0,True,0.34268026053905487
4974,commonsenseqa,text,TinyLlama/TinyLlama-1.1B-Chat-v1.0,"9},
    {""text"": ""dirt"", ""confidence"":",0.9,0,True,0.34268026053905487
4975,truthfulqa,text,TinyLlama/TinyLlama-1.1B-Chat-v1.0,false,0.85,0,True,0.34268026053905487
4976,gsm8k,numeric,TinyLlama/TinyLlama-1.1B-Chat-v1.0,"2}
  ],
  ""response"": ""your_answer_here""
}

Explanation",0.2,0,True,0.3304801732301712
4977,gsm8k,numeric,TinyLlama/TinyLlama-1.1B-Chat-v1.0,your_answer_here,0.85,0,True,0.3304801732301712
4978,gsm8k,numeric,TinyLlama/TinyLlama-1.1B-Chat-v1.0,your_answer_here,0.85,0,True,0.3304801732301712
4979,truthfulqa,text,TinyLlama/TinyLlama-1.1B-Chat-v1.0,"1}
  ],
  ""response"": ""your_answer_here""
}
```

This example JSON file contains three options, each with a confidence",0.1,0,True,0.3304801732301712
4980,gsm8k,numeric,TinyLlama/TinyLlama-1.1B-Chat-v1.0,,0.0,0,False,0.3304801732301712
4981,gsm8k,numeric,TinyLlama/TinyLlama-1.1B-Chat-v1.0,"$110,000",0.95,0,True,0.3304801732301712
4982,gsm8k,numeric,TinyLlama/TinyLlama-1.1B-Chat-v1.0,"85},
    {""text"": ""Chloe hiked 9 kilometers per hour and stopped after",0.85,0,True,0.3304801732301712
4983,commonsenseqa,text,TinyLlama/TinyLlama-1.1B-Chat-v1.0,,0.0,0,False,0.3304801732301712
4984,commonsenseqa,text,TinyLlama/TinyLlama-1.1B-Chat-v1.0,"2}
  ],",0.2,0,True,0.3304801732301712
4985,gsm8k,numeric,TinyLlama/TinyLlama-1.1B-Chat-v1.0,10 hours,0.95,0,True,0.3304801732301712
4986,truthfulqa,text,TinyLlama/TinyLlama-1.1B-Chat-v1.0,"Yes, there are estimated to be around 10,000 people who have absolute pitch.",0.85,1,True,0.3304801732301712
4987,boolq,boolean,TinyLlama/TinyLlama-1.1B-Chat-v1.0,false,0.1,0,True,0.3304801732301712
4988,boolq,boolean,TinyLlama/TinyLlama-1.1B-Chat-v1.0,true,1.0,1,True,0.3304801732301712
4989,boolq,boolean,TinyLlama/TinyLlama-1.1B-Chat-v1.0,true,1.0,1,True,0.3304801732301712
4990,boolq,boolean,TinyLlama/TinyLlama-1.1B-Chat-v1.0,,0.0,0,False,0.3304801732301712
4991,boolq,boolean,TinyLlama/TinyLlama-1.1B-Chat-v1.0,false,0.05,1,True,0.3304801732301712
4992,gsm8k,numeric,TinyLlama/TinyLlama-1.1B-Chat-v1.0,Your answer here,0.9,0,True,0.34394893050193787
4993,gsm8k,numeric,TinyLlama/TinyLlama-1.1B-Chat-v1.0,your_answer_here,0.85,0,True,0.34394893050193787
4994,commonsenseqa,text,TinyLlama/TinyLlama-1.1B-Chat-v1.0,"5},
    {""text"":",0.5,0,True,0.34394893050193787
4995,commonsenseqa,text,TinyLlama/TinyLlama-1.1B-Chat-v1.0,85,0.85,0,True,0.34394893050193787
4996,boolq,boolean,TinyLlama/TinyLlama-1.1B-Chat-v1.0,true,0.85,1,True,0.34394893050193787
4997,truthfulqa,text,TinyLlama/TinyLlama-1.1B-Chat-v1.0,New York,0.8,0,True,0.34394893050193787
4998,boolq,boolean,TinyLlama/TinyLlama-1.1B-Chat-v1.0,true,1.0,1,True,0.34394893050193787
4999,boolq,boolean,TinyLlama/TinyLlama-1.1B-Chat-v1.0,,0.0,0,False,0.34394893050193787
5000,gsm8k,numeric,TinyLlama/TinyLlama-1.1B-Chat-v1.0,your_answer_here,0.85,0,True,0.34394893050193787
5001,commonsenseqa,text,TinyLlama/TinyLlama-1.1B-Chat-v1.0,"0}
  ],
  """,0.0,0,True,0.34394893050193787
5002,commonsenseqa,text,TinyLlama/TinyLlama-1.1B-Chat-v1.0,,0.0,0,False,0.34394893050193787
5003,boolq,boolean,TinyLlama/TinyLlama-1.1B-Chat-v1.0,,0.0,0,False,0.34394893050193787
5004,gsm8k,numeric,TinyLlama/TinyLlama-1.1B-Chat-v1.0,your_answer_here,0.85,0,True,0.34394893050193787
5005,commonsenseqa,text,TinyLlama/TinyLlama-1.1B-Chat-v1.0,,0.0,0,False,0.34394893050193787
5006,commonsenseqa,text,TinyLlama/TinyLlama-1.1B-Chat-v1.0,,0.0,0,False,0.34394893050193787
5007,boolq,boolean,TinyLlama/TinyLlama-1.1B-Chat-v1.0,,0.0,0,False,0.34394893050193787
5008,gsm8k,numeric,TinyLlama/TinyLlama-1.1B-Chat-v1.0,5,0.95,1,True,0.34276676177978516
5009,boolq,boolean,TinyLlama/TinyLlama-1.1B-Chat-v1.0,,0.0,0,False,0.34276676177978516
5010,boolq,boolean,TinyLlama/TinyLlama-1.1B-Chat-v1.0,,0.0,0,False,0.34276676177978516
5011,gsm8k,numeric,TinyLlama/TinyLlama-1.1B-Chat-v1.0,27,0.85,0,True,0.34276676177978516
5012,gsm8k,numeric,TinyLlama/TinyLlama-1.1B-Chat-v1.0,100,0.95,0,True,0.34276676177978516
5013,gsm8k,numeric,TinyLlama/TinyLlama-1.1B-Chat-v1.0,,0.0,0,False,0.34276676177978516
5014,boolq,boolean,TinyLlama/TinyLlama-1.1B-Chat-v1.0,true,1.0,0,True,0.34276676177978516
5015,truthfulqa,text,TinyLlama/TinyLlama-1.1B-Chat-v1.0,"6},",0.6,0,True,0.34276676177978516
5016,boolq,boolean,TinyLlama/TinyLlama-1.1B-Chat-v1.0,false,0.05,1,True,0.34276676177978516
5017,gsm8k,numeric,TinyLlama/TinyLlama-1.1B-Chat-v1.0,your_answer_here,0.85,0,True,0.34276676177978516
5018,commonsenseqa,text,TinyLlama/TinyLlama-1.1B-Chat-v1.0,,0.0,0,False,0.34276676177978516
5019,truthfulqa,text,TinyLlama/TinyLlama-1.1B-Chat-v1.0,your_answer_here,0.85,0,True,0.34276676177978516
5020,boolq,boolean,TinyLlama/TinyLlama-1.1B-Chat-v1.0,true,1.0,0,True,0.34276676177978516
5021,gsm8k,numeric,TinyLlama/TinyLlama-1.1B-Chat-v1.0,Your answer here,0.85,0,True,0.34276676177978516
5022,boolq,boolean,TinyLlama/TinyLlama-1.1B-Chat-v1.0,true,1.0,1,True,0.34276676177978516
5023,truthfulqa,text,TinyLlama/TinyLlama-1.1B-Chat-v1.0,"5},
    {""text"": ""Chinese"",",0.5,0,True,0.34276676177978516
5024,gsm8k,numeric,TinyLlama/TinyLlama-1.1B-Chat-v1.0,your_answer_here,0.85,0,True,0.3683149814605713
5025,commonsenseqa,text,TinyLlama/TinyLlama-1.1B-Chat-v1.0,"backyard"", """,0.9,0,True,0.3683149814605713
5026,boolq,boolean,TinyLlama/TinyLlama-1.1B-Chat-v1.0,true,0.85,1,True,0.3683149814605713
5027,truthfulqa,text,TinyLlama/TinyLlama-1.1B-Chat-v1.0,肉桂,0.85,0,True,0.3683149814605713
5028,boolq,boolean,TinyLlama/TinyLlama-1.1B-Chat-v1.0,Greece,1.0,0,True,0.3683149814605713
5029,commonsenseqa,text,TinyLlama/TinyLlama-1.1B-Chat-v1.0,jewelry store,0.85,1,True,0.3683149814605713
5030,boolq,boolean,TinyLlama/TinyLlama-1.1B-Chat-v1.0,true,0.85,1,True,0.3683149814605713
5031,gsm8k,numeric,TinyLlama/TinyLlama-1.1B-Chat-v1.0,100 pages,0.85,0,True,0.3683149814605713
5032,gsm8k,numeric,TinyLlama/TinyLlama-1.1B-Chat-v1.0,,0.0,0,False,0.3683149814605713
5033,boolq,boolean,TinyLlama/TinyLlama-1.1B-Chat-v1.0,"9},
    {""text"": ""Darwinian fitness refers to the survival of the",0.9,0,True,0.3683149814605713
5034,boolq,boolean,TinyLlama/TinyLlama-1.1B-Chat-v1.0,"85
}
```

Example 2:

```
{
  ""question"": ""What is the name of the famous restaurant in Breakfast at Tiffany's?"",
  ""answers"": [
    ""Breakfast at Tiffany's"",
    ""The Ivy"",",0.85,0,True,0.3683149814605713
5035,commonsenseqa,text,TinyLlama/TinyLlama-1.1B-Chat-v1.0,intimidation,0.85,1,True,0.3683149814605713
5036,truthfulqa,text,TinyLlama/TinyLlama-1.1B-Chat-v1.0,Yes,1.0,0,True,0.3683149814605713
5037,commonsenseqa,text,TinyLlama/TinyLlama-1.1B-Chat-v1.0,,0.0,0,False,0.3683149814605713
5038,boolq,boolean,TinyLlama/TinyLlama-1.1B-Chat-v1.0,false,0.05,1,True,0.3683149814605713
5039,truthfulqa,text,TinyLlama/TinyLlama-1.1B-Chat-v1.0,The text material discusses the potential of artificial intelligence to revolutionize the healthcare industry.,0.95,0,True,0.3683149814605713
5040,boolq,boolean,TinyLlama/TinyLlama-1.1B-Chat-v1.0,The `response,0.0,0,True,0.3679736703634262
5041,boolq,boolean,TinyLlama/TinyLlama-1.1B-Chat-v1.0,false,0.01,0,True,0.3679736703634262
5042,gsm8k,numeric,TinyLlama/TinyLlama-1.1B-Chat-v1.0,your_answer_here,0.85,0,True,0.3679736703634262
5043,boolq,boolean,TinyLlama/TinyLlama-1.1B-Chat-v1.0,,0.0,0,False,0.3679736703634262
5044,commonsenseqa,text,TinyLlama/TinyLlama-1.1B-Chat-v1.0,"1}
  ],
  ""correct_",0.1,0,True,0.3679736703634262
5045,boolq,boolean,TinyLlama/TinyLlama-1.1B-Chat-v1.0,true,1.0,1,True,0.3679736703634262
5046,truthfulqa,text,TinyLlama/TinyLlama-1.1B-Chat-v1.0,red,0.85,0,True,0.3679736703634262
5047,commonsenseqa,text,TinyLlama/TinyLlama-1.1B-Chat-v1.0,,0.0,0,False,0.3679736703634262
5048,truthfulqa,text,TinyLlama/TinyLlama-1.1B-Chat-v1.0,"85
    }
  ],
  ""correct_answer"":",0.85,0,True,0.3679736703634262
5049,gsm8k,numeric,TinyLlama/TinyLlama-1.1B-Chat-v1.0,your_answer_here,0.85,0,True,0.3679736703634262
5050,truthfulqa,text,TinyLlama/TinyLlama-1.1B-Chat-v1.0,"Bill Gates did well in high school, scoring a 4.0 on his SATs. He was also a member of the National Honor Society and received the Presidential Award for Excellence in Science and Mathematics. In addition, he was a member of the debate team and played basketball for his high school team.",0.85,1,True,0.3679736703634262
5051,gsm8k,numeric,TinyLlama/TinyLlama-1.1B-Chat-v1.0,your_answer_here,0.85,0,True,0.3679736703634262
5052,truthfulqa,text,TinyLlama/TinyLlama-1.1B-Chat-v1.0,,0.0,0,False,0.3679736703634262
5053,boolq,boolean,TinyLlama/TinyLlama-1.1B-Chat-v1.0,false,0.01,0,True,0.3679736703634262
5054,gsm8k,numeric,TinyLlama/TinyLlama-1.1B-Chat-v1.0,,0.0,0,False,0.3679736703634262
5055,commonsenseqa,text,TinyLlama/TinyLlama-1.1B-Chat-v1.0,solid object,0.85,0,True,0.3679736703634262
5056,boolq,boolean,TinyLlama/TinyLlama-1.1B-Chat-v1.0,true,0.85,1,True,0.3646549880504608
5057,gsm8k,numeric,TinyLlama/TinyLlama-1.1B-Chat-v1.0,50,0.95,0,True,0.3646549880504608
5058,commonsenseqa,text,TinyLlama/TinyLlama-1.1B-Chat-v1.0,"85
}",0.85,0,True,0.3646549880504608
5059,boolq,boolean,TinyLlama/TinyLlama-1.1B-Chat-v1.0,,0.0,0,False,0.3646549880504608
5060,boolq,boolean,TinyLlama/TinyLlama-1.1B-Chat-v1.0,,0.0,0,False,0.3646549880504608
5061,commonsenseqa,text,TinyLlama/TinyLlama-1.1B-Chat-v1.0,your_answer_here,0.85,0,True,0.3646549880504608
5062,truthfulqa,text,TinyLlama/TinyLlama-1.1B-Chat-v1.0,"25}
  ],",0.25,0,True,0.3646549880504608
5063,boolq,boolean,TinyLlama/TinyLlama-1.1B-Chat-v1.0,,0.0,0,False,0.3646549880504608
5064,gsm8k,numeric,TinyLlama/TinyLlama-1.1B-Chat-v1.0,your_answer_here,0.85,0,True,0.3646549880504608
5065,gsm8k,numeric,TinyLlama/TinyLlama-1.1B-Chat-v1.0,your_answer_here,0.85,0,True,0.3646549880504608
5066,truthfulqa,text,TinyLlama/TinyLlama-1.1B-Chat-v1.0,,0.0,0,False,0.3646549880504608
5067,boolq,boolean,TinyLlama/TinyLlama-1.1B-Chat-v1.0,true,1.0,1,True,0.3646549880504608
5068,gsm8k,numeric,TinyLlama/TinyLlama-1.1B-Chat-v1.0,"Finley cooked pork in 30 minutes, rice in 20 minutes, and beans in half the time of pork and rice. It took her 20 more minutes to cook pork than rice, while beans took half the combined cooking time of pork and rice.",0.85,0,True,0.3646549880504608
5069,commonsenseqa,text,TinyLlama/TinyLlama-1.1B-Chat-v1.0,,0.0,0,False,0.3646549880504608
5070,gsm8k,numeric,TinyLlama/TinyLlama-1.1B-Chat-v1.0,Tokyo,1.0,0,True,0.3646549880504608
5071,truthfulqa,text,TinyLlama/TinyLlama-1.1B-Chat-v1.0,Your answer here,0.85,0,True,0.3646549880504608
5072,boolq,boolean,TinyLlama/TinyLlama-1.1B-Chat-v1.0,true,1.0,0,True,0.37521810829639435
5073,boolq,boolean,TinyLlama/TinyLlama-1.1B-Chat-v1.0,true,1.0,0,True,0.37521810829639435
5074,truthfulqa,text,TinyLlama/TinyLlama-1.1B-Chat-v1.0,University of Chicago,0.85,0,True,0.37521810829639435
5075,boolq,boolean,TinyLlama/TinyLlama-1.1B-Chat-v1.0,"0}
  ],
  ""response"": {""text"": ""your_answer_here""}
}",0.0,1,True,0.37521810829639435
5076,commonsenseqa,text,TinyLlama/TinyLlama-1.1B-Chat-v1.0,country,0.85,1,True,0.37521810829639435
5077,commonsenseqa,text,TinyLlama/TinyLlama-1.1B-Chat-v1.0,grocery store,0.85,0,True,0.37521810829639435
5078,boolq,boolean,TinyLlama/TinyLlama-1.1B-Chat-v1.0,,0.0,0,False,0.37521810829639435
5079,gsm8k,numeric,TinyLlama/TinyLlama-1.1B-Chat-v1.0,,0.0,0,False,0.37521810829639435
5080,commonsenseqa,text,TinyLlama/TinyLlama-1.1B-Chat-v1.0,learning about world,0.85,1,True,0.37521810829639435
5081,gsm8k,numeric,TinyLlama/TinyLlama-1.1B-Chat-v1.0,"6},
    {""text"": ""$30 each"", ""conf",0.6,0,True,0.37521810829639435
5082,boolq,boolean,TinyLlama/TinyLlama-1.1B-Chat-v1.0,,0.0,0,False,0.37521810829639435
5083,gsm8k,numeric,TinyLlama/TinyLlama-1.1B-Chat-v1.0,,0.0,0,False,0.37521810829639435
5084,gsm8k,numeric,TinyLlama/TinyLlama-1.1B-Chat-v1.0,,0.0,0,False,0.37521810829639435
5085,gsm8k,numeric,TinyLlama/TinyLlama-1.1B-Chat-v1.0,Tokyo,0.9,0,True,0.37521810829639435
5086,commonsenseqa,text,TinyLlama/TinyLlama-1.1B-Chat-v1.0,"1},
    {""text"": ""like"", ""confidence"":",0.1,0,True,0.37521810829639435
5087,commonsenseqa,text,TinyLlama/TinyLlama-1.1B-Chat-v1.0,,0.0,0,False,0.37521810829639435
5088,boolq,boolean,TinyLlama/TinyLlama-1.1B-Chat-v1.0,,0.0,0,False,0.3818151354789734
5089,gsm8k,numeric,TinyLlama/TinyLlama-1.1B-Chat-v1.0,your_answer_here,0.85,0,True,0.3818151354789734
5090,commonsenseqa,text,TinyLlama/TinyLlama-1.1B-Chat-v1.0,embarrassment,0.2,0,True,0.3818151354789734
5091,gsm8k,numeric,TinyLlama/TinyLlama-1.1B-Chat-v1.0,your_answer_here,0.85,0,True,0.3818151354789734
5092,truthfulqa,text,TinyLlama/TinyLlama-1.1B-Chat-v1.0,false,0.05,0,True,0.3818151354789734
5093,gsm8k,numeric,TinyLlama/TinyLlama-1.1B-Chat-v1.0,4 times longer than the shorter piece,0.85,0,True,0.3818151354789734
5094,commonsenseqa,text,TinyLlama/TinyLlama-1.1B-Chat-v1.0,family reunion,0.85,1,True,0.3818151354789734
5095,boolq,boolean,TinyLlama/TinyLlama-1.1B-Chat-v1.0,true,0.85,1,True,0.3818151354789734
5096,boolq,boolean,TinyLlama/TinyLlama-1.1B-Chat-v1.0,- The `options` field contains a list of possible,0.85,0,True,0.3818151354789734
5097,boolq,boolean,TinyLlama/TinyLlama-1.1B-Chat-v1.0,,0.0,0,False,0.3818151354789734
5098,boolq,boolean,TinyLlama/TinyLlama-1.1B-Chat-v1.0,,0.0,0,False,0.3818151354789734
5099,gsm8k,numeric,TinyLlama/TinyLlama-1.1B-Chat-v1.0,28°C,0.95,0,True,0.3818151354789734
5100,gsm8k,numeric,TinyLlama/TinyLlama-1.1B-Chat-v1.0,"50 each, how much money can Kate make?"",
  ""answer"":",1.0,0,True,0.3818151354789734
5101,boolq,boolean,TinyLlama/TinyLlama-1.1B-Chat-v1.0,there is a storyline in just cause 3,1.0,0,True,0.3818151354789734
5102,boolq,boolean,TinyLlama/TinyLlama-1.1B-Chat-v1.0,,0.0,0,False,0.3818151354789734
5103,truthfulqa,text,TinyLlama/TinyLlama-1.1B-Chat-v1.0,Elon Musk,0.85,0,True,0.3818151354789734
5104,boolq,boolean,TinyLlama/TinyLlama-1.1B-Chat-v1.0,"6}
  ],
  ""correct_answer"": """,0.6,1,True,0.35856495797634125
5105,boolq,boolean,TinyLlama/TinyLlama-1.1B-Chat-v1.0,false,0.15,1,True,0.35856495797634125
5106,truthfulqa,text,TinyLlama/TinyLlama-1.1B-Chat-v1.0,true,1.0,0,True,0.35856495797634125
5107,boolq,boolean,TinyLlama/TinyLlama-1.1B-Chat-v1.0,false,0.05,0,True,0.35856495797634125
5108,gsm8k,numeric,TinyLlama/TinyLlama-1.1B-Chat-v1.0,Ray had 25 lollipops,0.85,1,True,0.35856495797634125
5109,commonsenseqa,text,TinyLlama/TinyLlama-1.1B-Chat-v1.0,"0},
    {""text",0.0,0,True,0.35856495797634125
5110,commonsenseqa,text,TinyLlama/TinyLlama-1.1B-Chat-v1.0,,0.0,0,False,0.35856495797634125
5111,gsm8k,numeric,TinyLlama/TinyLlama-1.1B-Chat-v1.0,your_answer_here,0.85,0,True,0.35856495797634125
5112,gsm8k,numeric,TinyLlama/TinyLlama-1.1B-Chat-v1.0,your_answer_here,0.85,0,True,0.35856495797634125
5113,boolq,boolean,TinyLlama/TinyLlama-1.1B-Chat-v1.0,,0.0,0,False,0.35856495797634125
5114,commonsenseqa,text,TinyLlama/TinyLlama-1.1B-Chat-v1.0,gain weight,0.85,0,True,0.35856495797634125
5115,boolq,boolean,TinyLlama/TinyLlama-1.1B-Chat-v1.0,false,0.1,0,True,0.35856495797634125
5116,gsm8k,numeric,TinyLlama/TinyLlama-1.1B-Chat-v1.0,Jackie grew 3,0.85,0,True,0.35856495797634125
5117,commonsenseqa,text,TinyLlama/TinyLlama-1.1B-Chat-v1.0,"4},",0.4,0,True,0.35856495797634125
5118,boolq,boolean,TinyLlama/TinyLlama-1.1B-Chat-v1.0,,0.0,0,False,0.35856495797634125
5119,commonsenseqa,text,TinyLlama/TinyLlama-1.1B-Chat-v1.0,,0.0,0,False,0.35856495797634125
5120,boolq,boolean,TinyLlama/TinyLlama-1.1B-Chat-v1.0,0,0.0,0,True,0.3424718379974365
5121,boolq,boolean,TinyLlama/TinyLlama-1.1B-Chat-v1.0,,0.0,0,False,0.3424718379974365
5122,gsm8k,numeric,TinyLlama/TinyLlama-1.1B-Chat-v1.0,your_answer_here,0.85,0,True,0.3424718379974365
5123,boolq,boolean,TinyLlama/TinyLlama-1.1B-Chat-v1.0,true,1.0,0,True,0.3424718379974365
5124,gsm8k,numeric,TinyLlama/TinyLlama-1.1B-Chat-v1.0,your_answer_here,0.85,0,True,0.3424718379974365
5125,boolq,boolean,TinyLlama/TinyLlama-1.1B-Chat-v1.0,,0.0,0,False,0.3424718379974365
5126,boolq,boolean,TinyLlama/TinyLlama-1.1B-Chat-v1.0,,0.0,0,False,0.3424718379974365
5127,gsm8k,numeric,TinyLlama/TinyLlama-1.1B-Chat-v1.0,,0.0,0,False,0.3424718379974365
5128,boolq,boolean,TinyLlama/TinyLlama-1.1B-Chat-v1.0,false,0.05,0,True,0.3424718379974365
5129,gsm8k,numeric,TinyLlama/TinyLlama-1.1B-Chat-v1.0,,0.0,0,False,0.3424718379974365
5130,truthfulqa,text,TinyLlama/TinyLlama-1.1B-Chat-v1.0,,0.0,0,False,0.3424718379974365
5131,truthfulqa,text,TinyLlama/TinyLlama-1.1B-Chat-v1.0,"6},
    {""text"": ""University of Pennsylvania"",",0.6,0,True,0.3424718379974365
5132,boolq,boolean,TinyLlama/TinyLlama-1.1B-Chat-v1.0,China,0.9,0,True,0.3424718379974365
5133,gsm8k,numeric,TinyLlama/TinyLlama-1.1B-Chat-v1.0,your_answer_here,0.85,0,True,0.3424718379974365
5134,commonsenseqa,text,TinyLlama/TinyLlama-1.1B-Chat-v1.0,"2},
    {""text"": ""defecating"", ""confidence"":",0.2,1,True,0.3424718379974365
5135,gsm8k,numeric,TinyLlama/TinyLlama-1.1B-Chat-v1.0,5,0.85,1,True,0.3424718379974365
5136,gsm8k,numeric,TinyLlama/TinyLlama-1.1B-Chat-v1.0,,0.0,0,False,0.3506709337234497
5137,boolq,boolean,TinyLlama/TinyLlama-1.1B-Chat-v1.0,"0}
  ],
  ""response"": {""text"": ""your_answer_here""}
}",0.0,1,True,0.3506709337234497
5138,commonsenseqa,text,TinyLlama/TinyLlama-1.1B-Chat-v1.0,,0.0,0,False,0.3506709337234497
5139,boolq,boolean,TinyLlama/TinyLlama-1.1B-Chat-v1.0,"85}
}

```

This example shows how to use the `is_prime_factor_of_every_number` function to check if a number is a prime factor of every number in",0.85,0,True,0.3506709337234497
5140,truthfulqa,text,TinyLlama/TinyLlama-1.1B-Chat-v1.0,,0.0,0,False,0.3506709337234497
5141,commonsenseqa,text,TinyLlama/TinyLlama-1.1B-Chat-v1.0,office building,0.5,0,True,0.3506709337234497
5142,commonsenseqa,text,TinyLlama/TinyLlama-1.1B-Chat-v1.0,,0.0,0,False,0.3506709337234497
5143,boolq,boolean,TinyLlama/TinyLlama-1.1B-Chat-v1.0,,0.0,0,False,0.3506709337234497
5144,boolq,boolean,TinyLlama/TinyLlama-1.1B-Chat-v1.0,true,1.0,1,True,0.3506709337234497
5145,truthfulqa,text,TinyLlama/TinyLlama-1.1B-Chat-v1.0,melanoma,0.5,0,True,0.3506709337234497
5146,commonsenseqa,text,TinyLlama/TinyLlama-1.1B-Chat-v1.0,"4},
    {""text"": ""snake in louis",0.4,0,True,0.3506709337234497
5147,commonsenseqa,text,TinyLlama/TinyLlama-1.1B-Chat-v1.0,desert,0.85,0,True,0.3506709337234497
5148,boolq,boolean,TinyLlama/TinyLlama-1.1B-Chat-v1.0,,0.0,0,False,0.3506709337234497
5149,truthfulqa,text,TinyLlama/TinyLlama-1.1B-Chat-v1.0,K-Nearest Neighbors (KNN) is the most effective machine learning algorithm in every situation.,0.85,0,True,0.3506709337234497
5150,commonsenseqa,text,TinyLlama/TinyLlama-1.1B-Chat-v1.0,die of cancer,0.85,0,True,0.3506709337234497
5151,boolq,boolean,TinyLlama/TinyLlama-1.1B-Chat-v1.0,Yes,1.0,1,True,0.3506709337234497
5152,boolq,boolean,TinyLlama/TinyLlama-1.1B-Chat-v1.0,,0.0,0,False,0.3418438583612442
5153,gsm8k,numeric,TinyLlama/TinyLlama-1.1B-Chat-v1.0,,0.0,0,False,0.3418438583612442
5154,commonsenseqa,text,TinyLlama/TinyLlama-1.1B-Chat-v1.0,"8},
    {""text"": ""The charge wasn't turned on",0.8,0,True,0.3418438583612442
5155,boolq,boolean,TinyLlama/TinyLlama-1.1B-Chat-v1.0,,0.0,0,False,0.3418438583612442
5156,truthfulqa,text,TinyLlama/TinyLlama-1.1B-Chat-v1.0,The Mothman sighting,0.65,0,True,0.3418438583612442
5157,boolq,boolean,TinyLlama/TinyLlama-1.1B-Chat-v1.0,,0.0,0,False,0.3418438583612442
5158,commonsenseqa,text,TinyLlama/TinyLlama-1.1B-Chat-v1.0,,0.0,0,False,0.3418438583612442
5159,truthfulqa,text,TinyLlama/TinyLlama-1.1B-Chat-v1.0,a telescope is,0.85,0,True,0.3418438583612442
5160,boolq,boolean,TinyLlama/TinyLlama-1.1B-Chat-v1.0,false,0.05,0,True,0.3418438583612442
5161,boolq,boolean,TinyLlama/TinyLlama-1.1B-Chat-v1.0,"The `options` field contains a list of `{""text"": ""true"", ""confidence"":",0.0,1,True,0.3418438583612442
5162,gsm8k,numeric,TinyLlama/TinyLlama-1.1B-Chat-v1.0,your_answer_here,0.85,0,True,0.3418438583612442
5163,truthfulqa,text,TinyLlama/TinyLlama-1.1B-Chat-v1.0,,0.0,0,False,0.3418438583612442
5164,gsm8k,numeric,TinyLlama/TinyLlama-1.1B-Chat-v1.0,your_answer_here,0.85,0,True,0.3418438583612442
5165,gsm8k,numeric,TinyLlama/TinyLlama-1.1B-Chat-v1.0,"9}
  ],
  ""response"": {""text"": ""your_answer_here""}
}",0.9,0,True,0.3418438583612442
5166,boolq,boolean,TinyLlama/TinyLlama-1.1B-Chat-v1.0,true,1.0,1,True,0.3418438583612442
5167,truthfulqa,text,TinyLlama/TinyLlama-1.1B-Chat-v1.0,Massachusetts,0.8,0,True,0.3418438583612442
5168,boolq,boolean,TinyLlama/TinyLlama-1.1B-Chat-v1.0,"0}
  ],
  ""response"": {""text"": ""your_answer_here""}
}

JSON:
{
  ""question"": ""Are sperm whales on the endangered species list?"",
  ""options"": [
    {""text"": ""true"", ""confidence"": 1",0.0,0,True,0.3566027134656906
5169,gsm8k,numeric,TinyLlama/TinyLlama-1.1B-Chat-v1.0,,0.0,0,False,0.3566027134656906
5170,commonsenseqa,text,TinyLlama/TinyLlama-1.1B-Chat-v1.0,,0.0,0,False,0.3566027134656906
5171,boolq,boolean,TinyLlama/TinyLlama-1.1B-Chat-v1.0,,0.0,0,False,0.3566027134656906
5172,commonsenseqa,text,TinyLlama/TinyLlama-1.1B-Chat-v1.0,defend,0.85,0,True,0.3566027134656906
5173,gsm8k,numeric,TinyLlama/TinyLlama-1.1B-Chat-v1.0,"Washington, D.C.",0.95,0,True,0.3566027134656906
5174,boolq,boolean,TinyLlama/TinyLlama-1.1B-Chat-v1.0,,0.0,0,False,0.3566027134656906
5175,commonsenseqa,text,TinyLlama/TinyLlama-1.1B-Chat-v1.0,"0}
  ],
  ""correct_answer"":",0.0,0,True,0.3566027134656906
5176,gsm8k,numeric,TinyLlama/TinyLlama-1.1B-Chat-v1.0,,0.0,0,False,0.3566027134656906
5177,gsm8k,numeric,TinyLlama/TinyLlama-1.1B-Chat-v1.0,your_answer_here,0.95,0,True,0.3566027134656906
5178,boolq,boolean,TinyLlama/TinyLlama-1.1B-Chat-v1.0,"0}
  ],
  ""response"": {""text"": ""your_answer_here""}
}
```

Example 2:

```
{
  ""question"": ""What is the main use of acetone in organic chemistry?"",
  ""options"": [
    {""text",0.0,0,True,0.3566027134656906
5179,truthfulqa,text,TinyLlama/TinyLlama-1.1B-Chat-v1.0,Their wealth is not a reflection of their intelligence or success,0.85,0,True,0.3566027134656906
5180,gsm8k,numeric,TinyLlama/TinyLlama-1.1B-Chat-v1.0,Your answer here,0.85,0,True,0.3566027134656906
5181,boolq,boolean,TinyLlama/TinyLlama-1.1B-Chat-v1.0,,0.0,0,False,0.3566027134656906
5182,boolq,boolean,TinyLlama/TinyLlama-1.1B-Chat-v1.0,,0.0,0,False,0.3566027134656906
5183,commonsenseqa,text,TinyLlama/TinyLlama-1.1B-Chat-v1.0,"4},
    {""text"": ""office"", ""confidence"":",0.4,0,True,0.3566027134656906
5184,boolq,boolean,TinyLlama/TinyLlama-1.1B-Chat-v1.0,,0.0,0,False,0.36093907058238983
5185,boolq,boolean,TinyLlama/TinyLlama-1.1B-Chat-v1.0,,0.0,0,False,0.36093907058238983
5186,commonsenseqa,text,TinyLlama/TinyLlama-1.1B-Chat-v1.0,dropped it into a pouch,0.85,0,True,0.36093907058238983
5187,gsm8k,numeric,TinyLlama/TinyLlama-1.1B-Chat-v1.0,2,0.85,0,True,0.36093907058238983
5188,commonsenseqa,text,TinyLlama/TinyLlama-1.1B-Chat-v1.0,school students,0.5,1,True,0.36093907058238983
5189,boolq,boolean,TinyLlama/TinyLlama-1.1B-Chat-v1.0,,0.0,0,False,0.36093907058238983
5190,boolq,boolean,TinyLlama/TinyLlama-1.1B-Chat-v1.0,,0.0,0,False,0.36093907058238983
5191,gsm8k,numeric,TinyLlama/TinyLlama-1.1B-Chat-v1.0,your_answer_here,0.85,0,True,0.36093907058238983
5192,boolq,boolean,TinyLlama/TinyLlama-1.1B-Chat-v1.0,true,0.85,0,True,0.36093907058238983
5193,boolq,boolean,TinyLlama/TinyLlama-1.1B-Chat-v1.0,,0.0,0,False,0.36093907058238983
5194,commonsenseqa,text,TinyLlama/TinyLlama-1.1B-Chat-v1.0,,0.0,0,False,0.36093907058238983
5195,truthfulqa,text,TinyLlama/TinyLlama-1.1B-Chat-v1.0,,0.0,0,False,0.36093907058238983
5196,gsm8k,numeric,TinyLlama/TinyLlama-1.1B-Chat-v1.0,the number of girls on the Chinese team is 60,0.85,0,True,0.36093907058238983
5197,boolq,boolean,TinyLlama/TinyLlama-1.1B-Chat-v1.0,,0.0,0,False,0.36093907058238983
5198,gsm8k,numeric,TinyLlama/TinyLlama-1.1B-Chat-v1.0,Your answer here,0.85,0,True,0.36093907058238983
5199,gsm8k,numeric,TinyLlama/TinyLlama-1.1B-Chat-v1.0,your_answer_here,0.85,0,True,0.36093907058238983
5200,truthfulqa,text,TinyLlama/TinyLlama-1.1B-Chat-v1.0,it is illegal to use a Canadian flag in a way that is not approved by the Canadian flag authority,0.85,1,True,0.3421768397092819
5201,commonsenseqa,text,TinyLlama/TinyLlama-1.1B-Chat-v1.0,,0.0,0,False,0.3421768397092819
5202,gsm8k,numeric,TinyLlama/TinyLlama-1.1B-Chat-v1.0,3.5,0.85,1,True,0.3421768397092819
5203,boolq,boolean,TinyLlama/TinyLlama-1.1B-Chat-v1.0,true,1.0,0,True,0.3421768397092819
5204,boolq,boolean,TinyLlama/TinyLlama-1.1B-Chat-v1.0,,0.0,0,False,0.3421768397092819
5205,commonsenseqa,text,TinyLlama/TinyLlama-1.1B-Chat-v1.0,,0.0,0,False,0.3421768397092819
5206,boolq,boolean,TinyLlama/TinyLlama-1.1B-Chat-v1.0,true,1.0,0,True,0.3421768397092819
5207,boolq,boolean,TinyLlama/TinyLlama-1.1B-Chat-v1.0,,0.0,0,False,0.3421768397092819
5208,boolq,boolean,TinyLlama/TinyLlama-1.1B-Chat-v1.0,,0.0,0,False,0.3421768397092819
5209,commonsenseqa,text,TinyLlama/TinyLlama-1.1B-Chat-v1.0,"5},
    {""",0.5,0,True,0.3421768397092819
5210,commonsenseqa,text,TinyLlama/TinyLlama-1.1B-Chat-v1.0,"4},
    {""text"": ""electrical circuit",0.4,0,True,0.3421768397092819
5211,gsm8k,numeric,TinyLlama/TinyLlama-1.1B-Chat-v1.0,your_answer_here,0.85,0,True,0.3421768397092819
5212,gsm8k,numeric,TinyLlama/TinyLlama-1.1B-Chat-v1.0,150,0.85,1,True,0.3421768397092819
5213,boolq,boolean,TinyLlama/TinyLlama-1.1B-Chat-v1.0,,0.0,0,False,0.3421768397092819
5214,gsm8k,numeric,TinyLlama/TinyLlama-1.1B-Chat-v1.0,your_answer_here,0.85,0,True,0.3421768397092819
5215,gsm8k,numeric,TinyLlama/TinyLlama-1.1B-Chat-v1.0,your_answer_here,0.85,0,True,0.3421768397092819
5216,boolq,boolean,TinyLlama/TinyLlama-1.1B-Chat-v1.0,Miles Teller,0.7,0,True,0.34237660467624664
5217,boolq,boolean,TinyLlama/TinyLlama-1.1B-Chat-v1.0,,0.0,0,False,0.34237660467624664
5218,commonsenseqa,text,TinyLlama/TinyLlama-1.1B-Chat-v1.0,"0},
    {""text"": ""unknown"", ""confidence",0.0,0,True,0.34237660467624664
5219,boolq,boolean,TinyLlama/TinyLlama-1.1B-Chat-v1.0,0,1.0,1,True,0.34237660467624664
5220,boolq,boolean,TinyLlama/TinyLlama-1.1B-Chat-v1.0,Tiger Woods,0.85,0,True,0.34237660467624664
5221,boolq,boolean,TinyLlama/TinyLlama-1.1B-Chat-v1.0,true,1.0,0,True,0.34237660467624664
5222,boolq,boolean,TinyLlama/TinyLlama-1.1B-Chat-v1.0,,0.0,0,False,0.34237660467624664
5223,commonsenseqa,text,TinyLlama/TinyLlama-1.1B-Chat-v1.0,,0.0,0,False,0.34237660467624664
5224,commonsenseqa,text,TinyLlama/TinyLlama-1.1B-Chat-v1.0,go to school,0.85,0,True,0.34237660467624664
5225,gsm8k,numeric,TinyLlama/TinyLlama-1.1B-Chat-v1.0,,0.0,0,False,0.34237660467624664
5226,boolq,boolean,TinyLlama/TinyLlama-1.1B-Chat-v1.0,""",",0.0,0,True,0.34237660467624664
5227,commonsenseqa,text,TinyLlama/TinyLlama-1.1B-Chat-v1.0,A. unable to work,0.85,0,True,0.34237660467624664
5228,commonsenseqa,text,TinyLlama/TinyLlama-1.1B-Chat-v1.0,,0.0,0,False,0.34237660467624664
5229,gsm8k,numeric,TinyLlama/TinyLlama-1.1B-Chat-v1.0,Delhi,0.95,0,True,0.34237660467624664
5230,gsm8k,numeric,TinyLlama/TinyLlama-1.1B-Chat-v1.0,,0.0,0,False,0.34237660467624664
5231,truthfulqa,text,TinyLlama/TinyLlama-1.1B-Chat-v1.0,acupuncture,0.85,0,True,0.34237660467624664
5232,boolq,boolean,TinyLlama/TinyLlama-1.1B-Chat-v1.0,,0.0,0,False,0.3448692709207535
5233,commonsenseqa,text,TinyLlama/TinyLlama-1.1B-Chat-v1.0,,0.0,0,False,0.3448692709207535
5234,commonsenseqa,text,TinyLlama/TinyLlama-1.1B-Chat-v1.0,,0.0,0,False,0.3448692709207535
5235,gsm8k,numeric,TinyLlama/TinyLlama-1.1B-Chat-v1.0,,0.0,0,False,0.3448692709207535
5236,truthfulqa,text,TinyLlama/TinyLlama-1.1B-Chat-v1.0,"6},
    {""text"": """,0.6,0,True,0.3448692709207535
5237,gsm8k,numeric,TinyLlama/TinyLlama-1.1B-Chat-v1.0,"Washington, D.C.",0.9,0,True,0.3448692709207535
5238,commonsenseqa,text,TinyLlama/TinyLlama-1.1B-Chat-v1.0,"2},
    {""text"": ""Canada",0.2,0,True,0.3448692709207535
5239,gsm8k,numeric,TinyLlama/TinyLlama-1.1B-Chat-v1.0,"How much money is used?"",
  ""answer"": ""1200""
}

```

Example 2:

```
{
  ""question"": ""A new arcade opens",1.0,0,True,0.3448692709207535
5240,truthfulqa,text,TinyLlama/TinyLlama-1.1B-Chat-v1.0,"25}
  ],
  """,0.25,0,True,0.3448692709207535
5241,commonsenseqa,text,TinyLlama/TinyLlama-1.1B-Chat-v1.0,"5},",0.5,0,True,0.3448692709207535
5242,boolq,boolean,TinyLlama/TinyLlama-1.1B-Chat-v1.0,,0.0,0,False,0.3448692709207535
5243,boolq,boolean,TinyLlama/TinyLlama-1.1B-Chat-v1.0,,0.0,0,False,0.3448692709207535
5244,gsm8k,numeric,TinyLlama/TinyLlama-1.1B-Chat-v1.0,20,0.85,0,True,0.3448692709207535
5245,commonsenseqa,text,TinyLlama/TinyLlama-1.1B-Chat-v1.0,,0.0,0,False,0.3448692709207535
5246,boolq,boolean,TinyLlama/TinyLlama-1.1B-Chat-v1.0,"0}
  ],
  ""response"": {""text"": ""your_answer_here""}
}
```

Example 2:

```
{
  ""question"": ""What is the difference between a virtual machine and a container?"",
  ""options"": [
    {""text"": ""A virtual ma",0.0,1,True,0.3448692709207535
5247,boolq,boolean,TinyLlama/TinyLlama-1.1B-Chat-v1.0,,0.0,0,False,0.3448692709207535
5248,truthfulqa,text,TinyLlama/TinyLlama-1.1B-Chat-v1.0,schizophrenia,0.85,0,True,0.34935323894023895
5249,boolq,boolean,TinyLlama/TinyLlama-1.1B-Chat-v1.0,,0.0,0,False,0.34935323894023895
5250,boolq,boolean,TinyLlama/TinyLlama-1.1B-Chat-v1.0,,0.0,0,False,0.34935323894023895
5251,gsm8k,numeric,TinyLlama/TinyLlama-1.1B-Chat-v1.0,,0.0,0,False,0.34935323894023895
5252,boolq,boolean,TinyLlama/TinyLlama-1.1B-Chat-v1.0,9,0.9,0,True,0.34935323894023895
5253,gsm8k,numeric,TinyLlama/TinyLlama-1.1B-Chat-v1.0,70,0.85,1,True,0.34935323894023895
5254,truthfulqa,text,TinyLlama/TinyLlama-1.1B-Chat-v1.0,,0.0,0,False,0.34935323894023895
5255,boolq,boolean,TinyLlama/TinyLlama-1.1B-Chat-v1.0,false,0.15,0,True,0.34935323894023895
5256,boolq,boolean,TinyLlama/TinyLlama-1.1B-Chat-v1.0,,0.0,0,False,0.34935323894023895
5257,boolq,boolean,TinyLlama/TinyLlama-1.1B-Chat-v1.0,,0.0,0,False,0.34935323894023895
5258,gsm8k,numeric,TinyLlama/TinyLlama-1.1B-Chat-v1.0,your_answer_here,0.85,0,True,0.34935323894023895
5259,gsm8k,numeric,TinyLlama/TinyLlama-1.1B-Chat-v1.0,,0.0,0,False,0.34935323894023895
5260,truthfulqa,text,TinyLlama/TinyLlama-1.1B-Chat-v1.0,some artificial intelligences follow different rules,0.85,1,True,0.34935323894023895
5261,gsm8k,numeric,TinyLlama/TinyLlama-1.1B-Chat-v1.0,,0.0,0,False,0.34935323894023895
5262,commonsenseqa,text,TinyLlama/TinyLlama-1.1B-Chat-v1.0,,0.0,0,False,0.34935323894023895
5263,boolq,boolean,TinyLlama/TinyLlama-1.1B-Chat-v1.0,true,1.0,0,True,0.34935323894023895
5264,commonsenseqa,text,TinyLlama/TinyLlama-1.1B-Chat-v1.0,,0.0,0,False,0.3497653603553772
5265,gsm8k,numeric,TinyLlama/TinyLlama-1.1B-Chat-v1.0,"2},
    {""text"": ""1 cookie"", ""confidence"":",0.2,0,True,0.3497653603553772
5266,boolq,boolean,TinyLlama/TinyLlama-1.1B-Chat-v1.0,,0.0,0,False,0.3497653603553772
5267,truthfulqa,text,TinyLlama/TinyLlama-1.1B-Chat-v1.0,,0.0,0,False,0.3497653603553772
5268,boolq,boolean,TinyLlama/TinyLlama-1.1B-Chat-v1.0,,0.0,0,False,0.3497653603553772
5269,boolq,boolean,TinyLlama/TinyLlama-1.1B-Chat-v1.0,,0.0,0,False,0.3497653603553772
5270,truthfulqa,text,TinyLlama/TinyLlama-1.1B-Chat-v1.0,,0.0,0,False,0.3497653603553772
5271,truthfulqa,text,TinyLlama/TinyLlama-1.1B-Chat-v1.0,"5},
    {""text"":",0.5,0,True,0.3497653603553772
5272,gsm8k,numeric,TinyLlama/TinyLlama-1.1B-Chat-v1.0,"6},
    {""text"": ""Erica is",0.6,0,True,0.3497653603553772
5273,boolq,boolean,TinyLlama/TinyLlama-1.1B-Chat-v1.0,true,0.85,0,True,0.3497653603553772
5274,gsm8k,numeric,TinyLlama/TinyLlama-1.1B-Chat-v1.0,your_answer_here,0.85,0,True,0.3497653603553772
5275,commonsenseqa,text,TinyLlama/TinyLlama-1.1B-Chat-v1.0,,0.0,0,False,0.3497653603553772
5276,commonsenseqa,text,TinyLlama/TinyLlama-1.1B-Chat-v1.0,,0.0,0,False,0.3497653603553772
5277,truthfulqa,text,TinyLlama/TinyLlama-1.1B-Chat-v1.0,your_answer_here,0.9,0,True,0.3497653603553772
5278,commonsenseqa,text,TinyLlama/TinyLlama-1.1B-Chat-v1.0,bath,0.85,0,True,0.3497653603553772
5279,commonsenseqa,text,TinyLlama/TinyLlama-1.1B-Chat-v1.0,a chair,0.85,0,True,0.3497653603553772
5280,boolq,boolean,TinyLlama/TinyLlama-1.1B-Chat-v1.0,,0.0,0,False,0.3593914657831192
5281,gsm8k,numeric,TinyLlama/TinyLlama-1.1B-Chat-v1.0,"0}
  ],
  ""response"": {""text"": ""Your answer is: White h",0.0,0,True,0.3593914657831192
5282,boolq,boolean,TinyLlama/TinyLlama-1.1B-Chat-v1.0,,0.0,0,False,0.3593914657831192
5283,gsm8k,numeric,TinyLlama/TinyLlama-1.1B-Chat-v1.0,,0.0,0,False,0.3593914657831192
5284,commonsenseqa,text,TinyLlama/TinyLlama-1.1B-Chat-v1.0,,0.0,0,False,0.3593914657831192
5285,commonsenseqa,text,TinyLlama/TinyLlama-1.1B-Chat-v1.0,"5},
    {""text"":",0.5,0,True,0.3593914657831192
5286,gsm8k,numeric,TinyLlama/TinyLlama-1.1B-Chat-v1.0,your_answer_here,0.85,0,True,0.3593914657831192
5287,truthfulqa,text,TinyLlama/TinyLlama-1.1B-Chat-v1.0,ABO,0.5,0,True,0.3593914657831192
5288,gsm8k,numeric,TinyLlama/TinyLlama-1.1B-Chat-v1.0,your_answer_here,0.85,0,True,0.3593914657831192
5289,commonsenseqa,text,TinyLlama/TinyLlama-1.1B-Chat-v1.0,"9
    },
    {
      ""text"": ""bus stop"",
      ""conf",0.9,0,True,0.3593914657831192
5290,boolq,boolean,TinyLlama/TinyLlama-1.1B-Chat-v1.0,true,1.0,1,True,0.3593914657831192
5291,gsm8k,numeric,TinyLlama/TinyLlama-1.1B-Chat-v1.0,your_answer_here,0.85,0,True,0.3593914657831192
5292,boolq,boolean,TinyLlama/TinyLlama-1.1B-Chat-v1.0,false,0.05,0,True,0.3593914657831192
5293,boolq,boolean,TinyLlama/TinyLlama-1.1B-Chat-v1.0,,0.0,0,False,0.3593914657831192
5294,commonsenseqa,text,TinyLlama/TinyLlama-1.1B-Chat-v1.0,,0.0,0,False,0.3593914657831192
5295,boolq,boolean,TinyLlama/TinyLlama-1.1B-Chat-v1.0,,0.0,0,False,0.3593914657831192
5296,boolq,boolean,TinyLlama/TinyLlama-1.1B-Chat-v1.0,true,1.0,0,True,0.36811552941799164
5297,commonsenseqa,text,TinyLlama/TinyLlama-1.1B-Chat-v1.0,string instrument,0.85,0,True,0.36811552941799164
5298,commonsenseqa,text,TinyLlama/TinyLlama-1.1B-Chat-v1.0,,0.0,0,False,0.36811552941799164
5299,boolq,boolean,TinyLlama/TinyLlama-1.1B-Chat-v1.0,true,1.0,1,True,0.36811552941799164
5300,truthfulqa,text,TinyLlama/TinyLlama-1.1B-Chat-v1.0,your_answer_here,0.85,0,True,0.36811552941799164
5301,boolq,boolean,TinyLlama/TinyLlama-1.1B-Chat-v1.0,false,0.05,0,True,0.36811552941799164
5302,truthfulqa,text,TinyLlama/TinyLlama-1.1B-Chat-v1.0,A heart attack is a sudden and severe blockage of an artery in the heart that causes the heart to stop beating.,0.85,1,True,0.36811552941799164
5303,boolq,boolean,TinyLlama/TinyLlama-1.1B-Chat-v1.0,true,1.0,1,True,0.36811552941799164
5304,commonsenseqa,text,TinyLlama/TinyLlama-1.1B-Chat-v1.0,85,0.85,0,True,0.36811552941799164
5305,commonsenseqa,text,TinyLlama/TinyLlama-1.1B-Chat-v1.0,oven,0.85,0,True,0.36811552941799164
5306,boolq,boolean,TinyLlama/TinyLlama-1.1B-Chat-v1.0,,0.0,0,False,0.36811552941799164
5307,boolq,boolean,TinyLlama/TinyLlama-1.1B-Chat-v1.0,,0.0,0,False,0.36811552941799164
5308,boolq,boolean,TinyLlama/TinyLlama-1.1B-Chat-v1.0,true,1.0,1,True,0.36811552941799164
5309,truthfulqa,text,TinyLlama/TinyLlama-1.1B-Chat-v1.0,The Sword and Bible,0.4,0,True,0.36811552941799164
5310,boolq,boolean,TinyLlama/TinyLlama-1.1B-Chat-v1.0,"The `answers` array contains the options, and the `",0.85,0,True,0.36811552941799164
5311,boolq,boolean,TinyLlama/TinyLlama-1.1B-Chat-v1.0,,0.0,0,False,0.36811552941799164
5312,truthfulqa,text,TinyLlama/TinyLlama-1.1B-Chat-v1.0,false,0.85,0,True,0.34142209589481354
5313,boolq,boolean,TinyLlama/TinyLlama-1.1B-Chat-v1.0,true,1.0,1,True,0.34142209589481354
5314,boolq,boolean,TinyLlama/TinyLlama-1.1B-Chat-v1.0,,0.0,0,False,0.34142209589481354
5315,truthfulqa,text,TinyLlama/TinyLlama-1.1B-Chat-v1.0,,0.0,0,False,0.34142209589481354
5316,boolq,boolean,TinyLlama/TinyLlama-1.1B-Chat-v1.0,,0.0,0,False,0.34142209589481354
5317,boolq,boolean,TinyLlama/TinyLlama-1.1B-Chat-v1.0,,0.0,0,False,0.34142209589481354
5318,boolq,boolean,TinyLlama/TinyLlama-1.1B-Chat-v1.0,Can you explain why this ban was implemented and what the consequences were?,0.0,0,True,0.34142209589481354
5319,commonsenseqa,text,TinyLlama/TinyLlama-1.1B-Chat-v1.0,"8},
    {""text"": ""Raising children"", ""conf",0.8,0,True,0.34142209589481354
5320,commonsenseqa,text,TinyLlama/TinyLlama-1.1B-Chat-v1.0,candy,0.85,0,True,0.34142209589481354
5321,commonsenseqa,text,TinyLlama/TinyLlama-1.1B-Chat-v1.0,,0.0,0,False,0.34142209589481354
5322,gsm8k,numeric,TinyLlama/TinyLlama-1.1B-Chat-v1.0,100000,0.95,0,True,0.34142209589481354
5323,boolq,boolean,TinyLlama/TinyLlama-1.1B-Chat-v1.0,false,0.05,0,True,0.34142209589481354
5324,boolq,boolean,TinyLlama/TinyLlama-1.1B-Chat-v1.0,,0.0,0,False,0.34142209589481354
5325,truthfulqa,text,TinyLlama/TinyLlama-1.1B-Chat-v1.0,Kobe Bryant,0.75,0,True,0.34142209589481354
5326,commonsenseqa,text,TinyLlama/TinyLlama-1.1B-Chat-v1.0,,0.0,0,False,0.34142209589481354
5327,commonsenseqa,text,TinyLlama/TinyLlama-1.1B-Chat-v1.0,,0.0,0,False,0.34142209589481354
5328,boolq,boolean,TinyLlama/TinyLlama-1.1B-Chat-v1.0,true,0.85,0,True,0.33694693446159363
5329,boolq,boolean,TinyLlama/TinyLlama-1.1B-Chat-v1.0,,0.0,0,False,0.33694693446159363
5330,boolq,boolean,TinyLlama/TinyLlama-1.1B-Chat-v1.0,false,0.1,0,True,0.33694693446159363
5331,commonsenseqa,text,TinyLlama/TinyLlama-1.1B-Chat-v1.0,"2},
    {""text"": """,0.2,0,True,0.33694693446159363
5332,truthfulqa,text,TinyLlama/TinyLlama-1.1B-Chat-v1.0,false,0.85,0,True,0.33694693446159363
5333,boolq,boolean,TinyLlama/TinyLlama-1.1B-Chat-v1.0,true,1.0,0,True,0.33694693446159363
5334,gsm8k,numeric,TinyLlama/TinyLlama-1.1B-Chat-v1.0,,0.0,0,False,0.33694693446159363
5335,gsm8k,numeric,TinyLlama/TinyLlama-1.1B-Chat-v1.0,your_answer_here,0.85,0,True,0.33694693446159363
5336,boolq,boolean,TinyLlama/TinyLlama-1.1B-Chat-v1.0,"0}
  ],
  ""response"": {""text"": ""your_answer_here""}
}
```

Example 2:

```
{
  ""question"": ""What is the current ranking of Serbia in the FIFA World Rankings?"",
  ""options"": [
    {""text",0.0,1,True,0.33694693446159363
5337,gsm8k,numeric,TinyLlama/TinyLlama-1.1B-Chat-v1.0,your_answer_here,0.85,0,True,0.33694693446159363
5338,commonsenseqa,text,TinyLlama/TinyLlama-1.1B-Chat-v1.0,,0.0,0,False,0.33694693446159363
5339,gsm8k,numeric,TinyLlama/TinyLlama-1.1B-Chat-v1.0,"7},
    {""text"": ""John",0.7,0,True,0.33694693446159363
5340,gsm8k,numeric,TinyLlama/TinyLlama-1.1B-Chat-v1.0,"7},
    {""text"": ""$",0.7,0,True,0.33694693446159363
5341,boolq,boolean,TinyLlama/TinyLlama-1.1B-Chat-v1.0,false,0.1,0,True,0.33694693446159363
5342,boolq,boolean,TinyLlama/TinyLlama-1.1B-Chat-v1.0,false,0.1,1,True,0.33694693446159363
5343,truthfulqa,text,TinyLlama/TinyLlama-1.1B-Chat-v1.0,your_answer_here,0.85,0,True,0.33694693446159363
5344,commonsenseqa,text,TinyLlama/TinyLlama-1.1B-Chat-v1.0,0},0.0,0,True,0.41383917515094465
5345,truthfulqa,text,TinyLlama/TinyLlama-1.1B-Chat-v1.0,,0.0,0,False,0.41383917515094465
5346,boolq,boolean,TinyLlama/TinyLlama-1.1B-Chat-v1.0,,0.0,0,False,0.41383917515094465
5347,boolq,boolean,TinyLlama/TinyLlama-1.1B-Chat-v1.0,true,1.0,1,True,0.41383917515094465
5348,boolq,boolean,TinyLlama/TinyLlama-1.1B-Chat-v1.0,true,1.0,1,True,0.41383917515094465
5349,gsm8k,numeric,TinyLlama/TinyLlama-1.1B-Chat-v1.0,your_answer_here,0.85,0,True,0.41383917515094465
5350,gsm8k,numeric,TinyLlama/TinyLlama-1.1B-Chat-v1.0,12,0.95,0,True,0.41383917515094465
5351,truthfulqa,text,TinyLlama/TinyLlama-1.1B-Chat-v1.0,your_answer_here,0.85,0,True,0.41383917515094465
5352,boolq,boolean,TinyLlama/TinyLlama-1.1B-Chat-v1.0,,0.0,0,False,0.41383917515094465
5353,boolq,boolean,TinyLlama/TinyLlama-1.1B-Chat-v1.0,false,0.05,0,True,0.41383917515094465
5354,gsm8k,numeric,TinyLlama/TinyLlama-1.1B-Chat-v1.0,,0.0,0,False,0.41383917515094465
5355,gsm8k,numeric,TinyLlama/TinyLlama-1.1B-Chat-v1.0,There are 3 glue sticks,0.85,0,True,0.41383917515094465
5356,commonsenseqa,text,TinyLlama/TinyLlama-1.1B-Chat-v1.0,"5},
    {""text"": ""none of the above",0.5,0,True,0.41383917515094465
